; KSC 54-ft Barnes Divergence / Convergence
RefreshSeconds: 60
Threshold: 200
; Derived from KSC WINDS 54-ft average winds.
; Negative divergence = convergence (warm colors).
; Positive divergence = divergence (cool colors).
; Contour interval: 1 x 10^-4 s^-1.
; Warm contours = convergence; cool contours = divergence; white = zero.
; This is an objective-analysis visualization aid, not an official KSC/45 WS product.
; Stations used: 22
; Latest source observation: 2026-09-26 22:30Z
; Barnes length scale: 10 km; gamma=0.3
; Grid spacing: 0.5 km
; Tower-network hull buffer: 12 km
Color: 255 135 20
Line: 1, 0, "KSC 54-ft Barnes Wind Analysis\nConvergence: 5.0 x 10^-4 s^-1\nWarm colors = convergence\nDerived from KSC 54-ft tower winds"
28.4525756, -80.8612134
28.4528057, -80.8599338
28.4532659, -80.8573746
28.4537306, -80.8548155
28.4541998, -80.8522563
28.4545990, -80.8500849
28.4549282, -80.8483014
28.4552602, -80.8470219
28.4555948, -80.8462462
28.4562023, -80.8445788
28.4570828, -80.8420196
28.4579219, -80.8394604
28.4587195, -80.8369013
28.4592361, -80.8352422
28.4594717, -80.8344831
28.4599182, -80.8344831
28.4605758, -80.8352422
28.4615379, -80.8369013
28.4628045, -80.8394604
28.4635998, -80.8414329
28.4639240, -80.8428185
28.4641222, -80.8440981
28.4641944, -80.8452716
28.4643252, -80.8471380
28.4645146, -80.8496971
28.4646613, -80.8522563
28.4647653, -80.8548155
28.4648534, -80.8573746
28.4649255, -80.8599338
28.4649985, -80.8624930
28.4650726, -80.8650521
28.4651096, -80.8663317
End:
Color: 255 135 20
Line: 2, 0, "KSC 54-ft Barnes Wind Analysis\nConvergence: 4.0 x 10^-4 s^-1\nWarm colors = convergence\nDerived from KSC 54-ft tower winds"
28.2975315, -80.6257699
28.2975765, -80.6258146
28.2976665, -80.6259040
28.2988357, -80.6270343
28.3010840, -80.6292054
28.3023748, -80.6304403
28.3027082, -80.6307390
28.3038323, -80.6316960
28.3057473, -80.6333114
28.3071857, -80.6345910
28.3081475, -80.6355347
28.3092716, -80.6366094
28.3105581, -80.6378151
28.3119401, -80.6390947
28.3134175, -80.6404482
28.3145417, -80.6414609
28.3153125, -80.6421328
28.3167340, -80.6434123
28.3188059, -80.6452996
28.3199301, -80.6463197
28.3201064, -80.6464724
28.3213187, -80.6472903
28.3235671, -80.6487733
28.3254384, -80.6499765
28.3269329, -80.6508999
28.3280570, -80.6515700
28.3288109, -80.6519867
28.3296632, -80.6519867
28.3306139, -80.6515700
28.3307588, -80.6500820
28.3300976, -80.6475229
28.3296223, -80.6460374
28.3293326, -80.6456258
28.3284491, -80.6443462
28.3269717, -80.6421987
28.3258475, -80.6406220
28.3250766, -80.6396160
28.3241131, -80.6383364
28.3229570, -80.6367832
28.3218329, -80.6353381
28.3207407, -80.6340010
28.3196993, -80.6327215
28.3187087, -80.6314993
28.3175845, -80.6301736
28.3163268, -80.6287442
28.3152046, -80.6274646
28.3142177, -80.6263348
28.3130935, -80.6250514
28.3118321, -80.6236144
28.3107658, -80.6223348
28.3098946, -80.6212127
28.3087704, -80.6198834
28.3073933, -80.6183469
28.3067048, -80.6175787
End:
Color: 255 135 20
Line: 2, 0, "KSC 54-ft Barnes Wind Analysis\nConvergence: 4.0 x 10^-4 s^-1\nWarm colors = convergence\nDerived from KSC 54-ft tower winds"
28.4453074, -80.8663317
28.4455055, -80.8650962
28.4459016, -80.8626253
28.4461072, -80.8613457
28.4461224, -80.8612575
28.4463217, -80.8599338
28.4467051, -80.8573746
28.4470918, -80.8548155
28.4474818, -80.8522563
28.4478818, -80.8496971
28.4482919, -80.8471380
28.4487057, -80.8445788
28.4491232, -80.8420196
28.4495436, -80.8394604
28.4499669, -80.8369013
28.4502830, -80.8350044
28.4504918, -80.8337697
28.4507298, -80.8324902
28.4509970, -80.8311656
28.4514011, -80.8292238
28.4519421, -80.8266646
28.4524901, -80.8241054
28.4530451, -80.8215463
28.4536232, -80.8189871
28.4542245, -80.8164279
28.4546671, -80.8145686
28.4549509, -80.8134092
28.4553652, -80.8121296
28.4559100, -80.8107299
28.4566955, -80.8087504
28.4577216, -80.8061913
28.4585734, -80.8041690
28.4592508, -80.8026836
28.4607136, -80.8016578
28.4629619, -80.8010917
28.4645879, -80.8018344
28.4655917, -80.8038859
28.4665661, -80.8061913
28.4675112, -80.8087504
28.4681334, -80.8105424
28.4684329, -80.8115671
28.4687023, -80.8128467
28.4689417, -80.8143811
28.4692213, -80.8164279
28.4695412, -80.8189871
28.4698150, -80.8215463
28.4700428, -80.8241054
28.4702408, -80.8266646
28.4704093, -80.8292238
28.4705515, -80.8317829
28.4706674, -80.8343421
28.4707564, -80.8369013
28.4708184, -80.8394604
28.4708660, -80.8420196
28.4708990, -80.8445788
28.4709318, -80.8471380
28.4709645, -80.8496971
28.4709777, -80.8522563
28.4709715, -80.8548155
28.4709645, -80.8573746
28.4709567, -80.8599338
28.4709528, -80.8624930
28.4709528, -80.8650521
28.4709349, -80.8676113
28.4708993, -80.8701705
28.4708815, -80.8714500
End:
Color: 255 190 20
Line: 1, 0, "KSC 54-ft Barnes Wind Analysis\nConvergence: 3.0 x 10^-4 s^-1\nWarm colors = convergence\nDerived from KSC 54-ft tower winds"
28.2872332, -80.6308883
28.2876045, -80.6312600
28.2883471, -80.6320034
28.2896181, -80.6332830
28.2914175, -80.6350987
28.2925416, -80.6362322
28.2929905, -80.6366833
28.2942587, -80.6379629
28.2963462, -80.6400709
28.2974703, -80.6412059
28.2976312, -80.6413678
28.2988357, -80.6425083
28.3010840, -80.6446274
28.3023450, -80.6458260
28.3026186, -80.6461042
28.3037428, -80.6472285
28.3057174, -80.6491989
28.3070159, -80.6504785
28.3076383, -80.6510673
28.3087625, -80.6521355
28.3103884, -80.6536834
28.3117308, -80.6549629
28.3127896, -80.6559743
28.3139137, -80.6570402
28.3151032, -80.6581608
28.3164841, -80.6594404
28.3180562, -80.6608790
28.3191803, -80.6619045
28.3198565, -80.6625168
28.3212987, -80.6637964
28.3235068, -80.6657432
28.3246309, -80.6667341
28.3246711, -80.6667692
28.3258154, -80.6677239
28.3280637, -80.6695984
28.3295951, -80.6708604
28.3304095, -80.6715101
28.3315337, -80.6723950
28.3329675, -80.6735151
28.3346669, -80.6747947
28.3366317, -80.6762338
28.3377559, -80.6770547
28.3380393, -80.6772575
28.3393052, -80.6780618
28.3415535, -80.6794674
28.3435486, -80.6806456
28.3452905, -80.6815963
28.3464146, -80.6822043
28.3469210, -80.6824696
28.3482984, -80.6829967
28.3505467, -80.6837858
28.3527950, -80.6843319
28.3550433, -80.6846351
28.3572916, -80.6843854
28.3595399, -80.6835830
28.3608720, -80.6829042
28.3612877, -80.6823492
28.3615998, -80.6807920
28.3618080, -80.6782329
28.3616001, -80.6758009
28.3609761, -80.6734961
28.3606285, -80.6722165
28.3605574, -80.6719621
28.3598791, -80.6705554
28.3585937, -80.6679962
28.3575051, -80.6659578
28.3566133, -80.6644401
28.3558600, -80.6631606
28.3552451, -80.6621190
28.3541209, -80.6603604
28.3524875, -80.6578846
28.3516433, -80.6566050
28.3515883, -80.6565216
28.3506156, -80.6552004
28.3487253, -80.6526412
28.3476287, -80.6511678
28.3473257, -80.6507802
28.3463217, -80.6495006
28.3446167, -80.6473290
28.3434926, -80.6459121
28.3429493, -80.6452496
28.3418984, -80.6439701
28.3403400, -80.6420733
28.3392158, -80.6407205
28.3385260, -80.6399116
28.3374374, -80.6386320
28.3359501, -80.6368818
28.3348260, -80.6355733
28.3340649, -80.6347067
28.3329457, -80.6334271
28.3314682, -80.6317345
28.3303440, -80.6304599
28.3295732, -80.6296031
28.3284281, -80.6283235
28.3269087, -80.6266211
28.3257845, -80.6253731
28.3250556, -80.6245794
28.3238884, -80.6232998
28.3222829, -80.6215343
28.3211587, -80.6203162
28.3205160, -80.6196453
28.3192897, -80.6183658
28.3174798, -80.6164774
28.3163557, -80.6152991
28.3159172, -80.6148307
28.3147599, -80.6135511
28.3128837, -80.6114603
28.3117595, -80.6102186
28.3113874, -80.6098259
28.3112014, -80.6096296
End:
Color: 255 190 20
Line: 1, 0, "KSC 54-ft Barnes Wind Analysis\nConvergence: 3.0 x 10^-4 s^-1\nWarm colors = convergence\nDerived from KSC 54-ft tower winds"
28.4389336, -80.8714500
28.4391135, -80.8701705
28.4394735, -80.8676113
28.4398508, -80.8650521
28.4402454, -80.8624930
28.4406381, -80.8599338
28.4410288, -80.8573746
28.4413189, -80.8554786
28.4415083, -80.8542458
28.4416948, -80.8529662
28.4418784, -80.8516399
28.4421596, -80.8496971
28.4425385, -80.8471380
28.4429197, -80.8445788
28.4433034, -80.8420196
28.4437027, -80.8394604
28.4441177, -80.8369013
28.4445342, -80.8343421
28.4449522, -80.8317829
28.4453903, -80.8292238
28.4458484, -80.8266646
28.4460830, -80.8253553
28.4460941, -80.8252958
28.4463229, -80.8240162
28.4467693, -80.8215165
28.4472416, -80.8189871
28.4477398, -80.8164279
28.4482484, -80.8138688
28.4487675, -80.8113096
28.4493005, -80.8087504
28.4498472, -80.8061913
28.4502395, -80.8044109
28.4504773, -80.8034092
28.4508038, -80.8021296
28.4512188, -80.8005721
28.4518066, -80.7985138
28.4525670, -80.7959546
28.4533972, -80.7933954
28.4542970, -80.7908363
28.4548334, -80.7893448
28.4550064, -80.7889212
28.4558455, -80.7876416
28.4573509, -80.7855061
28.4584750, -80.7840295
28.4592180, -80.7832117
28.4607136, -80.7828412
28.4629619, -80.7829179
28.4644166, -80.7833268
28.4650778, -80.7840678
28.4662020, -80.7854289
28.4677891, -80.7874100
28.4687081, -80.7886896
28.4689589, -80.7892676
28.4695523, -80.7908363
28.4704883, -80.7933954
28.4713281, -80.7959546
28.4720717, -80.7985138
28.4726024, -80.8004814
28.4729203, -80.8018574
28.4731890, -80.8031370
28.4734084, -80.8043201
28.4736964, -80.8061913
28.4740530, -80.8087504
28.4743757, -80.8113096
28.4746647, -80.8138688
28.4749249, -80.8164279
28.4751565, -80.8189871
28.4753531, -80.8215463
28.4755149, -80.8241054
28.4756550, -80.8266646
28.4757736, -80.8292238
28.4758741, -80.8317829
28.4759565, -80.8343421
28.4760166, -80.8369013
28.4760545, -80.8394604
28.4760780, -80.8420196
28.4760872, -80.8445788
28.4761049, -80.8471380
28.4761312, -80.8496971
28.4761435, -80.8522563
28.4761419, -80.8548155
28.4761439, -80.8573746
28.4761496, -80.8599338
28.4761528, -80.8624930
28.4761533, -80.8650521
28.4761325, -80.8676113
28.4760905, -80.8701705
28.4760696, -80.8714500
End:
Color: 255 190 20
Line: 2, 0, "KSC 54-ft Barnes Wind Analysis\nConvergence: 2.0 x 10^-4 s^-1\nWarm colors = convergence\nDerived from KSC 54-ft tower winds"
28.2797251, -80.6390754
28.2802450, -80.6395878
28.2812847, -80.6406126
28.2824089, -80.6417210
28.2836174, -80.6429132
28.2849327, -80.6441928
28.2863547, -80.6455598
28.2874789, -80.6466416
28.2883052, -80.6474383
28.2896366, -80.6487179
28.2914732, -80.6504804
28.2925973, -80.6515609
28.2930091, -80.6519594
28.2943391, -80.6531640
28.2965874, -80.6551747
28.2977873, -80.6562550
28.2979386, -80.6564050
28.2990628, -80.6575260
28.3011597, -80.6596182
28.3024631, -80.6608978
28.3029729, -80.6613648
28.3040970, -80.6623946
28.3058355, -80.6639872
28.3072393, -80.6652668
28.3083085, -80.6662333
28.3094326, -80.6672491
28.3106118, -80.6683140
28.3120447, -80.6695936
28.3137312, -80.6710878
28.3148554, -80.6720832
28.3154171, -80.6725796
28.3168221, -80.6737804
28.3190704, -80.6756857
28.3202891, -80.6767171
28.3204782, -80.6768746
28.3216024, -80.6778067
28.3236616, -80.6795135
28.3252370, -80.6807931
28.3263285, -80.6816454
28.3274527, -80.6825206
28.3286094, -80.6834184
28.3303120, -80.6846728
28.3325603, -80.6862838
28.3337213, -80.6871145
28.3337950, -80.6871648
28.3349192, -80.6879235
28.3370938, -80.6893905
28.3391077, -80.6906700
28.3409611, -80.6917622
28.3420852, -80.6924233
28.3424802, -80.6926533
28.3438018, -80.6933438
28.3460501, -80.6944948
28.3482984, -80.6955270
28.3505467, -80.6964402
28.3521007, -80.6970293
28.3529603, -80.6972942
28.3540844, -80.6976357
28.3554731, -80.6980539
28.3572916, -80.6984607
28.3595399, -80.6988560
28.3617882, -80.6990666
28.3640365, -80.6990927
28.3662848, -80.6988613
28.3685331, -80.6983726
28.3699927, -80.6979529
28.3706636, -80.6976021
28.3717877, -80.6966472
28.3733652, -80.6950884
28.3744102, -80.6938088
28.3749228, -80.6928085
28.3752820, -80.6910287
28.3754878, -80.6884695
28.3753433, -80.6859104
28.3748483, -80.6833512
28.3744891, -80.6817789
28.3742656, -80.6811936
28.3737815, -80.6799140
28.3730368, -80.6779402
28.3720499, -80.6756737
28.3708208, -80.6731145
28.3700690, -80.6715968
28.3697945, -80.6711205
28.3690545, -80.6698409
28.3678491, -80.6677581
28.3667249, -80.6659016
28.3656821, -80.6642715
28.3648604, -80.6629919
28.3642597, -80.6620628
28.3631356, -80.6604186
28.3614879, -80.6580593
28.3605936, -80.6567797
28.3604527, -80.6565799
28.3594216, -80.6552004
28.3575003, -80.6526412
28.3564466, -80.6512436
28.3562605, -80.6510076
28.3552447, -80.6497280
28.3533992, -80.6474048
28.3522750, -80.6459985
28.3518722, -80.6455089
28.3508200, -80.6442294
28.3491184, -80.6421598
28.3479943, -80.6408025
28.3474476, -80.6401575
28.3463578, -80.6388779
28.3447250, -80.6369637
28.3436009, -80.6356554
28.3429854, -80.6349529
28.3418608, -80.6336733
28.3402271, -80.6318166
28.3391029, -80.6305475
28.3384883, -80.6298660
28.3373351, -80.6285864
28.3356433, -80.6267088
28.3345191, -80.6254682
28.3339627, -80.6248648
28.3327851, -80.6235853
28.3309865, -80.6216295
28.3298624, -80.6204126
28.3294127, -80.6199345
28.3282134, -80.6186549
28.3262647, -80.6165738
28.3251406, -80.6153769
28.3248410, -80.6150643
28.3235846, -80.6137847
28.3213713, -80.6115382
28.3202472, -80.6103971
28.3202121, -80.6103615
28.3190704, -80.6091501
28.3168221, -80.6067629
28.3156337, -80.6055011
28.3155051, -80.6053648
28.3154408, -80.6052966
End:
Color: 255 190 20
Line: 2, 0, "KSC 54-ft Barnes Wind Analysis\nConvergence: 2.0 x 10^-4 s^-1\nWarm colors = convergence\nDerived from KSC 54-ft tower winds"
28.4321579, -80.8714500
28.4322709, -80.8707409
28.4324968, -80.8693226
28.4326844, -80.8680430
28.4328335, -80.8669022
28.4330874, -80.8650521
28.4334462, -80.8624930
28.4338276, -80.8599338
28.4342316, -80.8573746
28.4346422, -80.8548155
28.4350594, -80.8522563
28.4354764, -80.8496971
28.4358929, -80.8471380
28.4363199, -80.8445788
28.4367572, -80.8420196
28.4370085, -80.8405668
28.4370738, -80.8402203
28.4372777, -80.8389407
28.4376203, -80.8367280
28.4379919, -80.8343421
28.4383925, -80.8317829
28.4388133, -80.8292238
28.4392542, -80.8266646
28.4397117, -80.8241054
28.4401857, -80.8215463
28.4406885, -80.8189871
28.4412202, -80.8164279
28.4415153, -80.8150094
28.4415738, -80.8147314
28.4418077, -80.8134518
28.4422172, -80.8111706
28.4426596, -80.8087504
28.4431348, -80.8061913
28.4436397, -80.8036321
28.4441743, -80.8010729
28.4447374, -80.7985138
28.4453289, -80.7959546
28.4457435, -80.7942013
28.4459809, -80.7932539
28.4462934, -80.7919743
28.4466809, -80.7903625
28.4472257, -80.7882771
28.4479278, -80.7857179
28.4487086, -80.7831588
28.4495683, -80.7805996
28.4501476, -80.7789452
28.4504467, -80.7781956
28.4510733, -80.7769160
28.4520275, -80.7751064
28.4531516, -80.7733233
28.4544458, -80.7715665
28.4560485, -80.7702870
28.4579598, -80.7694845
28.4590839, -80.7690307
28.4594209, -80.7689255
28.4597180, -80.7689255
28.4599752, -80.7690307
28.4610993, -80.7694622
28.4630905, -80.7702198
28.4649586, -80.7714994
28.4667036, -80.7733009
28.4678278, -80.7744680
28.4683310, -80.7750008
28.4691676, -80.7762803
28.4703375, -80.7783068
28.4714616, -80.7803765
28.4725401, -80.7824895
28.4731710, -80.7837691
28.4733545, -80.7842153
28.4738893, -80.7857179
28.4747754, -80.7882771
28.4755786, -80.7908363
28.4762991, -80.7933954
28.4768884, -80.7956929
28.4773467, -80.7977286
28.4776341, -80.7990082
28.4777507, -80.7995316
28.4780362, -80.8010729
28.4784907, -80.8036321
28.4788885, -80.8061913
28.4792296, -80.8087504
28.4795415, -80.8113096
28.4798243, -80.8138688
28.4800851, -80.8164279
28.4803239, -80.8189871
28.4805312, -80.8215463
28.4807071, -80.8241054
28.4808642, -80.8266646
28.4810027, -80.8292238
28.4811264, -80.8317829
28.4812353, -80.8343421
28.4813120, -80.8369013
28.4813566, -80.8394604
28.4814078, -80.8420196
28.4814656, -80.8445788
28.4815386, -80.8471380
28.4816266, -80.8496971
28.4816701, -80.8522563
28.4816692, -80.8548155
28.4816964, -80.8573746
28.4817517, -80.8599338
28.4817971, -80.8624930
28.4818324, -80.8650521
28.4818615, -80.8676113
28.4818842, -80.8701705
28.4818867, -80.8727296
28.4818690, -80.8752888
28.4818602, -80.8765684
End:
Color: 255 190 20
Line: 2, 0, "KSC 54-ft Barnes Wind Analysis\nConvergence: 2.0 x 10^-4 s^-1\nWarm colors = convergence\nDerived from KSC 54-ft tower winds"
28.6880024, -80.5489949
28.6877335, -80.5502745
28.6871957, -80.5528337
28.6865088, -80.5553928
28.6856729, -80.5579520
28.6850462, -80.5598987
28.6846286, -80.5612331
28.6842753, -80.5625127
28.6839861, -80.5637375
28.6835555, -80.5656295
28.6829835, -80.5681887
28.6824136, -80.5707478
28.6818458, -80.5733070
28.6812769, -80.5758662
28.6807068, -80.5784253
28.6802971, -80.5802997
28.6800479, -80.5814894
28.6798106, -80.5827690
28.6795854, -80.5841385
28.6792962, -80.5861028
28.6789428, -80.5886620
28.6786233, -80.5912212
28.6783376, -80.5937803
28.6780956, -80.5963395
28.6778973, -80.5988987
28.6777574, -80.6014578
28.6776759, -80.6040170
28.6776728, -80.6065762
28.6777484, -80.6091353
28.6779279, -80.6116945
28.6782116, -80.6142537
28.6786284, -80.6168129
28.6791783, -80.6193720
28.6795708, -80.6210199
28.6798058, -80.6217565
28.6810474, -80.6229891
28.6832957, -80.6247178
28.6855440, -80.6243734
28.6877923, -80.6219559
28.6889259, -80.6207233
28.6889449, -80.6206755
28.6894269, -80.6193720
28.6903720, -80.6168129
28.6913056, -80.6142537
28.6922278, -80.6116945
28.6928699, -80.6098958
28.6932320, -80.6088575
28.6935847, -80.6075779
28.6939279, -80.6060570
28.6944049, -80.6040170
28.6950156, -80.6014578
28.6956380, -80.5988987
28.6962720, -80.5963395
28.6969192, -80.5938007
28.6975795, -80.5912822
28.6979137, -80.5900026
28.6979218, -80.5899619
28.6981808, -80.5886620
28.6986909, -80.5861028
28.6992293, -80.5835437
28.6997960, -80.5809845
28.7003712, -80.5784253
28.7009548, -80.5758662
28.7015078, -80.5733070
28.7020299, -80.5707478
28.7023198, -80.5693537
28.7023775, -80.5691246
28.7026526, -80.5678450
28.7031453, -80.5655150
28.7037122, -80.5630703
28.7043533, -80.5605112
28.7049918, -80.5579520
28.7056276, -80.5553928
28.7059454, -80.5541132
End:
Color: 255 220 75
Line: 1, 0, "KSC 54-ft Barnes Wind Analysis\nConvergence: 1.0 x 10^-4 s^-1\nWarm colors = convergence\nDerived from KSC 54-ft tower winds"
28.2621614, -80.6513616
28.2631799, -80.6520683
28.2652168, -80.6534817
28.2668219, -80.6547613
28.2679951, -80.6559071
28.2691192, -80.6569985
28.2701944, -80.6580355
28.2715814, -80.6593151
28.2732804, -80.6608372
28.2744046, -80.6618453
28.2749539, -80.6623393
28.2763527, -80.6634841
28.2786010, -80.6652797
28.2798831, -80.6663123
28.2801989, -80.6665818
28.2813231, -80.6675217
28.2832555, -80.6691320
28.2847969, -80.6704116
28.2859472, -80.6713605
28.2870714, -80.6723009
28.2881694, -80.6732329
28.2898105, -80.6745125
28.2919950, -80.6761397
28.2931191, -80.6769771
28.2931830, -80.6770247
28.2943391, -80.6778891
28.2965874, -80.6795705
28.2982730, -80.6808263
28.2993959, -80.6816565
28.3005200, -80.6824854
28.3016454, -80.6833128
28.3033323, -80.6845030
28.3055806, -80.6860557
28.3068287, -80.6869216
28.3070764, -80.6871005
28.3082006, -80.6879097
28.3102011, -80.6893493
28.3120653, -80.6906288
28.3137932, -80.6917485
28.3149173, -80.6924763
28.3154378, -80.6928124
28.3168221, -80.6937168
28.3190704, -80.6951895
28.3208294, -80.6963011
28.3220989, -80.6970514
28.3232231, -80.6977141
28.3242018, -80.6982890
28.3258154, -80.6991951
28.3280637, -80.7004323
28.3299530, -80.7014245
28.3314835, -80.7021715
28.3326076, -80.7027188
28.3333255, -80.7030664
28.3348086, -80.7037437
28.3370569, -80.7047509
28.3393052, -80.7056666
28.3415535, -80.7064907
28.3432887, -80.7070929
28.3445107, -80.7074732
28.3456349, -80.7078226
28.3466611, -80.7081412
28.3482984, -80.7085858
28.3505467, -80.7091564
28.3527950, -80.7096387
28.3550433, -80.7100328
28.3572916, -80.7103534
28.3595399, -80.7106008
28.3617882, -80.7107702
28.3640365, -80.7108617
28.3662848, -80.7108571
28.3685331, -80.7107563
28.3707814, -80.7105383
28.3730297, -80.7102032
28.3752780, -80.7097041
28.3775264, -80.7090412
28.3791859, -80.7084481
28.3802566, -80.7079249
28.3813807, -80.7072348
28.3825583, -80.7063779
28.3838158, -80.7050983
28.3851531, -80.7033961
28.3861176, -80.7012654
28.3867094, -80.6987062
28.3868895, -80.6961471
28.3866581, -80.6935879
28.3862059, -80.6910287
28.3855329, -80.6884695
28.3847193, -80.6859104
28.3837649, -80.6833512
28.3832526, -80.6819975
28.3831823, -80.6818492
28.3825891, -80.6805696
28.3814732, -80.6781587
28.3803491, -80.6758797
28.3792167, -80.6737325
28.3785426, -80.6724529
28.3783267, -80.6720409
28.3774680, -80.6705554
28.3759665, -80.6679962
28.3749503, -80.6662986
28.3744194, -80.6654626
28.3736011, -80.6641831
28.3724956, -80.6624599
28.3713714, -80.6607636
28.3702287, -80.6590943
28.3693488, -80.6578147
28.3687319, -80.6569249
28.3676078, -80.6553638
28.3659764, -80.6531315
28.3650394, -80.6518519
28.3647969, -80.6515250
28.3636848, -80.6500820
28.3617032, -80.6475229
28.3607003, -80.6462282
28.3606761, -80.6461980
28.3596373, -80.6449184
28.3575839, -80.6423894
28.3564597, -80.6410088
28.3562649, -80.6407764
28.3551854, -80.6394968
28.3532212, -80.6371700
28.3520970, -80.6358430
28.3518129, -80.6355158
28.3506964, -80.6342362
28.3487474, -80.6320043
28.3476232, -80.6307212
28.3473239, -80.6303872
28.3461745, -80.6291076
28.3441750, -80.6268825
28.3430508, -80.6256348
28.3428020, -80.6253646
28.3416187, -80.6240850
28.3395008, -80.6217961
28.3383767, -80.6205828
28.3382463, -80.6204451
28.3370569, -80.6191880
28.3348086, -80.6168115
28.3336632, -80.6156007
28.3336209, -80.6155558
28.3324967, -80.6143880
28.3302908, -80.6120976
28.3290589, -80.6108180
28.3288011, -80.6105493
28.3276769, -80.6094203
28.3256864, -80.6074311
28.3244118, -80.6061515
28.3238529, -80.6055816
28.3227287, -80.6044384
28.3210393, -80.6027221
28.3197774, -80.6014425
28.3189429, -80.6005997
28.3178188, -80.5994814
28.3164049, -80.5980876
28.3156980, -80.5973907
End:
Color: 255 220 75
Line: 1, 0, "KSC 54-ft Barnes Wind Analysis\nConvergence: 1.0 x 10^-4 s^-1\nWarm colors = convergence\nDerived from KSC 54-ft tower winds"
28.4201361, -80.8765684
28.4203593, -80.8752888
28.4208057, -80.8727296
28.4212554, -80.8701705
28.4217083, -80.8676113
28.4221546, -80.8650521
28.4225943, -80.8624930
28.4230148, -80.8603465
28.4234160, -80.8586128
28.4236938, -80.8573332
28.4238482, -80.8565078
28.4241733, -80.8548155
28.4246692, -80.8522563
28.4251292, -80.8496971
28.4255534, -80.8471380
28.4259962, -80.8445788
28.4264577, -80.8420196
28.4269928, -80.8394604
28.4276018, -80.8369013
28.4279580, -80.8354078
28.4280615, -80.8349800
28.4283109, -80.8337004
28.4287062, -80.8315690
28.4291305, -80.8292238
28.4295837, -80.8266646
28.4300885, -80.8241054
28.4306449, -80.8215463
28.4312466, -80.8189871
28.4318937, -80.8164279
28.4323154, -80.8147583
28.4325117, -80.8139781
28.4327838, -80.8126986
28.4331317, -80.8109195
28.4335609, -80.8087504
28.4340712, -80.8061913
28.4346153, -80.8036321
28.4351931, -80.8010729
28.4357960, -80.7985138
28.4364239, -80.7959546
28.4368300, -80.7943146
28.4370143, -80.7935939
28.4372962, -80.7923143
28.4376758, -80.7904759
28.4381505, -80.7882771
28.4387203, -80.7857179
28.4393214, -80.7831588
28.4399539, -80.7805996
28.4406033, -80.7781234
28.4412698, -80.7757301
28.4416242, -80.7744505
28.4416665, -80.7742846
28.4420506, -80.7729221
28.4427766, -80.7703629
28.4436253, -80.7678038
28.4445969, -80.7652446
28.4453369, -80.7634564
28.4458454, -80.7624392
28.4466598, -80.7611596
28.4477802, -80.7596177
28.4489044, -80.7583482
28.4500323, -80.7573513
28.4517204, -80.7566030
28.4539687, -80.7561032
28.4562170, -80.7561812
28.4584653, -80.7568371
28.4601636, -80.7575855
28.4613120, -80.7584263
28.4624361, -80.7592041
28.4635361, -80.7599190
28.4649383, -80.7611985
28.4666428, -80.7630428
28.4677669, -80.7642505
28.4683107, -80.7648214
28.4692547, -80.7661010
28.4705986, -80.7680892
28.4717228, -80.7697903
28.4726271, -80.7712042
28.4733886, -80.7724838
28.4740074, -80.7736290
28.4749226, -80.7754813
28.4761343, -80.7780404
28.4769491, -80.7798350
28.4773670, -80.7808649
28.4778815, -80.7821445
28.4784927, -80.7836737
28.4792248, -80.7857179
28.4800779, -80.7882771
28.4808497, -80.7908363
28.4815403, -80.7933954
28.4819323, -80.7948848
28.4820258, -80.7953045
28.4823430, -80.7965841
28.4828839, -80.7987236
28.4834126, -80.8010729
28.4839290, -80.8036321
28.4843942, -80.8061913
28.4848081, -80.8087504
28.4851894, -80.8113096
28.4855382, -80.8138688
28.4858666, -80.8164279
28.4861748, -80.8189871
28.4863889, -80.8209422
28.4865090, -80.8222933
28.4866378, -80.8235729
28.4867751, -80.8247810
28.4869768, -80.8266646
28.4872428, -80.8292238
28.4874892, -80.8317829
28.4877162, -80.8343421
28.4879152, -80.8369013
28.4880862, -80.8394604
28.4882526, -80.8420196
28.4884143, -80.8445788
28.4885814, -80.8471380
28.4887540, -80.8496971
28.4889227, -80.8522563
28.4890876, -80.8548155
28.4892707, -80.8573746
28.4894719, -80.8599338
28.4896618, -80.8624930
28.4898402, -80.8650521
28.4899391, -80.8676113
28.4899584, -80.8701705
28.4900112, -80.8727296
28.4900975, -80.8752888
28.4902690, -80.8778480
28.4905256, -80.8804071
28.4906539, -80.8816867
End:
Color: 255 220 75
Line: 1, 0, "KSC 54-ft Barnes Wind Analysis\nConvergence: 1.0 x 10^-4 s^-1\nWarm colors = convergence\nDerived from KSC 54-ft tower winds"
28.6697068, -80.5285216
28.6693403, -80.5298011
28.6686072, -80.5323603
28.6678972, -80.5349195
28.6672102, -80.5374787
28.6667584, -80.5390572
28.6665417, -80.5396550
28.6660137, -80.5409346
28.6651741, -80.5428959
28.6643529, -80.5451562
28.6635500, -80.5477153
28.6628456, -80.5500506
28.6622397, -80.5521619
28.6618604, -80.5534415
28.6617076, -80.5538893
28.6612175, -80.5553928
28.6603899, -80.5579520
28.6596077, -80.5605112
28.6588708, -80.5630703
28.6582368, -80.5653697
28.6577057, -80.5674093
28.6573588, -80.5686889
28.6571960, -80.5692085
28.6567432, -80.5707478
28.6560004, -80.5733070
28.6553262, -80.5758662
28.6547207, -80.5784253
28.6541425, -80.5809845
28.6535917, -80.5835437
28.6532231, -80.5853117
28.6530368, -80.5862886
28.6527554, -80.5875682
28.6523789, -80.5891505
28.6519321, -80.5912212
28.6514152, -80.5937803
28.6509476, -80.5963395
28.6505295, -80.5988987
28.6501408, -80.6014578
28.6497815, -80.6040170
28.6494880, -80.6065762
28.6492601, -80.6091353
28.6490828, -80.6116945
28.6489560, -80.6142537
28.6488822, -80.6168129
28.6488615, -80.6193720
28.6488974, -80.6219312
28.6489899, -80.6244904
28.6491439, -80.6270495
28.6493593, -80.6296087
28.6496418, -80.6321679
28.6499914, -80.6347270
28.6504143, -80.6372862
28.6509104, -80.6398454
28.6514854, -80.6424045
28.6521394, -80.6449637
28.6525857, -80.6466196
28.6528243, -80.6473722
28.6531879, -80.6486518
28.6536765, -80.6504583
28.6543387, -80.6526412
28.6551745, -80.6552004
28.6560544, -80.6576903
28.6569783, -80.6601110
28.6574651, -80.6613905
28.6575150, -80.6615290
28.6580524, -80.6628779
28.6590773, -80.6654370
28.6601553, -80.6679962
28.6612864, -80.6705554
28.6618731, -80.6718809
28.6619156, -80.6719727
28.6625466, -80.6732523
28.6637661, -80.6757196
28.6648903, -80.6779463
28.6659190, -80.6799322
28.6666091, -80.6812118
28.6669604, -80.6817850
28.6679365, -80.6833512
28.6695374, -80.6859104
28.6704858, -80.6874423
28.6707820, -80.6879469
28.6716943, -80.6892265
28.6732227, -80.6912810
28.6743469, -80.6927682
28.6750667, -80.6936879
28.6763456, -80.6949674
28.6781837, -80.6966069
28.6793078, -80.6976119
28.6797181, -80.6979824
28.6810474, -80.6987695
28.6832957, -80.6999733
28.6855440, -80.7008471
28.6877923, -80.7013908
28.6900406, -80.7016282
28.6922889, -80.7015591
28.6945372, -80.7012347
28.6967855, -80.7006549
28.6990338, -80.6998247
28.7012821, -80.6987440
28.7027039, -80.6980094
28.7032993, -80.6976209
28.7044234, -80.6968283
28.7060764, -80.6956315
28.7076557, -80.6943519
28.7091614, -80.6929895
28.7102856, -80.6919113
28.7110282, -80.6911174
28.7121132, -80.6898378
28.7135407, -80.6880726
28.7146648, -80.6865449
28.7154857, -80.6852546
28.7162689, -80.6839751
28.7170144, -80.6827061
28.7179455, -80.6807920
28.7190620, -80.6782329
28.7198134, -80.6763256
28.7201996, -80.6750702
28.7205927, -80.6737906
28.7209927, -80.6724868
28.7214578, -80.6705554
28.7219878, -80.6679962
28.7224125, -80.6654370
28.7227318, -80.6628779
28.7229761, -80.6603187
28.7231454, -80.6577595
28.7232643, -80.6552004
28.7233327, -80.6526412
28.7233703, -80.6500820
28.7233770, -80.6475229
28.7233683, -80.6449637
28.7233441, -80.6424045
28.7233165, -80.6398454
28.7232854, -80.6372862
28.7232598, -80.6347270
28.7232398, -80.6321679
28.7232319, -80.6296087
28.7232362, -80.6270495
28.7232571, -80.6244904
28.7232946, -80.6219312
28.7233516, -80.6193720
28.7234281, -80.6168129
28.7235254, -80.6142537
28.7236436, -80.6116945
28.7237827, -80.6091353
28.7239429, -80.6065762
28.7240664, -80.6040170
28.7241532, -80.6014578
28.7243139, -80.5988987
28.7245484, -80.5963395
28.7247216, -80.5947292
28.7248334, -80.5940678
28.7250729, -80.5927882
28.7254402, -80.5908905
28.7258044, -80.5886620
28.7261656, -80.5861028
28.7265425, -80.5835437
28.7269349, -80.5809845
28.7273400, -80.5784253
28.7277575, -80.5758662
28.7281848, -80.5733070
28.7286217, -80.5707478
28.7289766, -80.5687090
28.7292495, -80.5671906
28.7294950, -80.5659110
28.7297133, -80.5648703
28.7301035, -80.5630703
28.7306656, -80.5605112
28.7309467, -80.5592316
End:
Color: 255 220 75
Line: 1, 0, "KSC 54-ft Barnes Wind Analysis\nConvergence: 1.0 x 10^-4 s^-1\nWarm colors = convergence\nDerived from KSC 54-ft tower winds"
28.5404689, -80.6363902
28.5405086, -80.6371574
28.5405851, -80.6384370
28.5406986, -80.6402290
28.5409431, -80.6424045
28.5413186, -80.6449637
28.5417974, -80.6475229
28.5423794, -80.6500820
28.5430652, -80.6526412
28.5438549, -80.6552004
28.5444435, -80.6569709
28.5448312, -80.6579527
28.5454387, -80.6592323
28.5462662, -80.6608096
28.5473903, -80.6627127
28.5488112, -80.6649416
28.5496755, -80.6662212
28.5499834, -80.6665515
28.5511075, -80.6676033
28.5530480, -80.6693766
28.5547338, -80.6706562
28.5561651, -80.6714420
28.5572892, -80.6720296
28.5581063, -80.6724189
28.5596390, -80.6727957
28.5618873, -80.6731599
28.5641356, -80.6731696
28.5663839, -80.6728246
28.5679584, -80.6724479
28.5688590, -80.6720393
28.5699832, -80.6714153
28.5713308, -80.6705759
28.5728941, -80.6692964
28.5746731, -80.6675765
28.5757972, -80.6664126
28.5762666, -80.6658047
28.5771419, -80.6645251
28.5784233, -80.6625739
28.5795475, -80.6606406
28.5805144, -80.6587252
28.5811549, -80.6574457
28.5814690, -80.6568019
28.5821263, -80.6552004
28.5831268, -80.6526412
28.5840225, -80.6500820
28.5848133, -80.6475229
28.5852801, -80.6459544
28.5854230, -80.6453767
28.5857576, -80.6440971
28.5862837, -80.6421157
28.5868147, -80.6398454
28.5873505, -80.6372862
28.5878250, -80.6347270
28.5882383, -80.6321679
28.5886015, -80.6296087
28.5889144, -80.6270495
28.5891878, -80.6244904
28.5894217, -80.6219312
28.5896263, -80.6193720
28.5898016, -80.6168129
28.5899148, -80.6150513
28.5899656, -80.6140873
28.5900383, -80.6128077
28.5901327, -80.6112125
28.5902405, -80.6091353
28.5903617, -80.6065762
28.5904744, -80.6040170
28.5905785, -80.6014578
28.5906776, -80.5988987
28.5907715, -80.5963395
28.5908591, -80.5937803
28.5909404, -80.5912212
28.5910075, -80.5886620
28.5910604, -80.5861028
28.5910782, -80.5835437
28.5910611, -80.5809845
28.5909573, -80.5784253
28.5907668, -80.5758662
28.5905014, -80.5738434
28.5901612, -80.5723569
28.5893987, -80.5710773
28.5882140, -80.5700046
28.5870898, -80.5693203
28.5860263, -80.5690245
28.5852455, -80.5690245
28.5847476, -80.5693203
28.5836235, -80.5698672
28.5818731, -80.5706652
28.5798737, -80.5718807
28.5776254, -80.5735137
28.5764382, -80.5743943
28.5763120, -80.5745225
28.5751878, -80.5755098
28.5730657, -80.5773562
28.5716603, -80.5786358
28.5709717, -80.5793485
28.5698475, -80.5804155
28.5682879, -80.5818366
28.5669751, -80.5831162
28.5659092, -80.5842542
28.5647850, -80.5853958
28.5636026, -80.5865408
28.5623821, -80.5878204
28.5611234, -80.5892345
28.5599993, -80.5904636
28.5590096, -80.5915075
28.5578983, -80.5927871
28.5566652, -80.5943023
28.5555410, -80.5956710
28.5545258, -80.5968932
28.5535392, -80.5981728
28.5525810, -80.5995098
28.5514569, -80.6011075
28.5501667, -80.6029660
28.5493119, -80.6042455
28.5488926, -80.6049462
28.5479942, -80.6065762
28.5466169, -80.6091353
28.5457024, -80.6109020
28.5452508, -80.6118762
28.5447150, -80.6131558
28.5440949, -80.6147408
28.5433972, -80.6168129
28.5426219, -80.6193720
28.5419648, -80.6219312
28.5414260, -80.6244904
28.5410072, -80.6270495
28.5407083, -80.6296087
28.5405513, -80.6311978
28.5405360, -80.6318168
28.5405086, -80.6330964
28.5404689, -80.6350365
28.5404689, -80.6363902
End:
Color: 245 245 245
Line: 2, 0, "KSC 54-ft Barnes Wind Analysis\nZero divergence contour\nDerived from KSC 54-ft tower winds"
28.2392557, -80.7598845
28.2403798, -80.7598094
28.2426281, -80.7596590
28.2448764, -80.7594996
28.2471247, -80.7593310
28.2493730, -80.7597201
28.2516213, -80.7606668
28.2538696, -80.7611738
28.2561179, -80.7612410
28.2583662, -80.7608117
28.2606145, -80.7598858
28.2620152, -80.7592788
28.2625681, -80.7589907
28.2636923, -80.7584254
28.2653876, -80.7575829
28.2673595, -80.7567755
28.2696078, -80.7560031
28.2718561, -80.7558615
28.2741044, -80.7563508
28.2763527, -80.7565604
28.2786010, -80.7564903
28.2806640, -80.7557735
28.2825416, -80.7544100
28.2836658, -80.7536053
28.2840364, -80.7533594
28.2853459, -80.7530031
28.2875942, -80.7525365
28.2898425, -80.7520405
28.2920908, -80.7515150
28.2943391, -80.7509332
28.2965874, -80.7502949
28.2985915, -80.7496343
28.3003514, -80.7489514
28.3014755, -80.7485054
28.3019640, -80.7482961
28.3033323, -80.7475553
28.3055806, -80.7462829
28.3077636, -80.7451080
28.3098812, -80.7440304
28.3110054, -80.7434622
28.3111360, -80.7434034
28.3123255, -80.7427528
28.3145738, -80.7415103
28.3168221, -80.7402918
28.3190704, -80.7390972
28.3202482, -80.7384683
28.3203553, -80.7384050
28.3214795, -80.7378435
28.3236206, -80.7367839
28.3258154, -80.7356881
28.3280637, -80.7345563
28.3295367, -80.7338065
28.3302345, -80.7334388
28.3313586, -80.7329283
28.3329091, -80.7322749
28.3348086, -80.7315043
28.3370569, -80.7306164
28.3393052, -80.7297781
28.3415535, -80.7289895
28.3430207, -80.7284806
28.3437069, -80.7282513
28.3448310, -80.7279364
28.3463932, -80.7275360
28.3482984, -80.7270801
28.3505467, -80.7265690
28.3527950, -80.7260946
28.3550433, -80.7256572
28.3572916, -80.7252543
28.3595399, -80.7248861
28.3617882, -80.7245464
28.3640365, -80.7242351
28.3662848, -80.7239437
28.3685331, -80.7236720
28.3707764, -80.7234067
28.3730145, -80.7231478
28.3741387, -80.7230178
28.3741488, -80.7230168
28.3752780, -80.7229028
28.3775264, -80.7226760
28.3797747, -80.7224408
28.3820230, -80.7221972
28.3842713, -80.7219253
28.3865196, -80.7216249
28.3887679, -80.7212566
28.3910162, -80.7208202
28.3932645, -80.7202418
28.3955128, -80.7195212
28.3972189, -80.7188456
28.3983829, -80.7182152
28.3995070, -80.7170880
28.4005914, -80.7154642
28.4012894, -80.7141846
28.4016012, -80.7132493
28.4016575, -80.7115021
28.4014585, -80.7089429
28.4013027, -80.7075009
28.4011899, -80.7071762
28.4008451, -80.7058966
28.4002683, -80.7036622
28.3995252, -80.7012654
28.3986158, -80.6987062
28.3977801, -80.6965347
28.3970180, -80.6947507
28.3964951, -80.6934711
28.3962115, -80.6926959
28.3955066, -80.6910287
28.3943805, -80.6884695
28.3933981, -80.6863244
28.3925596, -80.6845932
28.3919515, -80.6833136
28.3915739, -80.6824856
28.3907397, -80.6807920
28.3894489, -80.6782329
28.3885136, -80.6764174
28.3879337, -80.6753455
28.3872460, -80.6740660
28.3864507, -80.6725786
28.3853265, -80.6705716
28.3838736, -80.6680450
28.3831377, -80.6667654
28.3831190, -80.6667329
28.3823334, -80.6654370
28.3807811, -80.6628779
28.3796663, -80.6610708
28.3789891, -80.6600158
28.3781576, -80.6587362
28.3771717, -80.6572320
28.3760475, -80.6555657
28.3747851, -80.6537372
28.3738968, -80.6524576
28.3733825, -80.6517270
28.3722583, -80.6501845
28.3705243, -80.6478304
28.3695804, -80.6465508
28.3694267, -80.6463458
28.3683554, -80.6449637
28.3663665, -80.6424045
28.3653192, -80.6410593
28.3652135, -80.6409281
28.3641625, -80.6396486
28.3621662, -80.6372206
28.3610420, -80.6358587
28.3607901, -80.6355630
28.3596916, -80.6342834
28.3577468, -80.6320200
28.3566226, -80.6307174
28.3563192, -80.6303756
28.3551781, -80.6290960
28.3531995, -80.6268786
28.3520753, -80.6256235
28.3518057, -80.6253305
28.3506235, -80.6240509
28.3485289, -80.6217847
28.3474047, -80.6205705
28.3472511, -80.6204083
28.3460501, -80.6191458
28.3438018, -80.6167829
28.3426614, -80.6155844
28.3426290, -80.6155503
28.3415048, -80.6143982
28.3392890, -80.6121280
28.3380402, -80.6108484
28.3377586, -80.6105594
28.3366344, -80.6094310
28.3346678, -80.6074632
28.3333899, -80.6061836
28.3328008, -80.6055923
28.3316766, -80.6045010
28.3300174, -80.6029099
28.3286867, -80.6016303
28.3276845, -80.6006623
28.3265604, -80.5995648
28.3253143, -80.5983379
28.3240034, -80.5970583
28.3226278, -80.5957261
28.3215037, -80.5946570
28.3206310, -80.5938511
28.3201946, -80.5934482
End:
Color: 245 245 245
Line: 2, 0, "KSC 54-ft Barnes Wind Analysis\nZero divergence contour\nDerived from KSC 54-ft tower winds"
28.3930460, -80.8765684
28.3933727, -80.8752888
28.3940262, -80.8727296
28.3946360, -80.8701705
28.3952022, -80.8676113
28.3957622, -80.8650521
28.3963161, -80.8624930
28.3966040, -80.8611668
28.3966260, -80.8610736
28.3969260, -80.8597940
28.3975040, -80.8573280
28.3981574, -80.8548155
28.3988863, -80.8522563
28.3996259, -80.8496971
28.4003761, -80.8471380
28.4008468, -80.8454525
28.4010380, -80.8446407
28.4013347, -80.8433611
28.4017370, -80.8416137
28.4022410, -80.8394604
28.4028467, -80.8369013
28.4035015, -80.8343421
28.4042053, -80.8317829
28.4048254, -80.8295969
28.4053619, -80.8277839
28.4057398, -80.8265043
28.4059590, -80.8257581
28.4064506, -80.8241054
28.4072145, -80.8215463
28.4080269, -80.8189871
28.4088878, -80.8164279
28.4095204, -80.8145911
28.4099246, -80.8134767
28.4103746, -80.8121971
28.4108704, -80.8107524
28.4115450, -80.8087504
28.4123985, -80.8061913
28.4132748, -80.8036612
28.4141738, -80.8011602
28.4146329, -80.7998807
28.4146519, -80.7998225
28.4151048, -80.7985138
28.4159916, -80.7959546
28.4168987, -80.7933954
28.4178262, -80.7908363
28.4184974, -80.7889869
28.4189125, -80.7878475
28.4193490, -80.7865679
28.4198071, -80.7851482
28.4204449, -80.7831588
28.4212624, -80.7805996
28.4220605, -80.7780404
28.4228391, -80.7754813
28.4233255, -80.7738363
28.4235196, -80.7731056
28.4238203, -80.7718260
28.4242278, -80.7699976
28.4246686, -80.7678038
28.4251428, -80.7652446
28.4255561, -80.7626854
28.4259085, -80.7601262
28.4261938, -80.7575671
28.4264121, -80.7550079
28.4265795, -80.7524487
28.4266961, -80.7498896
28.4268263, -80.7473304
28.4269703, -80.7447712
28.4273100, -80.7423322
28.4278455, -80.7400133
28.4281573, -80.7387337
28.4282456, -80.7384934
28.4293698, -80.7376393
28.4315298, -80.7361712
28.4337340, -80.7353581
28.4359823, -80.7352001
28.4382306, -80.7353215
28.4404789, -80.7357224
28.4427272, -80.7362914
28.4449755, -80.7370287
28.4465688, -80.7376414
28.4475071, -80.7381293
28.4486312, -80.7386758
28.4499412, -80.7392807
28.4517204, -80.7402918
28.4539687, -80.7417089
28.4554006, -80.7426860
28.4560162, -80.7432231
28.4571404, -80.7441082
28.4587731, -80.7453414
28.4602303, -80.7466210
28.4615120, -80.7479470
28.4626362, -80.7490513
28.4636028, -80.7499339
28.4647665, -80.7512135
28.4661274, -80.7528901
28.4672516, -80.7542378
28.4681390, -80.7552567
28.4691186, -80.7565363
28.4701904, -80.7580765
28.4713146, -80.7596898
28.4724910, -80.7613759
28.4733481, -80.7626555
28.4738858, -80.7635285
28.4748989, -80.7652446
28.4763875, -80.7678038
28.4772429, -80.7692917
28.4774649, -80.7697084
28.4781400, -80.7709880
28.4792683, -80.7731304
28.4803924, -80.7754292
28.4815125, -80.7778842
28.4820989, -80.7791638
28.4821519, -80.7792679
28.4827384, -80.7805996
28.4838587, -80.7831588
28.4848843, -80.7857179
28.4858153, -80.7882771
28.4863529, -80.7897952
28.4864970, -80.7902722
28.4869582, -80.7915518
28.4877364, -80.7936340
28.4885215, -80.7959546
28.4893136, -80.7985138
28.4900394, -80.8010729
28.4906992, -80.8036321
28.4910383, -80.8049555
28.4910566, -80.8050430
28.4914031, -80.8063226
28.4920779, -80.8087942
28.4927379, -80.8113096
28.4933830, -80.8138688
28.4939863, -80.8164279
28.4945478, -80.8189871
28.4950120, -80.8212063
28.4953789, -80.8230854
28.4956508, -80.8243650
28.4958278, -80.8250450
28.4961960, -80.8266646
28.4967554, -80.8292238
28.4973029, -80.8317829
28.4978382, -80.8343421
28.4983168, -80.8369013
28.4987387, -80.8394604
28.4991561, -80.8420196
28.4995689, -80.8445788
28.4998463, -80.8462811
28.4999880, -80.8471265
28.5002457, -80.8484061
28.5006191, -80.8501198
28.5010874, -80.8522563
28.5016505, -80.8548155
28.5022703, -80.8573746
28.5029467, -80.8599338
28.5035951, -80.8624930
28.5042155, -80.8650521
28.5045331, -80.8663832
28.5045481, -80.8664860
28.5047754, -80.8677656
28.5052150, -80.8702219
28.5057452, -80.8727296
28.5063659, -80.8752888
28.5069530, -80.8778480
28.5075065, -80.8804071
28.5080764, -80.8829663
28.5086627, -80.8855255
28.5089558, -80.8868051
End:
Color: 245 245 245
Line: 2, 0, "KSC 54-ft Barnes Wind Analysis\nZero divergence contour\nDerived from KSC 54-ft tower winds"
28.5944877, -80.4801621
28.5941800, -80.4807357
28.5935647, -80.4818829
28.5925664, -80.4837361
28.5911850, -80.4862953
28.5903685, -80.4878372
28.5901169, -80.4883617
28.5895047, -80.4896413
28.5885318, -80.4916759
28.5874077, -80.4938898
28.5861322, -80.4962829
28.5854504, -80.4975624
28.5853622, -80.4977285
28.5845494, -80.4990911
28.5830121, -80.5016503
28.5819321, -80.5034958
28.5813093, -80.5046277
28.5806066, -80.5059073
28.5798241, -80.5073346
28.5787250, -80.5093278
28.5773095, -80.5118870
28.5765766, -80.5132113
28.5765264, -80.5133008
28.5758112, -80.5145804
28.5744310, -80.5170501
28.5733068, -80.5190529
28.5724387, -80.5205888
28.5717171, -80.5218684
28.5711421, -80.5228916
28.5701240, -80.5246828
28.5686630, -80.5272420
28.5678264, -80.5287046
28.5676141, -80.5290708
28.5668673, -80.5303504
28.5655858, -80.5325434
28.5644616, -80.5344622
28.5634948, -80.5361069
28.5627481, -80.5373864
28.5622213, -80.5383010
28.5611896, -80.5400378
28.5596529, -80.5425970
28.5587921, -80.5440268
28.5586073, -80.5443271
28.5578282, -80.5456067
28.5564550, -80.5478655
28.5553308, -80.5496965
28.5544558, -80.5510998
28.5536639, -80.5523794
28.5529553, -80.5535353
28.5518311, -80.5553377
28.5502914, -80.5577868
28.5494878, -80.5590663
28.5494202, -80.5591765
28.5485757, -80.5605112
28.5469543, -80.5630703
28.5458640, -80.5647821
28.5453047, -80.5656466
28.5444980, -80.5669262
28.5434440, -80.5686209
28.5423199, -80.5704206
28.5411255, -80.5723253
28.5403327, -80.5736049
28.5399413, -80.5742594
28.5389826, -80.5758662
28.5374566, -80.5784253
28.5365282, -80.5799866
28.5361973, -80.5805500
28.5354842, -80.5818296
28.5343890, -80.5838254
28.5332649, -80.5859403
28.5321117, -80.5881743
28.5314576, -80.5894539
28.5313024, -80.5897790
28.5306537, -80.5912212
28.5295114, -80.5937803
28.5284648, -80.5962880
28.5275140, -80.5987442
28.5270203, -80.6000238
28.5269837, -80.6001268
28.5265679, -80.6014578
28.5257729, -80.6040170
28.5250613, -80.6065762
28.5244331, -80.6091353
28.5238858, -80.6116945
28.5234195, -80.6142537
28.5230292, -80.6168129
28.5227149, -80.6193720
28.5225538, -80.6207072
28.5225459, -80.6208183
28.5224605, -80.6220978
28.5222977, -80.6245459
28.5221904, -80.6270495
28.5221387, -80.6296087
28.5221388, -80.6321679
28.5221905, -80.6347270
28.5222878, -80.6372862
28.5224308, -80.6398454
28.5225121, -80.6412363
28.5225320, -80.6414590
28.5226497, -80.6427386
28.5228652, -80.6450751
28.5231358, -80.6475229
28.5234615, -80.6500820
28.5238381, -80.6526412
28.5242655, -80.6552004
28.5247565, -80.6577595
28.5253110, -80.6603187
28.5259500, -80.6628779
28.5266734, -80.6654370
28.5270359, -80.6667190
28.5270377, -80.6667239
28.5275392, -80.6680034
28.5285405, -80.6705578
28.5296646, -80.6730401
28.5309117, -80.6754504
28.5315775, -80.6767299
28.5316623, -80.6768788
28.5326393, -80.6782329
28.5345087, -80.6807920
28.5355905, -80.6822289
28.5358847, -80.6825433
28.5371559, -80.6837929
28.5394042, -80.6859778
28.5405629, -80.6871001
28.5406319, -80.6871600
28.5417560, -80.6879595
28.5439353, -80.6894985
28.5458257, -80.6907781
28.5474270, -80.6917982
28.5485512, -80.6924794
28.5491981, -80.6928216
28.5506458, -80.6935227
28.5528941, -80.6945826
28.5551424, -80.6955939
28.5573907, -80.6965567
28.5587808, -80.6971352
28.5593128, -80.6973295
28.5604370, -80.6976974
28.5621533, -80.6982388
28.5641356, -80.6988177
28.5663839, -80.6994339
28.5686322, -80.7000084
28.5708805, -80.7005410
28.5731288, -80.7010265
28.5753771, -80.7014649
28.5776254, -80.7018463
28.5798737, -80.7021708
28.5816725, -80.7023860
28.5830218, -80.7024920
28.5841459, -80.7025772
28.5850450, -80.7026416
28.5866186, -80.7026817
28.5888669, -80.7026975
28.5907028, -80.7026653
28.5921262, -80.7025851
28.5932504, -80.7025132
28.5940753, -80.7024497
28.5956118, -80.7022533
28.5978601, -80.7019239
28.6001084, -80.7015266
28.6023568, -80.7010615
28.6046051, -80.7005572
28.6068534, -80.7000135
28.6091017, -80.6994686
28.6113500, -80.6989223
28.6135983, -80.6984229
28.6158466, -80.6979704
28.6177764, -80.6976648
28.6193877, -80.6975060
28.6205119, -80.6973911
28.6211488, -80.6973201
28.6219347, -80.6973201
28.6228693, -80.6973911
28.6239935, -80.6974826
28.6253071, -80.6975944
28.6270881, -80.6980836
28.6293364, -80.6989503
28.6314104, -80.7001739
28.6333100, -80.7017546
28.6344341, -80.7027345
28.6347828, -80.7031137
28.6356253, -80.7043933
28.6369617, -80.7065733
28.6380858, -80.7087364
28.6389978, -80.7108825
28.6395247, -80.7121620
28.6396667, -80.7125751
28.6400709, -80.7140612
28.6407373, -80.7166204
28.6413096, -80.7191796
28.6417876, -80.7217387
28.6421774, -80.7242979
28.6424789, -80.7268571
28.6427568, -80.7294162
28.6430111, -80.7319754
28.6432584, -80.7345346
28.6434988, -80.7370937
28.6437019, -80.7393051
28.6438675, -80.7411686
28.6439825, -80.7424482
28.6440468, -80.7431438
28.6442465, -80.7447712
28.6445816, -80.7473304
28.6449657, -80.7498896
28.6453989, -80.7524487
28.6458756, -80.7550079
28.6463959, -80.7575671
28.6469810, -80.7601262
28.6476308, -80.7626854
28.6480785, -80.7644238
28.6483242, -80.7653415
28.6487003, -80.7666211
28.6492069, -80.7682626
28.6499044, -80.7703629
28.6507929, -80.7729221
28.6516638, -80.7754036
28.6525170, -80.7778075
28.6529731, -80.7790871
28.6530322, -80.7792424
28.6535470, -80.7805996
28.6545176, -80.7831588
28.6554916, -80.7857179
28.6564690, -80.7882771
28.6570783, -80.7898675
28.6573196, -80.7904890
28.6578651, -80.7917686
28.6587150, -80.7937062
28.6596716, -80.7959546
28.6607349, -80.7985138
28.6614341, -80.8002269
28.6617692, -80.8010941
28.6622878, -80.8023736
28.6629899, -80.8040657
28.6638364, -80.8061913
28.6648275, -80.8087504
28.6656006, -80.8107568
28.6661558, -80.8122104
28.6666643, -80.8134900
28.6671260, -80.8145956
28.6678246, -80.8164279
28.6687598, -80.8189871
28.6696403, -80.8215463
28.6704661, -80.8241054
28.6708918, -80.8254219
28.6709173, -80.8254956
28.6713808, -80.8267752
28.6722823, -80.8292606
28.6731321, -80.8317829
28.6739302, -80.8343421
28.6746036, -80.8365454
28.6751523, -80.8383927
28.6755446, -80.8396723
28.6757806, -80.8403841
28.6763035, -80.8420196
28.6771133, -80.8445788
28.6778967, -80.8471380
28.6786537, -80.8496971
28.6792549, -80.8517584
28.6797005, -80.8533219
28.6800762, -80.8546015
28.6803822, -80.8555972
28.6805352, -80.8560950
End:
Color: 155 240 235
Line: 1, 0, "KSC 54-ft Barnes Wind Analysis\nDivergence: 1.0 x 10^-4 s^-1\nCool colors = divergence\nDerived from KSC 54-ft tower winds"
28.3102333, -80.8407400
28.3104753, -80.8401561
28.3109594, -80.8389884
28.3114740, -80.8377088
28.3120192, -80.8363174
28.3128809, -80.8343421
28.3140589, -80.8317829
28.3149105, -80.8299517
28.3154355, -80.8288485
28.3159717, -80.8275689
28.3165190, -80.8261130
28.3172457, -80.8241054
28.3181518, -80.8215463
28.3190023, -80.8193434
28.3197972, -80.8174970
28.3203534, -80.8162174
28.3206710, -80.8155047
28.3214120, -80.8138688
28.3225767, -80.8113096
28.3235420, -80.8092287
28.3243082, -80.8076259
28.3249225, -80.8063464
28.3253852, -80.8053899
28.3262136, -80.8036321
28.3274079, -80.8010729
28.3283007, -80.7991892
28.3288921, -80.7979808
28.3295115, -80.7967012
28.3301590, -80.7953504
28.3311208, -80.7933954
28.3323969, -80.7908363
28.3331974, -80.7892417
28.3335221, -80.7886118
28.3341686, -80.7873323
28.3351369, -80.7854030
28.3362610, -80.7832896
28.3375410, -80.7809921
28.3382544, -80.7797125
28.3384012, -80.7794508
28.3391393, -80.7780404
28.3404689, -80.7754813
28.3415196, -80.7735505
28.3422916, -80.7722481
28.3430556, -80.7709685
28.3438114, -80.7697117
28.3449356, -80.7679144
28.3464280, -80.7655765
28.3472476, -80.7642969
28.3473943, -80.7640756
28.3483764, -80.7626854
28.3501938, -80.7601262
28.3512446, -80.7586653
28.3515288, -80.7583026
28.3526216, -80.7570230
28.3545229, -80.7548265
28.3556471, -80.7535519
28.3559940, -80.7531990
28.3572916, -80.7520459
28.3595399, -80.7500927
28.3608547, -80.7489896
28.3612360, -80.7487365
28.3623601, -80.7480831
28.3642272, -80.7470293
28.3662848, -80.7460950
28.3685331, -80.7452801
28.3707814, -80.7447422
28.3730297, -80.7444812
28.3752780, -80.7445796
28.3775264, -80.7450375
28.3797747, -80.7459732
28.3820230, -80.7473867
28.3832733, -80.7482226
28.3835256, -80.7484809
28.3843188, -80.7498896
28.3856531, -80.7524487
28.3865380, -80.7550079
28.3869735, -80.7575671
28.3871976, -80.7601262
28.3872105, -80.7626854
28.3871014, -80.7652446
28.3868703, -80.7678038
28.3865592, -80.7703629
28.3861679, -80.7729221
28.3857247, -80.7754813
28.3852297, -80.7780404
28.3847033, -80.7805996
28.3841456, -80.7831588
28.3836868, -80.7852061
28.3833270, -80.7867417
28.3830294, -80.7880213
28.3827940, -80.7890449
28.3824059, -80.7908363
28.3818651, -80.7933954
28.3812709, -80.7959546
28.3806231, -80.7985138
28.3799835, -80.8010729
28.3793521, -80.8036321
28.3789400, -80.8053088
28.3787470, -80.8061030
28.3784406, -80.8073826
28.3780209, -80.8091475
28.3775018, -80.8113096
28.3768834, -80.8138688
28.3762643, -80.8164279
28.3756447, -80.8189871
28.3750396, -80.8214733
28.3744491, -80.8238865
28.3741362, -80.8251661
28.3741008, -80.8253121
28.3737717, -80.8266646
28.3731489, -80.8292238
28.3725567, -80.8317829
28.3719950, -80.8343421
28.3714173, -80.8369013
28.3708237, -80.8394604
28.3703095, -80.8414840
28.3698747, -80.8429718
28.3694986, -80.8442514
28.3691812, -80.8453227
28.3686942, -80.8471380
28.3680375, -80.8496971
28.3674089, -80.8522563
28.3668084, -80.8548155
28.3661999, -80.8573746
28.3655834, -80.8599338
28.3652465, -80.8613587
28.3651893, -80.8616493
28.3651607, -80.8617945
End:
Color: 155 240 235
Line: 1, 0, "KSC 54-ft Barnes Wind Analysis\nDivergence: 1.0 x 10^-4 s^-1\nCool colors = divergence\nDerived from KSC 54-ft tower winds"
28.3204071, -80.5848233
28.3214781, -80.5857847
28.3236202, -80.5877077
28.3250525, -80.5889873
28.3257750, -80.5896235
28.3268991, -80.5906438
28.3284249, -80.5920482
28.3298019, -80.5933278
28.3310301, -80.5944826
28.3321542, -80.5955278
28.3331744, -80.5964634
28.3345733, -80.5977430
28.3363510, -80.5993665
28.3374752, -80.6004035
28.3379457, -80.6008540
28.3392840, -80.6021335
28.3414901, -80.6042422
28.3426142, -80.6053174
28.3426565, -80.6053589
28.3438018, -80.6064742
28.3460501, -80.6086633
28.3473415, -80.6099222
28.3476760, -80.6102507
28.3488002, -80.6113835
28.3507140, -80.6133207
28.3519777, -80.6146003
28.3525913, -80.6152223
28.3537155, -80.6163859
28.3553501, -80.6180912
28.3565776, -80.6193708
28.3573980, -80.6202247
28.3585222, -80.6214253
28.3599501, -80.6229726
28.3611287, -80.6242521
28.3620579, -80.6252640
28.3631821, -80.6265170
28.3645012, -80.6280111
28.3656227, -80.6292907
28.3665467, -80.6303557
28.3676708, -80.6316855
28.3689951, -80.6332800
28.3700501, -80.6345595
28.3708358, -80.6355243
28.3719599, -80.6369490
28.3734226, -80.6388337
28.3744107, -80.6401133
28.3749244, -80.6407877
28.3760485, -80.6423228
28.3777832, -80.6447185
28.3787082, -80.6459981
28.3788237, -80.6461616
28.3797474, -80.6475229
28.3814793, -80.6500820
28.3825458, -80.6516728
28.3829467, -80.6522950
28.3837554, -80.6535746
28.3849721, -80.6555115
28.3860963, -80.6573474
28.3871279, -80.6590824
28.3878837, -80.6603619
28.3883636, -80.6611862
28.3893230, -80.6628779
28.3907618, -80.6654370
28.3916460, -80.6670178
28.3919755, -80.6676202
28.3926746, -80.6688998
28.3937430, -80.6708566
28.3948672, -80.6729470
28.3960470, -80.6751710
28.3967280, -80.6764506
28.3969101, -80.6767857
28.3977009, -80.6782329
28.3991002, -80.6807920
28.4001333, -80.6826824
28.4008001, -80.6839038
28.4015299, -80.6851834
28.4023227, -80.6865211
28.4034469, -80.6883810
28.4049024, -80.6907630
28.4056914, -80.6920426
28.4058140, -80.6922197
28.4067926, -80.6935879
28.4086274, -80.6961471
28.4096903, -80.6976255
28.4099813, -80.6980231
28.4111165, -80.6993027
28.4130961, -80.7014642
28.4142203, -80.7026894
28.4144890, -80.7029781
28.4157475, -80.7040741
28.4179958, -80.7059773
28.4193903, -80.7071125
28.4199309, -80.7074797
28.4210551, -80.7082521
28.4227628, -80.7094298
28.4247407, -80.7106357
28.4269890, -80.7118699
28.4282577, -80.7125606
28.4285467, -80.7127080
28.4296709, -80.7133077
28.4316302, -80.7143600
28.4337340, -80.7154451
28.4359823, -80.7165630
28.4374782, -80.7173165
28.4382219, -80.7177055
28.4393461, -80.7183186
28.4408507, -80.7191558
28.4427272, -80.7202464
28.4449755, -80.7215903
28.4463732, -80.7224513
28.4469203, -80.7228293
28.4480445, -80.7236300
28.4497457, -80.7248532
28.4513889, -80.7261328
28.4529743, -80.7274687
28.4540984, -80.7284167
28.4547614, -80.7289769
28.4560579, -80.7302565
28.4579881, -80.7322555
28.4591123, -80.7334128
28.4594304, -80.7337283
28.4604929, -80.7350079
28.4622997, -80.7372515
28.4634238, -80.7386283
28.4638653, -80.7391381
28.4648054, -80.7404177
28.4662440, -80.7424670
28.4673681, -80.7440324
28.4681778, -80.7451138
28.4690503, -80.7463933
28.4699857, -80.7478711
28.4711098, -80.7496011
28.4724228, -80.7515834
28.4732522, -80.7528630
28.4735979, -80.7534399
28.4745554, -80.7550079
28.4761245, -80.7575671
28.4770758, -80.7591219
28.4774092, -80.7596724
28.4781809, -80.7609520
28.4793909, -80.7629607
28.4805150, -80.7648880
28.4815533, -80.7667339
28.4822939, -80.7680135
28.4827366, -80.7687267
28.4836824, -80.7703629
28.4851313, -80.7729221
28.4860341, -80.7745596
28.4863907, -80.7752754
28.4871276, -80.7765549
28.4882446, -80.7783983
28.4893687, -80.7804102
28.4905000, -80.7825905
28.4911932, -80.7838701
28.4914483, -80.7842489
28.4923100, -80.7857179
28.4937781, -80.7882771
28.4947747, -80.7901019
28.4952998, -80.7911925
28.4960383, -80.7924720
28.4969903, -80.7939407
28.4981145, -80.7958701
28.4994108, -80.7982602
28.5001208, -80.7995398
28.5002446, -80.7997088
28.5010719, -80.8010729
28.5026028, -80.8036321
28.5036650, -80.8054763
28.5042587, -80.8066056
28.5050486, -80.8078852
28.5060346, -80.8093151
28.5071588, -80.8110741
28.5084210, -80.8131623
28.5092306, -80.8144418
28.5095874, -80.8149129
28.5105645, -80.8164279
28.5121617, -80.8189871
28.5131074, -80.8205360
28.5134016, -80.8210748
28.5142024, -80.8223544
28.5155098, -80.8243748
28.5166339, -80.8262109
28.5175749, -80.8278625
28.5183202, -80.8291421
28.5188700, -80.8300496
28.5198249, -80.8317829
28.5211848, -80.8343421
28.5220341, -80.8359054
28.5223727, -80.8364729
28.5231771, -80.8377525
28.5244475, -80.8397442
28.5255614, -80.8420196
28.5265189, -80.8445788
28.5270079, -80.8458787
28.5270284, -80.8459194
28.5276966, -80.8471990
28.5290127, -80.8497175
28.5301368, -80.8517273
28.5310691, -80.8532285
28.5318654, -80.8545081
28.5325259, -80.8555661
28.5332588, -80.8573746
28.5340641, -80.8599338
28.5348580, -80.8621959
28.5356405, -80.8641610
28.5361632, -80.8654406
28.5364259, -80.8660347
28.5373073, -80.8676113
28.5388073, -80.8701705
28.5398000, -80.8720796
28.5402856, -80.8733386
28.5407736, -80.8746182
28.5412639, -80.8759183
28.5419789, -80.8778480
28.5429186, -80.8804071
28.5434576, -80.8829663
28.5435959, -80.8855255
28.5436651, -80.8868051
End:
Color: 155 240 235
Line: 1, 0, "KSC 54-ft Barnes Wind Analysis\nDivergence: 1.0 x 10^-4 s^-1\nCool colors = divergence\nDerived from KSC 54-ft tower winds"
28.3516709, -80.5150424
28.3527950, -80.5155704
28.3550433, -80.5166265
28.3568721, -80.5174372
28.3582813, -80.5180023
28.3594054, -80.5184398
28.3602445, -80.5187497
28.3617882, -80.5192992
28.3640365, -80.5200884
28.3662848, -80.5208376
28.3685331, -80.5215466
28.3707066, -80.5222766
28.3728051, -80.5230277
28.3739293, -80.5234287
28.3740790, -80.5234795
28.3752780, -80.5238594
28.3775264, -80.5245682
28.3797747, -80.5252370
28.3820230, -80.5258658
28.3842713, -80.5264482
28.3865196, -80.5269840
28.3887679, -80.5274333
28.3910162, -80.5277961
28.3929025, -80.5281135
28.3944270, -80.5283856
28.3955511, -80.5285851
28.3962750, -80.5287123
28.3977611, -80.5289099
28.4000094, -80.5291780
28.4022577, -80.5294690
28.4045060, -80.5297828
28.4067543, -80.5299571
28.4090026, -80.5299921
28.4112509, -80.5299439
28.4134992, -80.5298127
28.4157475, -80.5295812
28.4179958, -80.5292495
28.4196871, -80.5289431
28.4208214, -80.5286621
28.4219455, -80.5283626
28.4230596, -80.5280448
28.4247407, -80.5274188
28.4269890, -80.5264847
28.4292310, -80.5253641
28.4314665, -80.5240568
28.4325907, -80.5233991
28.4326034, -80.5233907
28.4337340, -80.5224412
28.4359823, -80.5205506
28.4374143, -80.5192752
28.4380300, -80.5186150
28.4391541, -80.5173216
28.4407867, -80.5153952
28.4418207, -80.5141156
28.4422560, -80.5134829
28.4432827, -80.5118870
28.4449006, -80.5093278
28.4458071, -80.5078837
28.4460021, -80.5075547
28.4466131, -80.5062751
28.4476402, -80.5040450
28.4487643, -80.5016721
28.4499856, -80.4991565
28.4506053, -80.4978769
28.4506234, -80.4978333
28.4512085, -80.4965320
28.4523606, -80.4939728
28.4534477, -80.4914136
28.4544700, -80.4888545
28.4550090, -80.4875013
28.4550649, -80.4873540
28.4555012, -80.4860744
28.4563180, -80.4836625
28.4571765, -80.4811770
28.4580768, -80.4786178
28.4587926, -80.4766385
28.4593238, -80.4752390
28.4597895, -80.4739594
28.4601895, -80.4727997
28.4608232, -80.4709403
28.4616906, -80.4683811
28.4625819, -80.4658220
28.4634973, -80.4632628
28.4639877, -80.4618932
28.4640533, -80.4617133
28.4644791, -80.4604338
28.4652652, -80.4580545
28.4661071, -80.4555853
28.4670048, -80.4530261
28.4677359, -80.4509776
28.4683004, -80.4494398
28.4687543, -80.4481602
28.4690974, -80.4471389
28.4697151, -80.4453486
28.4706072, -80.4427894
28.4715288, -80.4402303
28.4724797, -80.4376711
28.4729862, -80.4362963
28.4730482, -80.4361059
28.4734346, -80.4348263
28.4741452, -80.4324576
28.4749560, -80.4299936
28.4758672, -80.4274344
28.4766360, -80.4254502
28.4772626, -80.4240410
28.4778175, -80.4227614
28.4783006, -80.4216115
28.4790444, -80.4197569
28.4800488, -80.4171978
28.4805509, -80.4159182
End:
Color: 155 240 235
Line: 1, 0, "KSC 54-ft Barnes Wind Analysis\nDivergence: 1.0 x 10^-4 s^-1\nCool colors = divergence\nDerived from KSC 54-ft tower winds"
28.5686740, -80.4671015
28.5683825, -80.4676586
28.5677995, -80.4687728
28.5671426, -80.4700523
28.5664117, -80.4714974
28.5653823, -80.4734995
28.5640543, -80.4760586
28.5632956, -80.4775116
28.5631061, -80.4778583
28.5624253, -80.4791379
28.5612531, -80.4813503
28.5601289, -80.4835278
28.5590529, -80.4856702
28.5584122, -80.4869497
28.5582070, -80.4873665
28.5574552, -80.4888545
28.5561569, -80.4914136
28.5551354, -80.4933456
28.5543906, -80.4946505
28.5536711, -80.4959301
28.5529767, -80.4971844
28.5519366, -80.4990911
28.5505506, -80.5016503
28.5497736, -80.5030831
28.5496056, -80.5033895
28.5489157, -80.5046691
28.5477038, -80.5069218
28.5465797, -80.5089854
28.5455432, -80.5108596
28.5448385, -80.5121392
28.5444656, -80.5128241
28.5435652, -80.5144461
28.5421373, -80.5170053
28.5411996, -80.5186934
28.5407521, -80.5195103
28.5400554, -80.5207899
28.5391095, -80.5225321
28.5379854, -80.5245651
28.5366830, -80.5268888
28.5359657, -80.5281684
28.5358334, -80.5284038
28.5350535, -80.5298011
28.5336259, -80.5323603
28.5325679, -80.5342530
28.5318794, -80.5354791
28.5311580, -80.5367587
28.5304036, -80.5380917
28.5293052, -80.5400378
28.5278628, -80.5425970
28.5271158, -80.5439232
28.5270643, -80.5440166
28.5263551, -80.5452962
28.5249882, -80.5477620
28.5238640, -80.5498084
28.5229826, -80.5514355
28.5222860, -80.5527151
28.5217741, -80.5536472
28.5208506, -80.5553928
28.5195155, -80.5579520
28.5186473, -80.5596394
28.5182460, -80.5604550
28.5176141, -80.5617346
28.5167516, -80.5634781
28.5157481, -80.5656295
28.5146036, -80.5681887
28.5139107, -80.5697668
28.5136694, -80.5703639
28.5131540, -80.5716435
28.5123645, -80.5736056
28.5115338, -80.5758662
28.5106616, -80.5784253
28.5099322, -80.5807521
28.5093455, -80.5828465
28.5089876, -80.5841261
28.5088585, -80.5845909
28.5085032, -80.5861028
28.5079215, -80.5886620
28.5074153, -80.5912212
28.5069845, -80.5937803
28.5066191, -80.5963395
28.5063192, -80.5988987
28.5060755, -80.6014578
28.5058881, -80.6040170
28.5057487, -80.6065762
28.5056575, -80.6091353
28.5056074, -80.6116945
28.5055983, -80.6142537
28.5056239, -80.6168129
28.5056843, -80.6193720
28.5057736, -80.6219312
28.5058919, -80.6244904
28.5060337, -80.6270495
28.5061990, -80.6296087
28.5063830, -80.6321679
28.5065855, -80.6347270
28.5068029, -80.6372862
28.5070353, -80.6398454
28.5072808, -80.6424045
28.5075394, -80.6449637
28.5078127, -80.6475229
28.5081007, -80.6500820
28.5084089, -80.6526412
28.5087374, -80.6552004
28.5089393, -80.6567296
28.5090145, -80.6572289
28.5092093, -80.6585085
28.5095236, -80.6605684
28.5099248, -80.6628779
28.5104127, -80.6654370
28.5109782, -80.6679962
28.5116212, -80.6705554
28.5123442, -80.6730026
28.5131472, -80.6753379
28.5135891, -80.6766175
28.5136699, -80.6768414
28.5143337, -80.6782329
28.5155804, -80.6807920
28.5166641, -80.6827491
28.5175849, -80.6841042
28.5184844, -80.6853838
28.5193626, -80.6865879
28.5204868, -80.6878872
28.5218569, -80.6892817
28.5231600, -80.6905613
28.5243960, -80.6917260
28.5255202, -80.6926763
28.5265324, -80.6934124
28.5281627, -80.6945444
28.5304110, -80.6960725
28.5317633, -80.6969840
28.5322194, -80.6972791
28.5333436, -80.6978971
28.5351357, -80.6988380
28.5371559, -80.6998695
28.5394042, -80.7009915
28.5410432, -80.7018007
28.5420728, -80.7022969
28.5431970, -80.7027934
28.5444157, -80.7032902
28.5461492, -80.7039839
28.5483975, -80.7048744
28.5506458, -80.7057588
28.5528941, -80.7066371
28.5543999, -80.7072230
28.5551632, -80.7075165
28.5562874, -80.7079144
28.5577723, -80.7084167
28.5596390, -80.7090485
28.5618873, -80.7098097
28.5641356, -80.7105865
28.5663839, -80.7113789
28.5681979, -80.7120268
28.5695777, -80.7125300
28.5707018, -80.7129267
28.5715704, -80.7132167
28.5731288, -80.7137470
28.5753771, -80.7145174
28.5776254, -80.7153276
28.5798737, -80.7161774
28.5817948, -80.7169268
28.5833888, -80.7175756
28.5845129, -80.7180306
28.5851673, -80.7182919
28.5866186, -80.7188881
28.5888669, -80.7198193
28.5911152, -80.7208339
28.5933635, -80.7219320
28.5947518, -80.7226153
28.5952799, -80.7228840
28.5964040, -80.7235051
28.5981242, -80.7244788
28.6000934, -80.7257584
28.6023115, -80.7273439
28.6034357, -80.7281497
28.6034658, -80.7281759
28.6046051, -80.7293028
28.6068534, -80.7315304
28.6081082, -80.7327969
28.6083694, -80.7331023
28.6093266, -80.7345346
28.6109796, -80.7370937
28.6119731, -80.7387325
28.6123071, -80.7394508
28.6128952, -80.7407304
28.6137372, -80.7425712
28.6146045, -80.7447712
28.6154970, -80.7473304
28.6162001, -80.7495630
28.6167139, -80.7514690
28.6170649, -80.7527485
28.6172533, -80.7534017
28.6176832, -80.7550079
28.6183545, -80.7575671
28.6190046, -80.7601262
28.6196334, -80.7626854
28.6202324, -80.7652446
28.6208018, -80.7678038
28.6211817, -80.7695341
28.6213721, -80.7704357
28.6216788, -80.7717152
28.6221016, -80.7733729
28.6226458, -80.7754813
28.6233114, -80.7780404
28.6239599, -80.7805996
28.6245914, -80.7831588
28.6251714, -80.7855966
28.6256997, -80.7879131
28.6259964, -80.7891926
28.6260614, -80.7894353
28.6264292, -80.7908363
28.6270999, -80.7933954
28.6277544, -80.7959546
28.6283926, -80.7985138
28.6290180, -80.8010729
28.6296304, -80.8036321
28.6300676, -80.8054928
28.6303296, -80.8066552
28.6306551, -80.8079348
28.6310443, -80.8093316
28.6315758, -80.8113096
28.6322495, -80.8138688
28.6328898, -80.8164279
28.6334967, -80.8189871
28.6340847, -80.8215463
28.6346538, -80.8241054
28.6349431, -80.8254068
28.6349525, -80.8254504
28.6352922, -80.8267300
28.6359624, -80.8292456
28.6366227, -80.8317829
28.6372731, -80.8343421
28.6378812, -80.8369013
28.6384471, -80.8394604
28.6389109, -80.8416387
28.6392728, -80.8434361
28.6395456, -80.8447157
28.6397293, -80.8454775
28.6401291, -80.8471380
28.6407451, -80.8496971
28.6413468, -80.8522563
28.6419341, -80.8548155
28.6424889, -80.8573746
28.6430112, -80.8599338
28.6432723, -80.8612134
End:
Color: 75 225 235
Line: 2, 0, "KSC 54-ft Barnes Wind Analysis\nDivergence: 2.0 x 10^-4 s^-1\nCool colors = divergence\nDerived from KSC 54-ft tower winds"
28.3257388, -80.5797049
28.3266011, -80.5804238
28.3283256, -80.5818615
28.3298325, -80.5831411
28.3311218, -80.5842625
28.3322460, -80.5852514
28.3332049, -80.5861077
28.3346495, -80.5873873
28.3365795, -80.5890901
28.3377037, -80.5900791
28.3380219, -80.5903542
28.3393052, -80.5914900
28.3415535, -80.5934865
28.3428380, -80.5946285
28.3431588, -80.5949161
28.3442829, -80.5959297
28.3462105, -80.5976693
28.3476178, -80.5989489
28.3485050, -80.5997685
28.3496291, -80.6008164
28.3509903, -80.6020927
28.3523530, -80.6033723
28.3537173, -80.6046552
28.3548415, -80.6057215
28.3557255, -80.6065713
28.3570509, -80.6078509
28.3588179, -80.6095603
28.3599420, -80.6106547
28.3604234, -80.6111341
28.3616993, -80.6124137
28.3637698, -80.6144934
28.3648939, -80.6156258
28.3650718, -80.6158109
28.3662848, -80.6170902
28.3685331, -80.6194637
28.3707814, -80.6219077
28.3730297, -80.6244222
28.3741738, -80.6257021
28.3742138, -80.6257473
28.3753054, -80.6270495
28.3774488, -80.6296087
28.3785530, -80.6309293
28.3786180, -80.6310115
28.3796144, -80.6322911
28.3815423, -80.6347681
28.3826665, -80.6362264
28.3829869, -80.6366660
28.3839000, -80.6379456
28.3854059, -80.6400652
28.3865300, -80.6416873
28.3872725, -80.6428119
28.3881060, -80.6440915
28.3890305, -80.6455260
28.3901547, -80.6473544
28.3914784, -80.6495767
28.3922385, -80.6508563
28.3924350, -80.6511932
28.3932459, -80.6526412
28.3946713, -80.6552004
28.3956972, -80.6570722
28.3963237, -80.6582566
28.3969959, -80.6595362
28.3977137, -80.6609109
28.3987215, -80.6628779
28.4000191, -80.6654370
28.4007843, -80.6669430
28.4010171, -80.6673956
28.4016881, -80.6686752
28.4027971, -80.6707817
28.4039213, -80.6728918
28.4050605, -80.6750056
28.4057561, -80.6762851
28.4060080, -80.6767306
28.4069128, -80.6782329
28.4084707, -80.6807920
28.4094689, -80.6824052
28.4099075, -80.6830723
28.4108202, -80.6843519
28.4122072, -80.6862439
28.4133314, -80.6877241
28.4141927, -80.6887924
28.4153185, -80.6900720
28.4167087, -80.6915629
28.4178329, -80.6927280
28.4186909, -80.6935675
28.4201668, -80.6948470
28.4222606, -80.6965668
28.4233847, -80.6974861
28.4235393, -80.6976049
28.4247407, -80.6983997
28.4269890, -80.6998703
28.4289710, -80.7010905
28.4306865, -80.7020602
28.4318107, -80.7026921
28.4323434, -80.7029863
28.4337340, -80.7036937
28.4359823, -80.7048142
28.4382306, -80.7059216
28.4404789, -80.7070158
28.4416554, -80.7075880
28.4417601, -80.7076382
28.4428842, -80.7081946
28.4450278, -80.7092573
28.4472238, -80.7104118
28.4494721, -80.7116581
28.4507996, -80.7124064
28.4512063, -80.7126565
28.4523304, -80.7133930
28.4541720, -80.7146156
28.4558925, -80.7158952
28.4574919, -80.7172317
28.4586160, -80.7181975
28.4592650, -80.7187926
28.4604517, -80.7200722
28.4621762, -80.7220363
28.4633004, -80.7233496
28.4638242, -80.7240122
28.4647000, -80.7252917
28.4659279, -80.7271883
28.4670521, -80.7289935
28.4680725, -80.7307073
28.4687939, -80.7319868
28.4692164, -80.7328323
28.4700845, -80.7345346
28.4713982, -80.7370937
28.4723112, -80.7388395
28.4728232, -80.7397720
28.4734806, -80.7410516
28.4742832, -80.7426783
28.4753535, -80.7447712
28.4766915, -80.7473304
28.4774143, -80.7487034
28.4775220, -80.7488903
28.4782499, -80.7501698
28.4795980, -80.7525422
28.4807222, -80.7545033
28.4816224, -80.7560532
28.4823898, -80.7573328
28.4830245, -80.7583420
28.4841460, -80.7601262
28.4857543, -80.7626854
28.4865611, -80.7639694
28.4865664, -80.7639781
28.4874978, -80.7652576
28.4893552, -80.7678081
28.4904793, -80.7693752
28.4908702, -80.7699588
28.4919142, -80.7712384
28.4936112, -80.7732139
28.4947354, -80.7745602
28.4952867, -80.7752774
28.4965106, -80.7765570
28.4984073, -80.7783990
28.4995314, -80.7795157
28.4998831, -80.7799072
28.5011831, -80.7810189
28.5034314, -80.7828508
28.5048352, -80.7839347
28.5053946, -80.7842705
28.5065187, -80.7850322
28.5082077, -80.7862199
28.5101763, -80.7874191
28.5124246, -80.7886300
28.5137386, -80.7893157
28.5141184, -80.7894764
28.5152426, -80.7900295
28.5171111, -80.7909751
28.5191695, -80.7919320
28.5214178, -80.7929003
28.5233665, -80.7937071
28.5250155, -80.7943524
28.5261397, -80.7948207
28.5267389, -80.7951120
28.5281627, -80.7957880
28.5304110, -80.7968487
28.5326593, -80.7979713
28.5349076, -80.7991558
28.5360514, -80.7997593
28.5360907, -80.7997820
28.5372148, -80.8004924
28.5394239, -80.8018904
28.5412857, -80.8031700
28.5428003, -80.8043311
28.5439244, -80.8052660
28.5446581, -80.8059747
28.5458006, -80.8072543
28.5473518, -80.8091048
28.5484760, -80.8105104
28.5491731, -80.8114711
28.5499668, -80.8127507
28.5508572, -80.8143491
28.5519413, -80.8164279
28.5532191, -80.8189871
28.5538980, -80.8203449
28.5539781, -80.8205013
28.5544999, -80.8217808
28.5554631, -80.8241836
28.5563642, -80.8266646
28.5572032, -80.8292238
28.5578457, -80.8311606
28.5582918, -80.8324751
28.5586868, -80.8337547
28.5590309, -80.8349994
28.5595471, -80.8369013
28.5602355, -80.8394604
28.5609308, -80.8420196
28.5616328, -80.8445788
28.5622407, -80.8467700
28.5627545, -80.8485931
28.5630910, -80.8498727
28.5632500, -80.8506087
28.5635616, -80.8522563
28.5640257, -80.8548155
28.5645838, -80.8573746
28.5652359, -80.8599338
28.5658278, -80.8624930
28.5663596, -80.8650521
28.5668461, -80.8673034
28.5672874, -80.8692469
28.5675790, -80.8705264
28.5677210, -80.8711422
28.5681722, -80.8727296
28.5689326, -80.8752888
28.5693128, -80.8765684
End:
Color: 75 225 235
Line: 2, 0, "KSC 54-ft Barnes Wind Analysis\nDivergence: 2.0 x 10^-4 s^-1\nCool colors = divergence\nDerived from KSC 54-ft tower winds"
28.3471742, -80.5371312
28.3479441, -80.5375380
28.3494839, -80.5383515
28.3506081, -80.5389381
28.3513166, -80.5392977
28.3527950, -80.5400476
28.3550433, -80.5411877
28.3571786, -80.5422875
28.3592008, -80.5433469
28.3603249, -80.5439332
28.3605510, -80.5440463
28.3617882, -80.5446517
28.3640365, -80.5457493
28.3662848, -80.5468671
28.3685331, -80.5480050
28.3698656, -80.5486792
28.3702822, -80.5488897
28.3714064, -80.5494541
28.3732381, -80.5503723
28.3752780, -80.5514210
28.3775264, -80.5526000
28.3790918, -80.5534205
28.3799743, -80.5538823
28.3810984, -80.5544564
28.3824642, -80.5551427
28.3842713, -80.5560455
28.3865196, -80.5571647
28.3883748, -80.5581011
28.3898370, -80.5588548
28.3909612, -80.5594278
28.3917473, -80.5598201
28.3932645, -80.5605744
28.3955128, -80.5616907
28.3976595, -80.5627741
28.3997047, -80.5638246
28.4008289, -80.5644003
28.4010320, -80.5645012
28.4022577, -80.5650905
28.4045060, -80.5661684
28.4067543, -80.5672706
28.4090026, -80.5683972
28.4103876, -80.5690875
28.4109093, -80.5693413
28.4120334, -80.5698753
28.4137601, -80.5706894
28.4157475, -80.5716349
28.4179958, -80.5727118
28.4198195, -80.5735844
28.4212186, -80.5742525
28.4223427, -80.5747840
28.4231920, -80.5751788
28.4247407, -80.5758745
28.4269890, -80.5768711
28.4292373, -80.5778857
28.4314856, -80.5789185
28.4327705, -80.5795024
28.4330918, -80.5796374
28.4342160, -80.5800988
28.4361429, -80.5808866
28.4382306, -80.5817466
28.4404789, -80.5826788
28.4426239, -80.5835645
28.4446657, -80.5844037
28.4457898, -80.5848646
28.4459964, -80.5849473
28.4472238, -80.5853970
28.4494721, -80.5862136
28.4517204, -80.5870412
28.4539687, -80.5878797
28.4561171, -80.5887096
28.4581657, -80.5895309
28.4592898, -80.5899812
28.4594896, -80.5900604
28.4607136, -80.5905758
28.4629619, -80.5915274
28.4652102, -80.5926168
28.4674585, -80.5938440
28.4687921, -80.5946082
28.4692110, -80.5949094
28.4703352, -80.5957309
28.4721646, -80.5970727
28.4736610, -80.5983523
28.4748244, -80.5995696
28.4759486, -80.6007765
28.4770334, -80.6019729
28.4780130, -80.6032525
28.4788874, -80.6046152
28.4800115, -80.6064819
28.4813855, -80.6088526
28.4821140, -80.6101322
28.4821970, -80.6103207
28.4827826, -80.6116945
28.4838708, -80.6142537
28.4848816, -80.6168129
28.4858151, -80.6193720
28.4863537, -80.6208670
28.4864973, -80.6212979
28.4868657, -80.6225775
28.4874590, -80.6247058
28.4880698, -80.6270495
28.4886979, -80.6296087
28.4892829, -80.6321679
28.4898249, -80.6347270
28.4903281, -80.6372862
28.4907924, -80.6398454
28.4910348, -80.6411901
28.4910554, -80.6413205
28.4912435, -80.6426001
28.4915990, -80.6450289
28.4919389, -80.6475229
28.4922632, -80.6500820
28.4925686, -80.6526412
28.4928551, -80.6552004
28.4931323, -80.6577595
28.4934003, -80.6603187
28.4936732, -80.6628779
28.4939510, -80.6654370
28.4942543, -80.6679962
28.4945832, -80.6705554
28.4949513, -80.6730184
28.4953586, -80.6753853
28.4955792, -80.6766649
28.4956130, -80.6768572
28.4959443, -80.6782329
28.4965731, -80.6807920
28.4973831, -80.6833512
28.4983744, -80.6859104
28.4991673, -80.6876940
28.4997617, -80.6887020
28.5005636, -80.6899816
28.5015731, -80.6915327
28.5026972, -80.6929432
28.5039361, -80.6942129
28.5052722, -80.6954925
28.5067055, -80.6967819
28.5078296, -80.6976909
28.5086446, -80.6982193
28.5101763, -80.6991467
28.5124246, -80.7004730
28.5142055, -80.7014884
28.5155190, -80.7021928
28.5166431, -80.7027430
28.5175779, -80.7031391
28.5191695, -80.7037973
28.5214178, -80.7047176
28.5236661, -80.7056120
28.5259144, -80.7064806
28.5275260, -80.7071020
28.5285010, -80.7074762
28.5296251, -80.7078726
28.5308985, -80.7082912
28.5326593, -80.7088702
28.5349076, -80.7096097
28.5371559, -80.7103456
28.5394042, -80.7110781
28.5415459, -80.7117787
28.5435808, -80.7124473
28.5447050, -80.7128133
28.5449183, -80.7128765
28.5461492, -80.7132522
28.5483975, -80.7139402
28.5506458, -80.7146354
28.5528941, -80.7153378
28.5551424, -80.7160579
28.5573907, -80.7167957
28.5590378, -80.7173485
28.5600837, -80.7177161
28.5612078, -80.7180968
28.5624102, -80.7184903
28.5641356, -80.7190840
28.5663839, -80.7198778
28.5686322, -80.7207222
28.5708805, -80.7216172
28.5725396, -80.7223031
28.5736096, -80.7227799
28.5747337, -80.7232744
28.5759121, -80.7237865
28.5776254, -80.7245987
28.5798737, -80.7257109
28.5818006, -80.7267344
28.5834062, -80.7276692
28.5845303, -80.7283323
28.5851731, -80.7287235
28.5866186, -80.7297043
28.5888669, -80.7312747
28.5903641, -80.7323587
28.5911102, -80.7329562
28.5922344, -80.7339503
28.5937366, -80.7353408
28.5950384, -80.7366204
28.5961397, -80.7377890
28.5972639, -80.7391308
28.5984108, -80.7406456
28.5993506, -80.7419252
28.6000832, -80.7429695
28.6011386, -80.7447712
28.6025167, -80.7473304
28.6032746, -80.7487669
28.6034121, -80.7490806
28.6039847, -80.7503602
28.6049923, -80.7526056
28.6059430, -80.7550079
28.6068368, -80.7575671
28.6074572, -80.7594531
28.6078041, -80.7606661
28.6081905, -80.7619457
28.6086164, -80.7632919
28.6091963, -80.7652446
28.6099300, -80.7678038
28.6106198, -80.7703629
28.6112656, -80.7729221
28.6118099, -80.7751700
28.6122527, -80.7771067
28.6125569, -80.7783863
28.6127225, -80.7790088
28.6131296, -80.7805996
28.6137783, -80.7831588
28.6144046, -80.7857179
28.6150084, -80.7882771
28.6155937, -80.7908363
28.6161603, -80.7933954
28.6165754, -80.7952837
28.6168390, -80.7965010
28.6171447, -80.7977805
28.6174927, -80.7991224
28.6179683, -80.8010729
28.6185715, -80.8036321
28.6191517, -80.8061913
28.6197090, -80.8087504
28.6202494, -80.8113096
28.6207730, -80.8138688
28.6211429, -80.8156980
28.6213592, -80.8167974
28.6216417, -80.8180769
28.6219903, -80.8195368
28.6224540, -80.8215463
28.6230326, -80.8241054
28.6235945, -80.8266646
28.6241397, -80.8292238
28.6246661, -80.8317829
28.6251738, -80.8343421
28.6255617, -80.8363075
28.6258299, -80.8376791
28.6261055, -80.8389587
28.6263885, -80.8401462
28.6268075, -80.8420196
28.6273625, -80.8445788
28.6278988, -80.8471380
28.6284164, -80.8496971
28.6289214, -80.8522563
28.6294137, -80.8548155
28.6298601, -80.8571967
28.6302604, -80.8594001
28.6305001, -80.8606797
28.6305793, -80.8610355
28.6306189, -80.8612134
End:
Color: 75 225 235
Line: 2, 0, "KSC 54-ft Barnes Wind Analysis\nDivergence: 2.0 x 10^-4 s^-1\nCool colors = divergence\nDerived from KSC 54-ft tower winds"
28.5056041, -80.4261549
28.5053419, -80.4268566
28.5048177, -80.4282600
28.5043329, -80.4295396
28.5038875, -80.4306953
28.5031936, -80.4325528
28.5022511, -80.4351119
28.5013496, -80.4376188
28.5004891, -80.4400734
28.5000400, -80.4413530
28.5000020, -80.4414576
28.4995414, -80.4427894
28.4986581, -80.4453486
28.4978025, -80.4479078
28.4969745, -80.4504669
28.4963110, -80.4525661
28.4958119, -80.4542053
28.4954175, -80.4554849
28.4951278, -80.4564049
28.4946115, -80.4581444
28.4938686, -80.4607036
28.4931565, -80.4632628
28.4924752, -80.4658220
28.4918673, -80.4682019
28.4913329, -80.4704026
28.4910206, -80.4716822
28.4909303, -80.4720406
28.4906047, -80.4734995
28.4900437, -80.4760586
28.4895147, -80.4786178
28.4890180, -80.4811770
28.4885368, -80.4837361
28.4880712, -80.4862953
28.4876637, -80.4888545
28.4873144, -80.4914136
28.4870842, -80.4939728
28.4869733, -80.4965320
28.4868748, -80.4990911
28.4867886, -80.5016503
28.4867745, -80.5042095
28.4868326, -80.5067686
28.4870074, -80.5093278
28.4872989, -80.5118870
28.4877135, -80.5144461
28.4882510, -80.5170053
28.4889969, -80.5195645
28.4899510, -80.5221236
28.4905875, -80.5236826
28.4909063, -80.5242414
28.4921899, -80.5254177
28.4944382, -80.5272115
28.4966865, -80.5281302
28.4989348, -80.5281737
28.5011831, -80.5277090
28.5034314, -80.5267360
28.5054999, -80.5255379
28.5073888, -80.5241148
28.5085129, -80.5232821
28.5088724, -80.5230400
28.5101763, -80.5218356
28.5124246, -80.5196690
28.5136103, -80.5185105
28.5137336, -80.5183601
28.5148577, -80.5170638
28.5169828, -80.5146217
28.5180882, -80.5133421
28.5181739, -80.5132251
28.5191997, -80.5118870
28.5211653, -80.5093278
28.5222466, -80.5079244
28.5224435, -80.5076767
28.5233406, -80.5063971
28.5249379, -80.5040856
28.5260620, -80.5024838
28.5267131, -80.5015917
28.5275731, -80.5003121
28.5286421, -80.4986451
28.5297663, -80.4969624
28.5309455, -80.4952642
28.5318112, -80.4939847
28.5323634, -80.4931237
28.5334265, -80.4914136
28.5350005, -80.4888545
28.5358486, -80.4874719
28.5359707, -80.4872659
28.5366816, -80.4859864
28.5379813, -80.4836331
28.5391054, -80.4816611
28.5400541, -80.4800703
28.5408028, -80.4787907
28.5413515, -80.4778224
28.5423596, -80.4760586
28.5438270, -80.4734995
28.5446768, -80.4720198
28.5449089, -80.4716197
28.5456281, -80.4703401
28.5468344, -80.4681811
28.5479586, -80.4661716
28.5490006, -80.4643118
28.5497133, -80.4630323
28.5500967, -80.4623329
28.5509884, -80.4607036
28.5523885, -80.4581444
28.5530885, -80.4568649
End:
Color: 75 225 235
Line: 2, 0, "KSC 54-ft Barnes Wind Analysis\nDivergence: 2.0 x 10^-4 s^-1\nCool colors = divergence\nDerived from KSC 54-ft tower winds"
28.3696573, -80.6206504
28.3696573, -80.6206504
End:
Color: 75 225 235
Line: 1, 0, "KSC 54-ft Barnes Wind Analysis\nDivergence: 3.0 x 10^-4 s^-1\nCool colors = divergence\nDerived from KSC 54-ft tower winds"
28.3336844, -80.5736085
28.3339475, -80.5738530
28.3344736, -80.5743421
28.3355978, -80.5753289
28.3373200, -80.5768136
28.3387465, -80.5780931
28.3398773, -80.5791677
28.3410015, -80.5801644
28.3421189, -80.5810834
28.3436082, -80.5823629
28.3454694, -80.5840031
28.3465935, -80.5849890
28.3469807, -80.5853206
28.3482984, -80.5865022
28.3505467, -80.5885338
28.3517743, -80.5896476
28.3519811, -80.5898436
28.3531052, -80.5908439
28.3551467, -80.5926484
28.3565712, -80.5939280
28.3573788, -80.5946826
28.3585029, -80.5957103
28.3599437, -80.5970109
28.3613247, -80.5982905
28.3626460, -80.5995490
28.3637701, -80.6006112
28.3646972, -80.6014770
28.3660383, -80.6027566
28.3677934, -80.6044499
28.3689176, -80.6055338
28.3694107, -80.6060083
28.3706929, -80.6072879
28.3727640, -80.6093726
28.3738882, -80.6105053
28.3740653, -80.6106861
28.3752780, -80.6119509
28.3775264, -80.6142999
28.3786643, -80.6154891
28.3786918, -80.6155185
28.3798160, -80.6167501
28.3820367, -80.6191838
28.3832024, -80.6204633
28.3833131, -80.6205889
28.3844372, -80.6219198
28.3865749, -80.6244562
28.3876531, -80.6257358
28.3876718, -80.6257585
28.3886771, -80.6270495
28.3906689, -80.6296087
28.3917837, -80.6310538
28.3920215, -80.6313847
28.3929272, -80.6326643
28.3945008, -80.6348925
28.3956250, -80.6365341
28.3962996, -80.6375890
28.3971125, -80.6388686
28.3980637, -80.6403728
28.3991878, -80.6422753
28.4004850, -80.6445760
28.4012061, -80.6458556
28.4013512, -80.6461141
28.4020920, -80.6475229
28.4034283, -80.6500820
28.4044799, -80.6521678
28.4052467, -80.6537801
28.4058611, -80.6550597
28.4063229, -80.6560065
28.4071616, -80.6577595
28.4083773, -80.6603187
28.4092706, -80.6621982
28.4098414, -80.6633980
28.4104680, -80.6646776
28.4111504, -80.6660369
28.4121663, -80.6679962
28.4135157, -80.6705554
28.4142987, -80.6720202
28.4145151, -80.6723906
28.4153317, -80.6736702
28.4167482, -80.6758589
28.4178724, -80.6775229
28.4187041, -80.6786622
28.4197205, -80.6799418
28.4209214, -80.6813617
28.4220456, -80.6826120
28.4230929, -80.6836926
28.4244754, -80.6849722
28.4261931, -80.6864507
28.4273172, -80.6873919
28.4278479, -80.6877958
28.4292373, -80.6886893
28.4314856, -80.6900724
28.4333867, -80.6911501
28.4349404, -80.6919222
28.4360646, -80.6924681
28.4367591, -80.6927876
28.4382306, -80.6933482
28.4404789, -80.6941500
28.4427272, -80.6948738
28.4449755, -80.6955196
28.4472238, -80.6960866
28.4494721, -80.6965751
28.4516090, -80.6969711
28.4536344, -80.6972748
28.4547586, -80.6974441
28.4549814, -80.6974792
28.4562170, -80.6975493
28.4584653, -80.6976547
28.4602887, -80.6976372
28.4616873, -80.6974968
28.4628114, -80.6973592
28.4636612, -80.6972243
28.4652102, -80.6965072
28.4674585, -80.6952079
28.4689865, -80.6939958
28.4697940, -80.6928708
28.4707137, -80.6910287
28.4717456, -80.6884695
28.4724659, -80.6863573
28.4728748, -80.6846919
28.4731644, -80.6834123
28.4733346, -80.6825185
28.4735995, -80.6807920
28.4739591, -80.6782329
28.4742508, -80.6756737
28.4744749, -80.6731145
28.4746359, -80.6705554
28.4747339, -80.6679962
28.4747656, -80.6654370
28.4747307, -80.6628779
28.4746213, -80.6603187
28.4744373, -80.6577595
28.4741672, -80.6552004
28.4738110, -80.6526412
28.4734945, -80.6507205
28.4732177, -80.6494384
28.4729318, -80.6481588
28.4726369, -80.6468818
28.4720712, -80.6449637
28.4712347, -80.6424045
28.4702580, -80.6398749
28.4691411, -80.6373749
28.4685682, -80.6360953
28.4685392, -80.6360362
28.4677378, -80.6347270
28.4661638, -80.6321679
28.4650541, -80.6304649
28.4644087, -80.6296183
28.4633705, -80.6283387
28.4619395, -80.6266262
28.4608153, -80.6253500
28.4599981, -80.6245102
28.4586856, -80.6232306
28.4568780, -80.6215113
28.4557539, -80.6204636
28.4553132, -80.6200877
28.4539687, -80.6189827
28.4517204, -80.6171487
28.4503783, -80.6160571
28.4499423, -80.6157079
28.4488182, -80.6148598
28.4470058, -80.6135130
28.4452628, -80.6122334
28.4435891, -80.6110211
28.4424649, -80.6102165
28.4418903, -80.6098196
28.4404789, -80.6088448
28.4382306, -80.6072920
28.4366652, -80.6062109
28.4357826, -80.6056014
28.4346585, -80.6048406
28.4332927, -80.6039287
28.4314856, -80.6027254
28.4292373, -80.6012309
28.4279997, -80.6004073
28.4277727, -80.6002546
28.4266485, -80.5995203
28.4246272, -80.5982043
28.4226374, -80.5969247
28.4206791, -80.5956815
28.4195549, -80.5949693
28.4192650, -80.5947880
28.4179958, -80.5939878
28.4157475, -80.5925687
28.4138589, -80.5913798
28.4123301, -80.5904210
28.4112059, -80.5897201
28.4104865, -80.5892772
28.4090026, -80.5883694
28.4067543, -80.5869968
28.4050218, -80.5859386
28.4038052, -80.5851951
28.4026811, -80.5845143
28.4016494, -80.5838964
28.4000094, -80.5829216
28.3977611, -80.5815898
28.3961253, -80.5806192
28.3951021, -80.5800097
28.3939780, -80.5793486
28.3927529, -80.5786360
28.3910162, -80.5776288
28.3887679, -80.5763271
28.3871772, -80.5754038
28.3862442, -80.5748590
28.3851200, -80.5742151
28.3838047, -80.5734721
28.3820230, -80.5724755
28.3797747, -80.5712254
28.3781592, -80.5703173
28.3771767, -80.5697513
28.3760525, -80.5691165
28.3747868, -80.5684130
28.3730297, -80.5674476
28.3707814, -80.5662201
28.3690853, -80.5652922
28.3679415, -80.5646640
28.3668173, -80.5640496
28.3657129, -80.5634491
28.3640365, -80.5625196
28.3617882, -80.5612612
28.3600203, -80.5602819
28.3587327, -80.5595817
28.3576085, -80.5589970
28.3566478, -80.5585277
28.3550433, -80.5577473
28.3527950, -80.5566556
28.3507493, -80.5556107
28.3489062, -80.5546124
28.3477821, -80.5540095
28.3473768, -80.5538021
28.3460501, -80.5531413
28.3438018, -80.5520271
28.3426776, -80.5514700
End:
Color: 75 225 235
Line: 1, 0, "KSC 54-ft Barnes Wind Analysis\nDivergence: 3.0 x 10^-4 s^-1\nCool colors = divergence\nDerived from KSC 54-ft tower winds"
28.5263500, -80.4363915
28.5261834, -80.4376711
28.5258503, -80.4402303
28.5256951, -80.4427894
28.5257179, -80.4453486
28.5260566, -80.4475712
28.5267112, -80.4494573
28.5281627, -80.4500216
28.5304110, -80.4492640
28.5320314, -80.4483210
28.5330237, -80.4471925
28.5335199, -80.4466282
End:
Color: 75 225 235
Line: 1, 0, "KSC 54-ft Barnes Wind Analysis\nDivergence: 3.0 x 10^-4 s^-1\nCool colors = divergence\nDerived from KSC 54-ft tower winds"
28.5795264, -80.8714500
28.5792745, -80.8701705
28.5787707, -80.8676113
28.5782266, -80.8650521
28.5776422, -80.8624930
28.5771659, -80.8599338
28.5767975, -80.8573746
28.5765853, -80.8559170
28.5765293, -80.8555608
28.5762817, -80.8542812
28.5758424, -80.8520782
28.5753506, -80.8496971
28.5748062, -80.8471380
28.5742766, -80.8445788
28.5737618, -80.8420196
28.5732603, -80.8394604
28.5727721, -80.8369013
28.5723971, -80.8349151
28.5721355, -80.8335020
28.5718751, -80.8322224
28.5716160, -80.8310764
28.5711805, -80.8292238
28.5705687, -80.8266646
28.5699694, -80.8241054
28.5693827, -80.8215463
28.5687692, -80.8189871
28.5681289, -80.8164279
28.5677336, -80.8148676
28.5675832, -80.8143062
28.5671774, -80.8130266
28.5665160, -80.8110289
28.5657542, -80.8087504
28.5648918, -80.8061913
28.5640984, -80.8039462
28.5633737, -80.8020154
28.5628611, -80.8007358
28.5625604, -80.8001075
28.5617214, -80.7985138
28.5603443, -80.7959546
28.5593705, -80.7942071
28.5588000, -80.7932712
28.5578867, -80.7919916
28.5566305, -80.7903683
28.5555064, -80.7889688
28.5545143, -80.7877930
28.5532469, -80.7865134
28.5517042, -80.7851300
28.5505801, -80.7841609
28.5498744, -80.7836062
28.5483975, -80.7826643
28.5461492, -80.7813352
28.5442704, -80.7803331
28.5427613, -80.7796577
28.5416372, -80.7791728
28.5408980, -80.7788784
28.5394042, -80.7783922
28.5371559, -80.7777142
28.5349076, -80.7771066
28.5326593, -80.7765693
28.5304110, -80.7760715
28.5281627, -80.7756132
28.5259144, -80.7751650
28.5236661, -80.7747269
28.5221853, -80.7744313
28.5214721, -80.7742782
28.5203479, -80.7740518
28.5188129, -80.7737519
28.5169212, -80.7733306
28.5146729, -80.7727879
28.5124246, -80.7721571
28.5101763, -80.7714382
28.5079280, -80.7705859
28.5056797, -80.7696001
28.5045459, -80.7691012
28.5045267, -80.7690893
28.5034025, -80.7684212
28.5011735, -80.7670970
28.4992960, -80.7658174
28.4977700, -80.7645825
28.4966459, -80.7636682
28.4959235, -80.7630746
28.4946525, -80.7617950
28.4928327, -80.7598294
28.4917086, -80.7585971
28.4912800, -80.7580980
28.4903495, -80.7568184
28.4889171, -80.7547583
28.4877929, -80.7530656
28.4869770, -80.7517402
28.4862355, -80.7504606
28.4855683, -80.7492269
28.4846537, -80.7473304
28.4834918, -80.7447712
28.4827012, -80.7428710
28.4822821, -80.7416298
28.4818517, -80.7403502
28.4814100, -80.7390323
28.4809085, -80.7370937
28.4803471, -80.7345346
28.4799268, -80.7319754
28.4796477, -80.7294162
28.4795514, -80.7268571
28.4796380, -80.7242979
28.4800322, -80.7217387
28.4807341, -80.7191796
28.4813319, -80.7174776
28.4818256, -80.7166330
28.4831966, -80.7155005
28.4854449, -80.7140802
28.4875078, -80.7132229
28.4893851, -80.7129287
28.4905093, -80.7127584
28.4908802, -80.7127118
28.4921899, -80.7126860
28.4944382, -80.7126807
28.4958897, -80.7127040
28.4965444, -80.7127558
28.4976686, -80.7128308
28.4992621, -80.7129291
28.5011831, -80.7130946
28.5034314, -80.7133272
28.5056797, -80.7135894
28.5079280, -80.7138812
28.5101763, -80.7141955
28.5124246, -80.7145323
28.5146729, -80.7148876
28.5169212, -80.7152612
28.5191695, -80.7156505
28.5214178, -80.7160555
28.5236661, -80.7164741
28.5259144, -80.7169063
28.5279866, -80.7173168
28.5298825, -80.7177056
28.5310067, -80.7179346
28.5313590, -80.7180038
28.5326593, -80.7182805
28.5349076, -80.7187645
28.5371559, -80.7192570
28.5394042, -80.7197580
28.5416525, -80.7202683
28.5439008, -80.7207880
28.5461492, -80.7213209
28.5483975, -80.7218670
28.5503552, -80.7223596
28.5520223, -80.7227987
28.5531465, -80.7230939
28.5537276, -80.7232450
28.5551424, -80.7236422
28.5573907, -80.7242853
28.5596390, -80.7249595
28.5618873, -80.7256648
28.5641356, -80.7264212
28.5663839, -80.7272287
28.5678086, -80.7277585
28.5684097, -80.7280106
28.5695338, -80.7284827
28.5711810, -80.7291749
28.5731288, -80.7300768
28.5753771, -80.7311885
28.5771397, -80.7321220
28.5784167, -80.7328773
28.5795409, -80.7335584
28.5805122, -80.7341651
28.5821220, -80.7353140
28.5843703, -80.7370050
28.5856451, -80.7379812
28.5859465, -80.7382426
28.5870706, -80.7393419
28.5890176, -80.7412790
28.5902621, -80.7425586
28.5908041, -80.7431806
28.5919282, -80.7446849
28.5936345, -80.7470713
28.5945443, -80.7483509
28.5946574, -80.7485236
28.5954172, -80.7498896
28.5968236, -80.7524487
28.5978912, -80.7545665
28.5986199, -80.7562429
28.5991755, -80.7575225
28.5995578, -80.7584053
28.6002203, -80.7601262
28.6011628, -80.7626854
28.6020160, -80.7652446
28.6027797, -80.7678038
28.6032415, -80.7693721
28.6034011, -80.7699495
28.6037720, -80.7712291
28.6043542, -80.7732108
28.6049842, -80.7754813
28.6056620, -80.7780404
28.6063057, -80.7805996
28.6069153, -80.7831588
28.6074094, -80.7852809
28.6077881, -80.7869661
28.6080863, -80.7882457
28.6083039, -80.7891197
28.6087201, -80.7908363
28.6093347, -80.7933954
28.6099297, -80.7959546
28.6105053, -80.7985138
28.6110610, -80.8010729
28.6115968, -80.8036321
28.6120171, -80.8056261
28.6123218, -80.8070548
28.6126101, -80.8083344
28.6128819, -80.8094648
28.6133007, -80.8113096
28.6138662, -80.8138688
28.6144136, -80.8164279
28.6149430, -80.8189871
28.6154583, -80.8215463
28.6159593, -80.8241054
28.6164000, -80.8263783
28.6167805, -80.8283647
28.6170331, -80.8296443
28.6171579, -80.8302170
28.6174951, -80.8317829
28.6180448, -80.8343421
28.6185824, -80.8369013
28.6191077, -80.8394604
28.6196208, -80.8420196
28.6201217, -80.8445788
28.6206037, -80.8471380
28.6210666, -80.8496971
28.6213404, -80.8512076
28.6214250, -80.8516693
28.6216869, -80.8529489
28.6221259, -80.8550463
28.6226006, -80.8573746
28.6231110, -80.8599338
28.6233661, -80.8612134
End:
Color: 25 205 245
Line: 2, 0, "KSC 54-ft Barnes Wind Analysis\nDivergence: 4.0 x 10^-4 s^-1\nCool colors = divergence\nDerived from KSC 54-ft tower winds"
28.5858132, -80.8663317
28.5857335, -80.8658743
28.5855742, -80.8649596
28.5853326, -80.8636800
28.5850090, -80.8620356
28.5845710, -80.8599338
28.5840186, -80.8573746
28.5835341, -80.8548155
28.5831175, -80.8522563
28.5826926, -80.8496971
28.5822593, -80.8471380
28.5818007, -80.8445788
28.5813168, -80.8420196
28.5810556, -80.8406303
28.5810171, -80.8404109
28.5807766, -80.8391313
28.5803340, -80.8367916
28.5798719, -80.8343421
28.5793902, -80.8317829
28.5788860, -80.8292238
28.5783592, -80.8266646
28.5778347, -80.8241054
28.5773126, -80.8215463
28.5769140, -80.8195891
28.5766388, -80.8182338
28.5763668, -80.8169542
28.5760978, -80.8157503
28.5756394, -80.8138688
28.5749916, -80.8113096
28.5743295, -80.8087504
28.5736533, -80.8061913
28.5729876, -80.8037574
28.5723323, -80.8014488
28.5719637, -80.8001692
28.5718819, -80.7999186
28.5713759, -80.7985138
28.5704457, -80.7959546
28.5694582, -80.7933954
28.5684135, -80.7908363
28.5677953, -80.7893500
28.5676038, -80.7889368
28.5669236, -80.7876572
28.5657548, -80.7855113
28.5646306, -80.7835276
28.5635512, -80.7817062
28.5627382, -80.7804266
28.5621918, -80.7796889
28.5610676, -80.7782764
28.5593658, -80.7761891
28.5582681, -80.7749095
28.5577747, -80.7744376
28.5566505, -80.7734083
28.5548957, -80.7718216
28.5533121, -80.7705420
28.5518997, -80.7695696
28.5507756, -80.7687979
28.5499396, -80.7682270
28.5483975, -80.7673682
28.5461492, -80.7662216
28.5439173, -80.7652274
28.5417018, -80.7643858
28.5405777, -80.7639584
28.5405448, -80.7639452
28.5394042, -80.7636038
28.5371559, -80.7629344
28.5349076, -80.7623468
28.5326593, -80.7618412
28.5304110, -80.7613849
28.5281627, -80.7609780
28.5259144, -80.7605908
28.5236661, -80.7602232
28.5214178, -80.7598453
28.5191695, -80.7594570
28.5175553, -80.7591588
28.5165752, -80.7589507
28.5154511, -80.7586901
28.5141828, -80.7583769
28.5124246, -80.7578452
28.5101763, -80.7570951
28.5079280, -80.7561988
28.5056797, -80.7551563
28.5042055, -80.7544084
28.5035056, -80.7539550
28.5023814, -80.7530590
28.5008331, -80.7517203
28.4995220, -80.7504407
28.4984482, -80.7492202
28.4973241, -80.7475021
28.4961496, -80.7452862
28.4954879, -80.7440067
28.4953389, -80.7436633
28.4951614, -80.7422121
28.4949552, -80.7396529
28.4950296, -80.7378331
28.4953848, -80.7367526
28.4959497, -80.7354730
28.4967244, -80.7339943
28.4978486, -80.7326631
28.4993221, -80.7314795
28.5011831, -80.7303729
28.5034314, -80.7293435
28.5052278, -80.7286558
28.5065724, -80.7283097
28.5076966, -80.7280537
28.5086003, -80.7278879
28.5101763, -80.7276994
28.5124246, -80.7274882
28.5146729, -80.7273529
28.5169212, -80.7272934
28.5191695, -80.7272870
28.5214178, -80.7273338
28.5236661, -80.7274186
28.5259144, -80.7275414
28.5281627, -80.7276917
28.5304110, -80.7278695
28.5319739, -80.7280030
28.5328515, -80.7280921
28.5339756, -80.7282174
28.5353464, -80.7283788
28.5371559, -80.7286127
28.5394042, -80.7289188
28.5416525, -80.7292385
28.5439008, -80.7295717
28.5461492, -80.7299203
28.5483975, -80.7302841
28.5506458, -80.7306700
28.5528941, -80.7310778
28.5551424, -80.7315193
28.5573907, -80.7319943
28.5595055, -80.7324876
28.5614870, -80.7329992
28.5626111, -80.7332924
28.5628780, -80.7333672
28.5641356, -80.7338000
28.5663839, -80.7345909
28.5686322, -80.7354591
28.5708805, -80.7364046
28.5727130, -80.7372513
28.5741297, -80.7379993
28.5752538, -80.7386112
28.5760855, -80.7390868
28.5776254, -80.7401209
28.5798737, -80.7417135
28.5812806, -80.7427552
28.5818461, -80.7432462
28.5829703, -80.7443227
28.5846531, -80.7459847
28.5858737, -80.7472643
28.5866323, -80.7481614
28.5877564, -80.7496530
28.5892462, -80.7517391
28.5901387, -80.7530187
28.5904341, -80.7534918
28.5912513, -80.7550079
28.5925906, -80.7575671
28.5935671, -80.7595352
28.5941808, -80.7609122
28.5947312, -80.7621918
28.5952183, -80.7633739
28.5959090, -80.7652446
28.5968034, -80.7678038
28.5976434, -80.7703629
28.5984289, -80.7729221
28.5988623, -80.7743421
28.5989436, -80.7746230
28.5993009, -80.7759026
28.5999341, -80.7781809
28.6005783, -80.7805996
28.6012336, -80.7831588
28.6018667, -80.7857179
28.6024776, -80.7882771
28.6029575, -80.7902949
28.6033064, -80.7917713
28.6036083, -80.7930509
28.6038632, -80.7941336
28.6042797, -80.7959546
28.6048578, -80.7985138
28.6054266, -80.8010729
28.6059862, -80.8036321
28.6065367, -80.8061913
28.6070783, -80.8087504
28.6075062, -80.8107416
28.6078204, -80.8121648
28.6081044, -80.8134443
28.6083583, -80.8145803
28.6087575, -80.8164279
28.6093020, -80.8189871
28.6098252, -80.8215463
28.6103271, -80.8241054
28.6108243, -80.8266646
28.6113171, -80.8292238
28.6117911, -80.8316383
28.6122464, -80.8339081
28.6125039, -80.8351877
28.6125635, -80.8354770
28.6128504, -80.8369013
28.6133645, -80.8394604
28.6138765, -80.8420196
28.6143863, -80.8445788
28.6148849, -80.8471380
28.6153724, -80.8496971
28.6158546, -80.8522563
28.6163314, -80.8548155
28.6165698, -80.8560950
End:
Color: 25 205 245
Line: 2, 0, "KSC 54-ft Barnes Wind Analysis\nDivergence: 4.0 x 10^-4 s^-1\nCool colors = divergence\nDerived from KSC 54-ft tower winds"
28.6175625, -80.8612134
28.6169707, -80.8581863
End:
Color: 25 205 245
Line: 2, 0, "KSC 54-ft Barnes Wind Analysis\nDivergence: 4.0 x 10^-4 s^-1\nCool colors = divergence\nDerived from KSC 54-ft tower winds"
28.4006147, -80.6110330
28.4009606, -80.6122693
28.4012825, -80.6135488
28.4015804, -80.6148718
28.4024333, -80.6168129
28.4038410, -80.6193720
28.4048162, -80.6211064
28.4053588, -80.6220161
28.4061031, -80.6232957
28.4070491, -80.6249452
28.4081725, -80.6270495
28.4094734, -80.6296087
28.4101246, -80.6308896
28.4101260, -80.6308922
28.4108363, -80.6321718
28.4122553, -80.6347283
28.4133794, -80.6368918
28.4142087, -80.6386621
28.4148222, -80.6399417
28.4152198, -80.6407305
28.4160131, -80.6424045
28.4172021, -80.6449637
28.4181274, -80.6470364
28.4187891, -80.6486227
28.4193523, -80.6499023
28.4198170, -80.6508752
28.4206478, -80.6526412
28.4218446, -80.6552004
28.4227364, -80.6570926
28.4233232, -80.6583177
28.4240171, -80.6595973
28.4248182, -80.6609313
28.4259423, -80.6627112
28.4273896, -80.6649371
28.4282676, -80.6662167
28.4285765, -80.6665500
28.4297007, -80.6676125
28.4316401, -80.6694043
28.4333432, -80.6706839
28.4348101, -80.6714513
28.4359343, -80.6720068
28.4367157, -80.6723504
28.4382306, -80.6725640
28.4404789, -80.6726478
28.4421389, -80.6724760
28.4432107, -80.6720486
28.4443348, -80.6714453
28.4455114, -80.6706659
28.4467198, -80.6693864
28.4479601, -80.6676065
28.4489908, -80.6654370
28.4498119, -80.6628779
28.4502841, -80.6603187
28.4504074, -80.6577595
28.4502605, -80.6552004
28.4498433, -80.6526412
28.4491990, -80.6500820
28.4483275, -80.6475229
28.4474437, -80.6453565
28.4465476, -80.6435829
28.4458765, -80.6423033
28.4454301, -80.6415177
28.4443060, -80.6398693
28.4425040, -80.6373581
28.4415840, -80.6360785
28.4415458, -80.6360306
28.4404217, -80.6348176
28.4382115, -80.6324396
28.4370153, -80.6311600
28.4368331, -80.6309789
28.4357089, -80.6299701
28.4336428, -80.6281336
28.4321848, -80.6268540
28.4313348, -80.6261313
28.4302107, -80.6252270
28.4288123, -80.6241412
28.4271571, -80.6228616
28.4252450, -80.6213883
28.4241208, -80.6205319
28.4237847, -80.6202925
28.4224924, -80.6194327
28.4202441, -80.6179527
28.4184518, -80.6167929
28.4171156, -80.6159531
28.4159914, -80.6152753
28.4150794, -80.6147595
28.4134992, -80.6139353
28.4112509, -80.6128027
28.4092159, -80.6117810
28.4073943, -80.6108703
28.4062702, -80.6103235
28.4058435, -80.6101406
28.4045060, -80.6099810
28.4022577, -80.6098448
28.4009606, -80.6099362
28.4006147, -80.6102554
28.4006147, -80.6110330
End:
Color: 25 205 245
Line: 1, 0, "KSC 54-ft Barnes Wind Analysis\nDivergence: 5.0 x 10^-4 s^-1\nCool colors = divergence\nDerived from KSC 54-ft tower winds"
28.5912445, -80.8612134
28.5909952, -80.8599338
28.5904967, -80.8573746
28.5901833, -80.8558013
28.5900552, -80.8552139
28.5898024, -80.8539343
28.5894250, -80.8519626
28.5890397, -80.8496971
28.5886463, -80.8471380
28.5882257, -80.8445788
28.5877778, -80.8420196
28.5873301, -80.8394604
28.5868827, -80.8369013
28.5864231, -80.8343421
28.5859511, -80.8317829
28.5856600, -80.8302322
28.5855496, -80.8296899
28.5853130, -80.8284103
28.5849499, -80.8263935
28.5845271, -80.8241054
28.5840445, -80.8215463
28.5835541, -80.8189871
28.5830558, -80.8164279
28.5825236, -80.8138688
28.5819574, -80.8113096
28.5815052, -80.8093743
28.5811670, -80.8080628
28.5808525, -80.8067832
28.5805617, -80.8055355
28.5801065, -80.8036321
28.5794869, -80.8010729
28.5788164, -80.7985138
28.5780951, -80.7959546
28.5774262, -80.7937695
28.5768096, -80.7919584
28.5763769, -80.7906788
28.5761281, -80.7899307
28.5755219, -80.7882771
28.5745585, -80.7857179
28.5735587, -80.7832811
28.5725227, -80.7809666
28.5719467, -80.7796870
28.5718308, -80.7794423
28.5711156, -80.7780404
28.5698013, -80.7754813
28.5687351, -80.7734996
28.5679171, -80.7720955
28.5671179, -80.7708159
28.5663377, -80.7696608
28.5652136, -80.7680321
28.5637455, -80.7659296
28.5628124, -80.7646500
28.5624143, -80.7641933
28.5612901, -80.7628206
28.5594399, -80.7605318
28.5583693, -80.7592522
28.5580784, -80.7589818
28.5569542, -80.7576954
28.5549969, -80.7553929
28.5538624, -80.7541133
28.5535507, -80.7538567
28.5525537, -80.7524487
28.5508715, -80.7498896
28.5510274, -80.7473753
28.5530213, -80.7449059
28.5541306, -80.7436263
28.5543553, -80.7435365
28.5554795, -80.7433793
28.5575030, -80.7431547
28.5596390, -80.7430731
28.5618873, -80.7431346
28.5634634, -80.7432469
28.5643673, -80.7434101
28.5654915, -80.7436420
28.5668359, -80.7439427
28.5686322, -80.7445304
28.5708805, -80.7454050
28.5731288, -80.7464422
28.5753771, -80.7476421
28.5766205, -80.7483340
28.5768589, -80.7485180
28.5779831, -80.7494925
28.5799929, -80.7512576
28.5813463, -80.7525372
28.5820432, -80.7533313
28.5831673, -80.7547369
28.5847188, -80.7567541
28.5856596, -80.7580337
28.5859897, -80.7585757
28.5868180, -80.7601262
28.5881445, -80.7626854
28.5891036, -80.7645783
28.5896953, -80.7658050
28.5902480, -80.7670846
28.5907620, -80.7684171
28.5914430, -80.7703629
28.5922911, -80.7729221
28.5931355, -80.7754813
28.5939760, -80.7780404
28.5944191, -80.7793919
28.5944648, -80.7795358
28.5947911, -80.7808153
28.5953979, -80.7832307
28.5960150, -80.7857179
28.5966424, -80.7882771
28.5972726, -80.7908363
28.5979055, -80.7933954
28.5984125, -80.7954023
28.5987937, -80.7968570
28.5991022, -80.7981366
28.5993381, -80.7992411
28.5997227, -80.8010729
28.6002561, -80.8036321
28.6007970, -80.8061913
28.6013455, -80.8087504
28.6019041, -80.8113096
28.6024729, -80.8138688
28.6029383, -80.8159070
28.6033000, -80.8174244
28.6035844, -80.8187039
28.6037915, -80.8197458
28.6041620, -80.8215463
28.6046960, -80.8241054
28.6052003, -80.8266646
28.6056751, -80.8292238
28.6061616, -80.8317829
28.6066600, -80.8343421
28.6071763, -80.8368192
28.6077104, -80.8392142
28.6079929, -80.8404938
28.6080238, -80.8406580
28.6082796, -80.8420196
28.6087603, -80.8445788
28.6092363, -80.8471380
28.6097076, -80.8496971
28.6101799, -80.8522563
28.6106532, -80.8548155
28.6108899, -80.8560950
End:
