; KSC WINDS 54-ft Barnes Divergence / Convergence - 1 Hour Loop
RefreshSeconds: 60
Threshold: 200
; Uses GRLevelX TimeRange (placefile version 1.5).
; Each frame is independently analyzed from the 54-ft tower winds.
; Blank/unsupported trailing frames are omitted.
; Negative divergence = convergence (warm colors).
; Positive divergence = divergence (cool colors).
; Grid spacing: 0.5 km
; Barnes length scale: 10 km
; Hull buffer: 12 km
; Latest valid contour frame: 2026-10-07 02:15Z

; Barnes frame 2026-10-07 01:25Z; stations=22
TimeRange: 2026-10-07T01:25:00 2026-10-07T01:30:00
Color: 255 190 20
Line: 1, 0, "KSC 54-ft Barnes Wind Analysis\nConvergence: 3.0 x 10^-4 s^-1\nWarm colors = convergence\nDerived from KSC 54-ft tower winds"
28.6112711, -80.4942402
28.6105826, -80.4955197
28.6092057, -80.4980788
28.6083823, -80.4995985
28.6081125, -80.5000787
28.6074603, -80.5013582
28.6064259, -80.5034371
28.6053018, -80.5055719
28.6040879, -80.5077627
28.6033877, -80.5090422
28.6032014, -80.5094105
28.6024673, -80.5108741
28.6011855, -80.5134332
28.6001545, -80.5154161
28.5993744, -80.5168230
28.5986975, -80.5181025
28.5981240, -80.5192547
28.5971677, -80.5211104
28.5958288, -80.5236695
28.5949914, -80.5252540
28.5946556, -80.5258639
28.5940159, -80.5271435
28.5930723, -80.5290926
28.5919482, -80.5312686
28.5906435, -80.5336714
28.5899526, -80.5349510
28.5898755, -80.5351072
28.5892405, -80.5364648
28.5880476, -80.5390238
28.5869620, -80.5412314
28.5859836, -80.5430875
28.5853291, -80.5443670
28.5849985, -80.5450700
28.5842612, -80.5467010
28.5831171, -80.5492601
28.5821583, -80.5513397
28.5813847, -80.5529397
28.5807944, -80.5542193
28.5803874, -80.5551783
28.5797050, -80.5569373
28.5787474, -80.5594964
28.5778267, -80.5619288
28.5769431, -80.5642345
28.5764602, -80.5655140
28.5763780, -80.5657674
28.5762303, -80.5671736
28.5760169, -80.5697326
28.5760580, -80.5713584
28.5763535, -80.5720510
28.5776254, -80.5722548
28.5798737, -80.5719700
28.5812081, -80.5716237
28.5816287, -80.5712160
28.5827529, -80.5702091
28.5845806, -80.5686029
28.5858857, -80.5673234
28.5866682, -80.5663705
28.5877923, -80.5650916
28.5892582, -80.5634869
28.5903353, -80.5622073
28.5910237, -80.5612530
28.5921478, -80.5598011
28.5937077, -80.5578516
28.5946895, -80.5565721
28.5950930, -80.5559625
28.5962172, -80.5543917
28.5980619, -80.5518595
28.5989927, -80.5505799
28.5990096, -80.5505531
28.5998154, -80.5492601
28.6014100, -80.5467010
28.6025257, -80.5449750
28.6031625, -80.5440820
28.6039782, -80.5428025
28.6049728, -80.5411364
28.6060970, -80.5393689
28.6073507, -80.5374999
28.6081785, -80.5362204
28.6085804, -80.5355303
28.6095713, -80.5339057
28.6111511, -80.5313466
28.6120743, -80.5298666
28.6123408, -80.5294657
28.6130788, -80.5281861
28.6142882, -80.5260280
28.6154123, -80.5241316
28.6164513, -80.5224967
28.6172271, -80.5212172
28.6177400, -80.5202930
28.6187630, -80.5185513
28.6202963, -80.5159923
28.6211640, -80.5145521
28.6213662, -80.5142308
28.6220671, -80.5129513
28.6232668, -80.5107135
28.6238666, -80.5095946
End:
Color: 255 190 20
Line: 2, 0, "KSC 54-ft Barnes Wind Analysis\nConvergence: 2.0 x 10^-4 s^-1\nWarm colors = convergence\nDerived from KSC 54-ft tower winds"
28.5944877, -80.4802911
28.5939924, -80.4812193
28.5930020, -80.4830757
28.5918778, -80.4852410
28.5906200, -80.4877152
28.5899685, -80.4889947
28.5899234, -80.4890796
28.5892209, -80.4904016
28.5878609, -80.4929607
28.5867593, -80.4950685
28.5859161, -80.4967251
28.5852551, -80.4980047
28.5847763, -80.4989071
28.5838726, -80.5006379
28.5825442, -80.5031969
28.5816595, -80.5049085
28.5812184, -80.5057725
28.5805483, -80.5070520
28.5796493, -80.5087471
28.5785486, -80.5108741
28.5772461, -80.5134332
28.5765714, -80.5147583
28.5765246, -80.5148495
28.5758458, -80.5161290
28.5745349, -80.5185969
28.5734107, -80.5207485
28.5724733, -80.5225837
28.5718132, -80.5238632
28.5714303, -80.5245871
28.5705693, -80.5262285
28.5692303, -80.5287876
28.5682976, -80.5305812
28.5677712, -80.5316094
28.5671039, -80.5328889
28.5662957, -80.5344198
28.5652272, -80.5364648
28.5638985, -80.5390238
28.5631785, -80.5404100
28.5630671, -80.5406234
28.5623828, -80.5419029
28.5611255, -80.5442486
28.5600014, -80.5463730
28.5590103, -80.5482759
28.5583390, -80.5495554
28.5579872, -80.5502115
28.5571297, -80.5518192
28.5557663, -80.5543782
28.5548180, -80.5561656
28.5542848, -80.5571811
28.5536009, -80.5584607
28.5527664, -80.5600041
28.5516754, -80.5620554
28.5503281, -80.5646145
28.5496212, -80.5659586
28.5495548, -80.5660878
28.5488785, -80.5673674
28.5475923, -80.5697972
28.5464682, -80.5719510
28.5455061, -80.5738287
28.5448418, -80.5751082
28.5444753, -80.5757896
28.5436432, -80.5774098
28.5423457, -80.5799689
28.5414047, -80.5818864
28.5408205, -80.5831625
28.5402164, -80.5844420
28.5395925, -80.5857250
28.5387470, -80.5876461
28.5376799, -80.5902051
28.5368677, -80.5923665
28.5363104, -80.5941301
28.5358929, -80.5954096
28.5356151, -80.5962051
28.5352542, -80.5978823
28.5348103, -80.6004414
28.5347129, -80.6030005
28.5349620, -80.6055595
28.5353229, -80.6072953
28.5357955, -80.6082079
28.5365776, -80.6094874
28.5376692, -80.6111339
28.5387933, -80.6123842
28.5399500, -80.6132383
28.5416525, -80.6142631
28.5439008, -80.6154588
28.5457818, -80.6163113
28.5472953, -80.6168206
28.5484195, -80.6171706
28.5491542, -80.6173611
28.5506458, -80.6176114
28.5528941, -80.6179213
28.5551424, -80.6180698
28.5573907, -80.6180568
28.5596390, -80.6178619
28.5618873, -80.6174853
28.5631701, -80.6172415
28.5634874, -80.6171307
28.5646115, -80.6167313
28.5665425, -80.6160431
28.5686322, -80.6150978
28.5708805, -80.6138951
28.5724607, -80.6129596
28.5733728, -80.6122913
28.5744970, -80.6114580
28.5758332, -80.6104598
28.5773410, -80.6091802
28.5790204, -80.6076194
28.5801446, -80.6065704
28.5807134, -80.6060332
28.5819183, -80.6047536
28.5837592, -80.6027318
28.5848834, -80.6014939
28.5852908, -80.6010397
28.5863455, -80.5997602
28.5880475, -80.5976553
28.5891716, -80.5962600
28.5897179, -80.5955744
28.5906872, -80.5942949
28.5920796, -80.5924214
28.5932037, -80.5908998
28.5940597, -80.5897300
28.5949738, -80.5884505
28.5959461, -80.5870612
28.5970703, -80.5854388
28.5983463, -80.5835833
28.5992200, -80.5823038
28.5996913, -80.5816002
28.6007688, -80.5799689
28.6024524, -80.5774098
28.6033409, -80.5760592
28.6034342, -80.5759171
28.6042606, -80.5746375
28.6058200, -80.5722206
28.6069441, -80.5704684
28.6076331, -80.5693810
28.6084407, -80.5681014
28.6093669, -80.5666298
28.6104911, -80.5648214
28.6118131, -80.5626762
28.6126019, -80.5613967
28.6128575, -80.5609828
28.6137645, -80.5594964
28.6153230, -80.5569373
28.6163194, -80.5552973
28.6167536, -80.5545762
28.6175253, -80.5532967
28.6186343, -80.5514587
28.6197585, -80.5495750
28.6208977, -80.5476458
28.6216548, -80.5463663
28.6220296, -80.5457364
28.6229662, -80.5441420
28.6244644, -80.5415829
28.6254011, -80.5399802
28.6257763, -80.5393338
28.6265235, -80.5380543
28.6276426, -80.5361416
28.6287667, -80.5341991
28.6298959, -80.5322268
28.6306298, -80.5309473
28.6309682, -80.5303605
28.6318641, -80.5287876
28.6333175, -80.5262285
28.6342724, -80.5245436
28.6347289, -80.5237327
28.6354510, -80.5224532
28.6364386, -80.5207050
28.6375628, -80.5186959
28.6388234, -80.5164259
28.6395349, -80.5151464
28.6396970, -80.5148573
28.6397781, -80.5147127
End:
Color: 255 220 75
Line: 1, 0, "KSC 54-ft Barnes Wind Analysis\nConvergence: 1.0 x 10^-4 s^-1\nWarm colors = convergence\nDerived from KSC 54-ft tower winds"
28.5564992, -80.4584133
28.5559939, -80.4596928
28.5549834, -80.4622519
28.5543632, -80.4638242
28.5541332, -80.4644096
28.5536421, -80.4656891
28.5528898, -80.4676628
28.5520339, -80.4699291
28.5510741, -80.4724882
28.5503261, -80.4744882
28.5497898, -80.4759294
28.5493213, -80.4772089
28.5489206, -80.4783268
28.5482476, -80.4801654
28.5473024, -80.4827244
28.5464021, -80.4852835
28.5455468, -80.4878425
28.5450956, -80.4891899
28.5450485, -80.4893255
28.5446210, -80.4906050
28.5438131, -80.4930285
28.5429885, -80.4955197
28.5421472, -80.4980788
28.5414270, -80.5002789
28.5408279, -80.5021201
28.5404165, -80.5033996
28.5401928, -80.5041175
28.5396789, -80.5057560
28.5388749, -80.5083151
28.5380868, -80.5108741
28.5373146, -80.5134332
28.5367043, -80.5154019
28.5362560, -80.5167801
28.5358483, -80.5180596
28.5354814, -80.5192405
28.5349017, -80.5211104
28.5341091, -80.5236695
28.5333114, -80.5262285
28.5325084, -80.5287876
28.5319640, -80.5305029
28.5316781, -80.5313744
28.5312677, -80.5326540
28.5307329, -80.5343415
28.5300531, -80.5364648
28.5292284, -80.5390238
28.5283835, -80.5415829
28.5275186, -80.5441420
28.5270743, -80.5454522
28.5270505, -80.5455136
28.5265614, -80.5467932
28.5256072, -80.5492908
28.5246269, -80.5518192
28.5236206, -80.5543782
28.5229736, -80.5559924
28.5226858, -80.5566615
28.5221328, -80.5579411
28.5213144, -80.5598310
28.5203030, -80.5620554
28.5190987, -80.5646145
28.5183837, -80.5661120
28.5181581, -80.5665478
28.5174729, -80.5678273
28.5163281, -80.5699505
28.5152040, -80.5719496
28.5141005, -80.5738244
28.5133316, -80.5751040
28.5128974, -80.5757882
28.5117919, -80.5774098
28.5100150, -80.5799689
28.5091080, -80.5812733
28.5090707, -80.5813231
28.5079941, -80.5826026
28.5058780, -80.5851119
28.5047538, -80.5864405
28.5046216, -80.5865885
28.5034314, -80.5877423
28.5011831, -80.5899019
28.4999040, -80.5911075
28.4995942, -80.5913589
28.4984700, -80.5922456
28.4965315, -80.5937674
28.4947872, -80.5950470
28.4932370, -80.5960842
28.4921129, -80.5968373
28.4914148, -80.5973063
28.4899416, -80.5982111
28.4876932, -80.5995517
28.4859112, -80.6005968
28.4845954, -80.6013462
28.4834713, -80.6020030
28.4825387, -80.6025673
28.4809483, -80.6035682
28.4787000, -80.6050057
28.4771884, -80.6060032
28.4764134, -80.6065604
28.4752892, -80.6074438
28.4738159, -80.6086532
28.4724058, -80.6099327
28.4710590, -80.6112824
28.4699348, -80.6125093
28.4690334, -80.6136135
28.4680995, -80.6148930
28.4671332, -80.6163479
28.4660367, -80.6183548
28.4648103, -80.6209139
28.4641693, -80.6222830
28.4641138, -80.6224621
28.4637746, -80.6237416
28.4631516, -80.6261216
28.4627023, -80.6285911
28.4624268, -80.6311502
28.4623593, -80.6337092
28.4625000, -80.6362683
28.4628772, -80.6388274
28.4634908, -80.6413864
28.4638697, -80.6428349
28.4640139, -80.6431729
28.4647197, -80.6444524
28.4659869, -80.6466735
28.4671110, -80.6483566
28.4680921, -80.6495017
28.4695328, -80.6507813
28.4714330, -80.6521952
28.4725572, -80.6530050
28.4729052, -80.6532104
28.4742034, -80.6536787
28.4764517, -80.6544097
28.4787000, -80.6548750
28.4809483, -80.6550746
28.4831966, -80.6550665
28.4854449, -80.6548507
28.4876932, -80.6544742
28.4899416, -80.6539373
28.4916138, -80.6534771
28.4927101, -80.6530939
28.4938343, -80.6527035
28.4949863, -80.6523062
28.4966865, -80.6516495
28.4989348, -80.6507336
28.5011831, -80.6497978
28.5034314, -80.6488421
28.5048963, -80.6482192
28.5055779, -80.6479291
28.5067021, -80.6474687
28.5082688, -80.6468380
28.5101763, -80.6461211
28.5124246, -80.6453182
28.5146729, -80.6445885
28.5169212, -80.6439322
28.5191081, -80.6433695
28.5212335, -80.6429005
28.5223577, -80.6426534
28.5224805, -80.6426284
28.5236661, -80.6424621
28.5259144, -80.6421546
28.5281627, -80.6419348
28.5304110, -80.6418027
28.5326593, -80.6417547
28.5349076, -80.6417908
28.5371559, -80.6419055
28.5394042, -80.6420989
28.5413289, -80.6423132
28.5429299, -80.6425484
28.5440541, -80.6427190
28.5447014, -80.6428250
28.5461492, -80.6431207
28.5483975, -80.6436062
28.5506458, -80.6441229
28.5528941, -80.6446710
28.5551424, -80.6452086
28.5573907, -80.6457358
28.5596390, -80.6461989
28.5618873, -80.6465979
28.5641356, -80.6468689
28.5663839, -80.6470120
28.5686322, -80.6469564
28.5708805, -80.6467023
28.5731288, -80.6461708
28.5753771, -80.6453621
28.5774102, -80.6443847
28.5792282, -80.6432389
28.5803523, -80.6425313
28.5807827, -80.6422620
28.5821220, -80.6411278
28.5843703, -80.6391289
28.5856249, -80.6379840
28.5858856, -80.6376932
28.5870098, -80.6364279
28.5889973, -80.6341880
28.5901138, -80.6329085
28.5903591, -80.6325893
28.5914553, -80.6311502
28.5934025, -80.6285911
28.5944040, -80.6272748
28.5944598, -80.6272011
28.5953603, -80.6259216
28.5971056, -80.6234362
28.5982298, -80.6218289
28.5987328, -80.6210998
28.5995899, -80.6198202
28.6008012, -80.6179903
28.6019253, -80.6162762
28.6029624, -80.6146780
28.6037870, -80.6133984
28.6043991, -80.6124376
28.6055041, -80.6106777
28.6071020, -80.6081186
28.6079201, -80.6068086
28.6079584, -80.6067476
28.6087608, -80.6054681
28.6103274, -80.6029700
28.6114516, -80.6011617
28.6121333, -80.6000434
28.6129168, -80.5987639
28.6138020, -80.5973232
28.6149262, -80.5954617
28.6162892, -80.5931796
28.6170544, -80.5919001
28.6172218, -80.5916231
28.6180771, -80.5902051
28.6196203, -80.5876461
28.6206607, -80.5859090
28.6211985, -80.5849938
28.6219581, -80.5837143
28.6229397, -80.5820704
28.6240638, -80.5801494
28.6253306, -80.5779515
28.6260696, -80.5766720
28.6262808, -80.5763108
28.6271314, -80.5748507
28.6286214, -80.5722917
28.6296399, -80.5705295
28.6301870, -80.5695641
28.6309191, -80.5682846
28.6318362, -80.5666909
28.6329603, -80.5646937
28.6342915, -80.5622930
28.6350017, -80.5610135
28.6350908, -80.5608551
28.6358580, -80.5594964
28.6373032, -80.5569373
28.6383828, -80.5550004
28.6390968, -80.5536858
28.6397949, -80.5524062
28.6404772, -80.5511618
28.6415035, -80.5492601
28.6428739, -80.5467010
28.6436569, -80.5452386
28.6438526, -80.5448729
28.6445422, -80.5435934
28.6457259, -80.5414001
28.6468501, -80.5392839
28.6479147, -80.5372449
28.6485829, -80.5359654
28.6488546, -80.5354453
28.6496608, -80.5339057
28.6510015, -80.5313466
28.6519897, -80.5294486
28.6526256, -80.5282117
28.6532831, -80.5269321
28.6539620, -80.5256100
28.6549501, -80.5236695
28.6562474, -80.5211104
28.6568960, -80.5198309
End:
Color: 245 245 245
Line: 2, 0, "KSC 54-ft Barnes Wind Analysis\nZero divergence contour\nDerived from KSC 54-ft tower winds"
28.4629376, -80.4123501
28.4626381, -80.4136297
28.4620389, -80.4161887
28.4623260, -80.4182536
28.4634994, -80.4198243
28.4644339, -80.4211038
28.4651295, -80.4220922
28.4658334, -80.4238659
28.4665456, -80.4264250
28.4667544, -80.4289841
28.4664599, -80.4315431
28.4667703, -80.4341022
28.4676856, -80.4366613
28.4682531, -80.4381220
28.4684728, -80.4384843
28.4689179, -80.4397639
28.4695884, -80.4419606
28.4702096, -80.4443384
28.4707814, -80.4468975
28.4713313, -80.4494566
28.4718594, -80.4520156
28.4723597, -80.4545747
28.4728323, -80.4571338
28.4730712, -80.4584298
28.4730766, -80.4584629
28.4732608, -80.4597424
28.4736238, -80.4622684
28.4739497, -80.4648110
28.4742384, -80.4673700
28.4744805, -80.4699291
28.4746761, -80.4724882
28.4748263, -80.4750472
28.4749310, -80.4776063
28.4750423, -80.4801654
28.4751600, -80.4827244
28.4751612, -80.4852835
28.4750457, -80.4878425
28.4747901, -80.4904016
28.4743945, -80.4929607
28.4739173, -80.4952062
28.4733586, -80.4971383
28.4729758, -80.4984178
28.4727687, -80.4990448
28.4720965, -80.5006379
28.4709589, -80.5031969
28.4699383, -80.5051938
28.4690345, -80.5066285
28.4681209, -80.5079080
28.4671973, -80.5090324
28.4660732, -80.5101986
28.4647484, -80.5114065
28.4630802, -80.5126860
28.4610686, -80.5140372
28.4599445, -80.5147761
28.4597078, -80.5149029
28.4584653, -80.5154309
28.4562170, -80.5163599
28.4539687, -80.5171917
28.4517204, -80.5179264
28.4494721, -80.5186077
28.4472238, -80.5192357
28.4458314, -80.5196200
28.4452948, -80.5197606
28.4441707, -80.5200328
28.4424589, -80.5204368
28.4404789, -80.5209074
28.4382306, -80.5214446
28.4359823, -80.5220010
28.4337340, -80.5225768
28.4314856, -80.5231885
28.4292373, -80.5238363
28.4275193, -80.5243574
28.4263315, -80.5247518
28.4252073, -80.5251302
28.4241468, -80.5254926
28.4224924, -80.5261430
28.4202441, -80.5270813
28.4179958, -80.5281618
28.4157475, -80.5293844
28.4145965, -80.5300135
28.4145429, -80.5300493
28.4134187, -80.5309830
28.4112241, -80.5328146
28.4098073, -80.5340942
28.4091685, -80.5348215
28.4081502, -80.5364648
28.4067524, -80.5390238
28.4059476, -80.5407626
28.4057360, -80.5416809
28.4054899, -80.5429605
28.4052094, -80.5446012
28.4051105, -80.5467010
28.4051931, -80.5492601
28.4053334, -80.5510307
28.4055312, -80.5520129
28.4057770, -80.5532924
28.4060708, -80.5548693
28.4066123, -80.5569373
28.4074014, -80.5594964
28.4082748, -80.5620554
28.4092323, -80.5646145
28.4098150, -80.5661161
28.4100229, -80.5665604
28.4105894, -80.5678399
28.4115146, -80.5699547
28.4125683, -80.5722917
28.4137506, -80.5748507
28.4144121, -80.5762656
28.4145529, -80.5765362
28.4151845, -80.5778157
28.4163068, -80.5801042
28.4174310, -80.5824251
28.4185570, -80.5847785
28.4191663, -80.5860580
28.4192589, -80.5862637
28.4199122, -80.5876461
28.4211262, -80.5902051
28.4222041, -80.5925701
28.4231457, -80.5947411
28.4236966, -80.5960206
28.4238566, -80.5964087
28.4244481, -80.5978823
28.4254712, -80.6004414
28.4264156, -80.6030005
28.4272813, -80.6055595
28.4278139, -80.6071746
28.4280134, -80.6078456
28.4283834, -80.6091252
28.4289237, -80.6110132
28.4294808, -80.6132367
28.4300547, -80.6157958
28.4305499, -80.6183548
28.4309665, -80.6209139
28.4313132, -80.6234730
28.4315901, -80.6260320
28.4318075, -80.6285911
28.4319654, -80.6311502
28.4320767, -80.6337092
28.4321412, -80.6362683
28.4321746, -80.6388274
28.4321766, -80.6413864
28.4321656, -80.6439455
28.4321415, -80.6465046
28.4321242, -80.6490636
28.4321138, -80.6516227
28.4321309, -80.6541818
28.4321755, -80.6567408
28.4322681, -80.6592999
28.4324087, -80.6618589
28.4325117, -80.6634673
28.4325771, -80.6641250
28.4327135, -80.6654046
28.4329208, -80.6673059
28.4332485, -80.6695361
28.4336966, -80.6720952
28.4342591, -80.6746543
28.4349360, -80.6772133
28.4357324, -80.6796996
28.4366484, -80.6821131
28.4371384, -80.6833926
28.4372023, -80.6835382
28.4379206, -80.6848905
28.4392934, -80.6874496
28.4403856, -80.6893258
28.4411972, -80.6905192
28.4421456, -80.6917988
28.4432309, -80.6931644
28.4443550, -80.6944845
28.4455181, -80.6957589
28.4467691, -80.6970384
28.4481079, -80.6983231
28.4492321, -80.6993739
28.4501415, -80.7001908
28.4517204, -80.7014645
28.4539687, -80.7031950
28.4551016, -80.7040661
28.4551191, -80.7040777
28.4562432, -80.7048358
28.4584740, -80.7063402
28.4604963, -80.7076198
28.4623101, -80.7086744
28.4634343, -80.7093359
28.4638688, -80.7096045
28.4652102, -80.7103313
28.4674585, -80.7115163
28.4697068, -80.7125992
28.4719551, -80.7135798
28.4732601, -80.7141325
28.4736217, -80.7142573
28.4747459, -80.7146926
28.4766326, -80.7154384
28.4787000, -80.7161676
28.4809483, -80.7168805
28.4831966, -80.7175182
28.4854449, -80.7180808
28.4876932, -80.7185724
28.4899416, -80.7189927
28.4915950, -80.7192617
28.4926537, -80.7193792
28.4937779, -80.7195191
28.4949675, -80.7196814
28.4966865, -80.7197949
28.4989348, -80.7198594
28.5010612, -80.7197782
28.5030657, -80.7195513
28.5041898, -80.7194238
28.5044336, -80.7193957
28.5056797, -80.7190582
28.5079280, -80.7184113
28.5101763, -80.7174903
28.5124246, -80.7162954
28.5140088, -80.7153534
28.5149289, -80.7146643
28.5160531, -80.7138141
28.5173813, -80.7128028
28.5189062, -80.7115233
28.5206278, -80.7099755
28.5217520, -80.7089714
28.5222786, -80.7085109
28.5236661, -80.7073601
28.5259144, -80.7055191
28.5272628, -80.7044698
28.5277111, -80.7042123
28.5288353, -80.7036358
28.5306352, -80.7027405
28.5326593, -80.7021636
28.5349076, -80.7019053
28.5371559, -80.7020939
28.5394042, -80.7027296
28.5409507, -80.7033064
28.5417955, -80.7038245
28.5429196, -80.7044796
28.5443232, -80.7052717
28.5461492, -80.7064736
28.5483975, -80.7080853
28.5496174, -80.7089688
28.5498089, -80.7091240
28.5509331, -80.7099268
28.5529898, -80.7113771
28.5548996, -80.7126566
28.5566624, -80.7137654
28.5577865, -80.7144509
28.5582721, -80.7147131
28.5596390, -80.7153440
28.5618873, -80.7163438
28.5641356, -80.7171221
28.5663839, -80.7176789
28.5686322, -80.7179801
28.5708805, -80.7180257
28.5731288, -80.7177902
28.5753771, -80.7172736
28.5776254, -80.7164629
28.5798737, -80.7153582
28.5811564, -80.7146843
28.5814734, -80.7144413
28.5825975, -80.7135732
28.5845288, -80.7120800
28.5860228, -80.7108005
28.5870794, -80.7097346
28.5882035, -80.7085931
28.5893952, -80.7073761
28.5905387, -80.7060966
28.5916338, -80.7047545
28.5927580, -80.7033674
28.5939111, -80.7019351
28.5948884, -80.7006556
28.5956897, -80.6995288
28.5968139, -80.6979350
28.5982608, -80.6958742
28.5991477, -80.6945946
28.5994745, -80.6940964
28.6004664, -80.6925677
28.6021233, -80.6900087
28.6030840, -80.6885226
28.6033486, -80.6881096
28.6041456, -80.6868301
28.6054749, -80.6846840
28.6065991, -80.6828619
28.6075180, -80.6813637
28.6083006, -80.6800841
28.6089466, -80.6790233
28.6100404, -80.6772133
28.6115820, -80.6746543
28.6123831, -80.6733238
28.6124438, -80.6732221
28.6132135, -80.6719425
28.6146922, -80.6694852
28.6158163, -80.6676104
28.6165859, -80.6663178
28.6173563, -80.6650383
28.6181276, -80.6637718
28.6192517, -80.6619073
28.6207288, -80.6594449
28.6214973, -80.6581654
28.6215572, -80.6580687
28.6223645, -80.6567408
28.6239192, -80.6541818
28.6250134, -80.6523708
28.6256471, -80.6513079
28.6264235, -80.6500284
28.6273426, -80.6485322
28.6284668, -80.6466712
28.6297960, -80.6444454
28.6305634, -80.6431658
28.6307691, -80.6428326
28.6316346, -80.6413864
28.6331601, -80.6388274
28.6341814, -80.6370996
28.6346986, -80.6362033
28.6354464, -80.6349237
28.6364249, -80.6332610
28.6375491, -80.6312951
28.6388189, -80.6290260
28.6395361, -80.6277465
28.6397006, -80.6274565
28.6404770, -80.6260320
28.6418652, -80.6234730
28.6429071, -80.6215172
28.6436026, -80.6201648
28.6442588, -80.6188853
28.6448755, -80.6176786
28.6457996, -80.6157958
28.6470312, -80.6132367
28.6478470, -80.6115251
28.6482470, -80.6106611
28.6488288, -80.6093815
28.6495923, -80.6076865
28.6505174, -80.6055595
28.6516040, -80.6030005
28.6523464, -80.6012407
28.6527445, -80.6002802
28.6532609, -80.5990007
28.6538955, -80.5974021
28.6546966, -80.5953233
28.6556640, -80.5927642
28.6564708, -80.5906097
28.6571171, -80.5888598
28.6575824, -80.5875803
28.6578667, -80.5867711
28.6584564, -80.5850870
28.6593516, -80.5825279
28.6602373, -80.5799689
28.6611136, -80.5774098
28.6616480, -80.5758564
28.6618405, -80.5753086
28.6622679, -80.5740290
28.6629301, -80.5720178
28.6636829, -80.5697326
28.6645265, -80.5671736
28.6653195, -80.5647819
28.6660621, -80.5625577
28.6664858, -80.5612782
28.6665906, -80.5609433
28.6670586, -80.5594964
28.6678898, -80.5569373
28.6687266, -80.5543782
28.6695691, -80.5518192
28.6702253, -80.5498511
28.6706951, -80.5484741
28.6711189, -80.5471946
28.6714968, -80.5460125
28.6721083, -80.5441420
28.6729535, -80.5415829
28.6738097, -80.5390238
28.6746768, -80.5364648
28.6751103, -80.5351852
End:
Color: 245 245 245
Line: 2, 0, "KSC 54-ft Barnes Wind Analysis\nZero divergence contour\nDerived from KSC 54-ft tower winds"
28.6432172, -80.8627455
28.6433882, -80.8614660
28.6437301, -80.8589069
28.6439134, -80.8575645
28.6439381, -80.8574388
28.6441560, -80.8561592
28.6445672, -80.8537259
28.6449256, -80.8512297
28.6452312, -80.8486707
28.6455044, -80.8461116
28.6457452, -80.8435525
28.6459102, -80.8409935
28.6459992, -80.8384344
28.6461065, -80.8358753
28.6462319, -80.8333163
28.6464910, -80.8307572
28.6468838, -80.8281982
28.6473546, -80.8256391
28.6479033, -80.8230800
28.6482450, -80.8212659
28.6483797, -80.8201968
28.6485321, -80.8189172
28.6487024, -80.8174273
28.6489375, -80.8154028
28.6492374, -80.8128438
28.6495633, -80.8102847
28.6499153, -80.8077256
28.6501335, -80.8051666
28.6502178, -80.8026075
28.6504427, -80.8000484
28.6508079, -80.7974894
28.6511960, -80.7949303
28.6516067, -80.7923712
28.6519868, -80.7898122
28.6523365, -80.7872531
28.6526193, -80.7852517
28.6528355, -80.7838079
28.6530175, -80.7825283
28.6531653, -80.7814131
28.6534177, -80.7795759
28.6537746, -80.7770169
28.6541446, -80.7744578
28.6545278, -80.7718987
28.6549223, -80.7693397
28.6553282, -80.7667806
28.6557386, -80.7642215
28.6561537, -80.7616625
28.6565664, -80.7591034
28.6569768, -80.7565443
28.6572466, -80.7548991
28.6573757, -80.7541678
28.6575859, -80.7528883
28.6578772, -80.7510605
28.6582296, -80.7488671
28.6586429, -80.7463081
28.6590563, -80.7437490
28.6594700, -80.7411900
28.6598798, -80.7386309
28.6602857, -80.7360718
28.6606860, -80.7335128
28.6610809, -80.7309537
28.6614429, -80.7285983
28.6617722, -80.7264466
28.6619656, -80.7251671
28.6620233, -80.7247597
28.6622411, -80.7232765
28.6626189, -80.7207174
28.6629815, -80.7181584
28.6633290, -80.7155993
28.6636866, -80.7130402
28.6640542, -80.7104812
28.6644018, -80.7079221
28.6647294, -80.7053630
28.6650803, -80.7028040
28.6654545, -80.7002449
28.6658116, -80.6976859
28.6661516, -80.6951268
28.6663496, -80.6936624
28.6664055, -80.6932927
28.6665951, -80.6920132
28.6669184, -80.6898238
28.6672896, -80.6874496
28.6677086, -80.6848905
28.6681310, -80.6823315
28.6685567, -80.6797724
28.6690161, -80.6772133
28.6695092, -80.6746543
28.6700210, -80.6720952
28.6705515, -80.6695361
28.6708451, -80.6681296
28.6709017, -80.6678755
28.6711816, -80.6665960
28.6716847, -80.6642910
28.6722654, -80.6618589
28.6729238, -80.6592999
28.6736331, -80.6567408
28.6743935, -80.6541818
28.6749369, -80.6524047
28.6752634, -80.6514097
28.6756906, -80.6501302
28.6762186, -80.6485661
28.6769761, -80.6465046
28.6779633, -80.6439455
28.6788235, -80.6418487
28.6795566, -80.6402142
28.6801403, -80.6389347
28.6805745, -80.6380101
28.6814289, -80.6362683
28.6827036, -80.6337092
28.6836107, -80.6319609
28.6841501, -80.6310234
28.6849366, -80.6297438
28.6859700, -80.6281223
28.6870941, -80.6263820
28.6883090, -80.6245227
28.6891647, -80.6232432
28.6896612, -80.6225434
28.6907853, -80.6210348
28.6925372, -80.6187174
28.6935233, -80.6174379
28.6937439, -80.6171962
28.6948680, -80.6158750
28.6968958, -80.6134743
28.6979863, -80.6121948
28.6981397, -80.6120364
28.6992638, -80.6108522
28.7013588, -80.6086421
28.7026005, -80.6073626
28.7029889, -80.6070136
28.7041131, -80.6058233
28.7059730, -80.6037917
28.7072267, -80.6025121
28.7078742, -80.6019847
28.7089983, -80.6010740
28.7105991, -80.5997800
28.7122542, -80.5985005
28.7139637, -80.5972354
28.7150879, -80.5963751
28.7156267, -80.5959198
28.7170203, -80.5948140
28.7192686, -80.5930577
28.7206576, -80.5920058
28.7211873, -80.5916584
28.7223115, -80.5908352
28.7240300, -80.5895362
28.7258266, -80.5882567
28.7277013, -80.5869966
28.7288254, -80.5862212
28.7291991, -80.5859306
28.7305101, -80.5850380
28.7327584, -80.5835435
28.7345188, -80.5824093
28.7357915, -80.5816354
28.7369156, -80.5809067
28.7378913, -80.5802232
28.7395033, -80.5790565
28.7417516, -80.5774066
28.7430055, -80.5764688
28.7432649, -80.5762431
28.7443891, -80.5753837
28.7463779, -80.5738904
28.7484907, -80.5726109
28.7507273, -80.5715451
28.7518514, -80.5710084
28.7518631, -80.5710008
28.7518690, -80.5709970
End:
Color: 155 240 235
Line: 1, 0, "KSC 54-ft Barnes Wind Analysis\nDivergence: 1.0 x 10^-4 s^-1\nCool colors = divergence\nDerived from KSC 54-ft tower winds"
28.2662353, -80.6478804
28.2673595, -80.6489800
28.2696078, -80.6511792
28.2709042, -80.6524347
28.2712487, -80.6527464
28.2723729, -80.6536670
28.2742766, -80.6551966
28.2761274, -80.6564761
28.2779251, -80.6575056
28.2790492, -80.6581549
28.2794998, -80.6584239
28.2808493, -80.6590350
28.2830976, -80.6599883
28.2852704, -80.6611333
28.2873676, -80.6624701
28.2884917, -80.6631882
28.2886428, -80.6632878
28.2898425, -80.6640563
28.2920908, -80.6654939
28.2941487, -80.6667237
28.2960163, -80.6677456
28.2971405, -80.6683740
28.2975212, -80.6686086
28.2988357, -80.6694534
28.3010840, -80.6709081
28.3029555, -80.6720703
28.3044503, -80.6729399
28.3055745, -80.6736033
28.3063280, -80.6740604
28.3078289, -80.6749315
28.3100772, -80.6762166
28.3119986, -80.6772676
28.3135931, -80.6780844
28.3147172, -80.6786686
28.3153711, -80.6790200
28.3168221, -80.6798026
28.3190704, -80.6810164
28.3211536, -80.6821202
28.3230715, -80.6831141
28.3241956, -80.6837022
28.3245260, -80.6838847
28.3258154, -80.6845574
28.3280637, -80.6857204
28.3303120, -80.6868608
28.3325603, -80.6879787
28.3337937, -80.6885855
28.3340123, -80.6886812
28.3351364, -80.6892272
28.3371662, -80.6902232
28.3393052, -80.6912214
28.3415535, -80.6922217
28.3434883, -80.6930032
28.3451095, -80.6935659
28.3462337, -80.6939797
28.3468607, -80.6942446
28.3482984, -80.6945423
28.3505467, -80.6948728
28.3526502, -80.6947404
28.3546089, -80.6941450
28.3557331, -80.6937948
28.3560227, -80.6936899
28.3570801, -80.6924104
28.3589054, -80.6899562
28.3600295, -80.6884248
28.3604526, -80.6878161
28.3611032, -80.6865366
28.3619815, -80.6845862
28.3630839, -80.6823315
28.3644103, -80.6797724
28.3650953, -80.6784581
28.3651389, -80.6783887
28.3657980, -80.6771092
28.3670727, -80.6746195
28.3681968, -80.6725890
28.3691705, -80.6710176
28.3699524, -80.6697381
28.3705426, -80.6687504
28.3716667, -80.6671299
28.3733248, -80.6648765
28.3742650, -80.6635969
28.3744871, -80.6632913
28.3756112, -80.6620310
28.3776374, -80.6598160
28.3788061, -80.6585365
28.3791172, -80.6581924
28.3802413, -80.6571273
28.3821785, -80.6553412
28.3835527, -80.6540617
28.3843639, -80.6532887
28.3854880, -80.6523099
28.3869252, -80.6511251
28.3883933, -80.6498456
28.3898925, -80.6484713
28.3910166, -80.6474641
28.3917658, -80.6468242
28.3930638, -80.6455447
28.3949108, -80.6436255
28.3960349, -80.6424446
28.3964363, -80.6420018
28.3973783, -80.6407223
28.3988611, -80.6386060
28.3999853, -80.6368164
28.4007508, -80.6353535
28.4013543, -80.6340740
28.4017958, -80.6329778
28.4023001, -80.6311502
28.4028672, -80.6285911
28.4031787, -80.6260320
28.4032346, -80.6234730
28.4030654, -80.6209139
28.4026712, -80.6183548
28.4021389, -80.6159846
28.4014687, -80.6138030
28.4010754, -80.6125235
28.4009592, -80.6121460
28.4003246, -80.6106777
28.3991718, -80.6081186
28.3981058, -80.6059690
28.3971266, -80.6042290
28.3964056, -80.6029494
28.3959428, -80.6021304
28.3948596, -80.6004414
28.3931558, -80.5978823
28.3922630, -80.5965477
28.3921812, -80.5964376
28.3912151, -80.5951581
28.3893647, -80.5927091
28.3882405, -80.5912409
28.3878427, -80.5907534
28.3867723, -80.5894739
28.3850296, -80.5874023
28.3839054, -80.5860822
28.3833999, -80.5855136
28.3822508, -80.5842341
28.3804583, -80.5822436
28.3793341, -80.5809994
28.3788784, -80.5805014
28.3776675, -80.5792219
28.3757015, -80.5771608
28.3745774, -80.5759867
28.3742951, -80.5756995
28.3730297, -80.5744557
28.3707814, -80.5722553
28.3696206, -80.5711194
28.3695474, -80.5710479
28.3684232, -80.5699569
28.3662482, -80.5678464
28.3649048, -80.5665669
28.3643931, -80.5661183
28.3632690, -80.5651228
28.3615324, -80.5635804
28.3601083, -80.5623008
28.3589969, -80.5612842
28.3578727, -80.5602310
28.3567359, -80.5591411
28.3553311, -80.5578616
28.3536585, -80.5563924
28.3525344, -80.5554023
28.3519587, -80.5548913
28.3505467, -80.5536900
28.3482984, -80.5517982
28.3470782, -80.5507741
28.3468861, -80.5506178
28.3457619, -80.5496697
28.3437057, -80.5479297
28.3421505, -80.5466502
28.3410961, -80.5458311
28.3399720, -80.5449328
28.3387780, -80.5439554
28.3381810, -80.5434667
End:
Color: 155 240 235
Line: 1, 0, "KSC 54-ft Barnes Wind Analysis\nDivergence: 1.0 x 10^-4 s^-1\nCool colors = divergence\nDerived from KSC 54-ft tower winds"
28.5457276, -80.8064461
28.5465905, -80.8051666
28.5483162, -80.8026075
28.5492647, -80.8012037
28.5494360, -80.8009552
28.5506458, -80.7997192
28.5528941, -80.7974958
28.5551424, -80.7964238
28.5573907, -80.7965033
28.5588816, -80.7977392
28.5596151, -80.8001317
28.5600646, -80.8026075
28.5602302, -80.8051666
28.5602560, -80.8077256
28.5601421, -80.8102847
28.5598937, -80.8128438
28.5595109, -80.8154028
28.5593194, -80.8166824
End:
Color: 75 225 235
Line: 2, 0, "KSC 54-ft Barnes Wind Analysis\nDivergence: 2.0 x 10^-4 s^-1\nCool colors = divergence\nDerived from KSC 54-ft tower winds"
28.3112014, -80.6091853
28.3123255, -80.6093120
28.3145738, -80.6095652
28.3168221, -80.6097846
28.3190704, -80.6099700
28.3213187, -80.6100989
28.3235671, -80.6101712
28.3258154, -80.6101976
28.3280637, -80.6101779
28.3303120, -80.6101184
28.3325603, -80.6100190
28.3348086, -80.6098769
28.3370569, -80.6096924
28.3393052, -80.6094527
28.3415535, -80.6091579
28.3438018, -80.6087799
28.3460501, -80.6083186
28.3479628, -80.6077758
28.3495399, -80.6071513
28.3506641, -80.6066355
28.3513353, -80.6062283
28.3527613, -80.6049488
28.3549422, -80.6027969
28.3560664, -80.6013787
28.3561338, -80.6006942
28.3562274, -80.5994147
28.3563474, -80.5975401
28.3563474, -80.5964610
28.3562274, -80.5961775
28.3557535, -80.5948980
28.3549255, -80.5926224
28.3538013, -80.5902428
28.3523810, -80.5877591
28.3516515, -80.5864796
28.3516127, -80.5864042
28.3506017, -80.5850870
28.3486184, -80.5825279
28.3475136, -80.5811312
28.3472874, -80.5808968
28.3461119, -80.5796173
28.3439873, -80.5772926
28.3428632, -80.5760719
28.3427395, -80.5759550
28.3415535, -80.5747995
28.3393052, -80.5726052
28.3380609, -80.5713841
28.3378205, -80.5711361
28.3366964, -80.5701141
28.3346884, -80.5683181
28.3336844, -80.5674200
End:

; Barnes frame 2026-10-07 01:30Z; stations=21
TimeRange: 2026-10-07T01:30:00 2026-10-07T01:35:00
Color: 255 220 75
Line: 1, 0, "KSC 54-ft Barnes Wind Analysis\nConvergence: 1.0 x 10^-4 s^-1\nWarm colors = convergence\nDerived from KSC 54-ft tower winds"
28.5075130, -80.4225571
28.5070574, -80.4238367
28.5061461, -80.4263960
28.5052564, -80.4289553
28.5043882, -80.4315146
28.5038937, -80.4329768
28.5037729, -80.4333420
28.5033469, -80.4346217
28.5026157, -80.4368157
28.5018453, -80.4391924
28.5010358, -80.4417517
28.5002773, -80.4442021
28.4995697, -80.4465435
28.4991827, -80.4478231
28.4991162, -80.4480410
28.4987075, -80.4494296
28.4979565, -80.4519889
28.4972255, -80.4545482
28.4965145, -80.4571074
28.4958186, -80.4596667
28.4951378, -80.4622260
28.4947779, -80.4635816
28.4947388, -80.4637335
28.4944093, -80.4650131
28.4937892, -80.4674205
28.4931643, -80.4699039
28.4925346, -80.4724632
28.4919128, -80.4750224
28.4912989, -80.4775817
28.4907997, -80.4796643
28.4904150, -80.4812703
28.4901084, -80.4825499
28.4898796, -80.4835033
28.4894970, -80.4852596
28.4889605, -80.4878189
28.4883828, -80.4903782
28.4877640, -80.4929375
28.4871573, -80.4954967
28.4865626, -80.4980560
28.4861305, -80.4998994
28.4858609, -80.5010270
28.4855510, -80.5023066
28.4852008, -80.5037384
28.4847020, -80.5057339
28.4840544, -80.5082932
28.4833798, -80.5108525
28.4826780, -80.5134118
28.4820527, -80.5156321
28.4815039, -80.5175136
28.4811246, -80.5187933
28.4809147, -80.5194711
28.4803774, -80.5210896
28.4795128, -80.5236489
28.4786081, -80.5262082
28.4776633, -80.5287675
28.4770764, -80.5303267
28.4768474, -80.5308859
28.4762956, -80.5321656
28.4754209, -80.5341657
28.4743748, -80.5364453
28.4731575, -80.5390046
28.4724707, -80.5404343
28.4723144, -80.5407345
28.4716010, -80.5420141
28.4703303, -80.5442733
28.4692061, -80.5462254
28.4682285, -80.5478706
28.4674392, -80.5491503
28.4668382, -80.5500644
28.4657141, -80.5517340
28.4640667, -80.5541593
28.4631939, -80.5554390
28.4630955, -80.5555730
28.4621189, -80.5569196
28.4602642, -80.5594789
28.4591892, -80.5609683
28.4588941, -80.5613879
28.4579777, -80.5626676
28.4564401, -80.5648073
28.4553159, -80.5664182
28.4546052, -80.5675005
28.4537760, -80.5687801
28.4528282, -80.5702572
28.4517041, -80.5722079
28.4504035, -80.5746322
28.4497194, -80.5759118
28.4496517, -80.5760468
28.4491108, -80.5773939
28.4480968, -80.5799532
28.4472486, -80.5825125
28.4465663, -80.5850718
28.4460264, -80.5876311
28.4456289, -80.5901904
28.4453868, -80.5920941
28.4453000, -80.5933423
28.4452182, -80.5946219
28.4451412, -80.5959330
28.4451067, -80.5978682
28.4451147, -80.6004275
28.4451532, -80.6023345
28.4452222, -80.6035891
28.4452911, -80.6048688
28.4453599, -80.6061734
28.4455196, -80.6081054
28.4457701, -80.6106647
28.4460710, -80.6132239
28.4464224, -80.6157832
28.4468308, -80.6183425
28.4472961, -80.6209018
28.4478327, -80.6234611
28.4484404, -80.6260204
28.4489965, -80.6280867
28.4495010, -80.6296601
28.4499305, -80.6309397
28.4502851, -80.6319256
28.4510984, -80.6336982
28.4523704, -80.6362575
28.4533173, -80.6380025
28.4539390, -80.6389331
28.4549581, -80.6402128
28.4563746, -80.6418414
28.4574988, -80.6430224
28.4583306, -80.6437556
28.4598706, -80.6447936
28.4621189, -80.6461364
28.4639705, -80.6470494
28.4654255, -80.6475327
28.4665496, -80.6478856
28.4673430, -80.6481082
28.4688638, -80.6483245
28.4711121, -80.6485345
28.4733604, -80.6485635
28.4756087, -80.6484116
28.4774121, -80.6481954
28.4787704, -80.6479147
28.4798946, -80.6476794
28.4807845, -80.6474896
28.4823537, -80.6470186
28.4846020, -80.6462667
28.4868503, -80.6454065
28.4890986, -80.6444381
28.4908576, -80.6436294
28.4921272, -80.6429803
28.4932514, -80.6423945
28.4942300, -80.6418719
28.4958435, -80.6409508
28.4980918, -80.6396312
28.4997966, -80.6386128
28.5009579, -80.6378957
28.5020821, -80.6371831
28.5031691, -80.6364750
28.5048367, -80.6353941
28.5070850, -80.6339406
28.5085276, -80.6330150
28.5091646, -80.6326174
28.5102888, -80.6318828
28.5119001, -80.6308113
28.5138299, -80.6295992
28.5160782, -80.6282464
28.5173275, -80.6275025
28.5175779, -80.6273675
28.5187021, -80.6267171
28.5207000, -80.6255512
28.5228231, -80.6244266
28.5250714, -80.6233432
28.5265874, -80.6226465
28.5273711, -80.6223365
28.5284952, -80.6218605
28.5299599, -80.6212185
28.5318163, -80.6205212
28.5340647, -80.6197685
28.5363130, -80.6191160
28.5385613, -80.6185635
28.5408096, -80.6180831
28.5430579, -80.6176748
28.5448796, -80.6173687
28.5462749, -80.6171648
28.5473990, -80.6169947
28.5482521, -80.6168582
28.5498028, -80.6166214
28.5520511, -80.6162843
28.5542994, -80.6159198
28.5565477, -80.6155279
28.5587960, -80.6150654
28.5610443, -80.6145322
28.5632926, -80.6138865
28.5655409, -80.6131284
28.5671005, -80.6125480
28.5679714, -80.6121455
28.5690955, -80.6116141
28.5704730, -80.6109538
28.5722858, -80.6099287
28.5745341, -80.6085387
28.5759932, -80.6075892
28.5766631, -80.6070802
28.5777872, -80.6062082
28.5793657, -80.6049732
28.5808767, -80.6036935
28.5823203, -80.6023693
28.5834444, -80.6013274
28.5842491, -80.6005680
28.5855027, -80.5992883
28.5872051, -80.5974885
28.5883292, -80.5962920
28.5888751, -80.5956989
28.5899839, -80.5944192
28.5916555, -80.5924531
28.5927797, -80.5911217
28.5933564, -80.5904251
28.5943756, -80.5891454
28.5958375, -80.5872828
28.5969616, -80.5858367
28.5977481, -80.5848072
28.5987030, -80.5835275
28.5998262, -80.5819977
28.6009504, -80.5804456
28.6020754, -80.5788712
28.6029881, -80.5775916
28.6036885, -80.5766067
28.6048126, -80.5749917
28.6063606, -80.5727464
28.6072413, -80.5714668
28.6074549, -80.5711527
28.6084107, -80.5697161
28.6101085, -80.5671568
28.6111259, -80.5656178
28.6114627, -80.5650990
28.6122921, -80.5638194
28.6136142, -80.5617788
28.6147383, -80.5600232
28.6156646, -80.5585526
28.6164723, -80.5572729
28.6171613, -80.5561843
28.6182854, -80.5543698
28.6198447, -80.5518293
28.6206302, -80.5505497
28.6206419, -80.5505308
28.6214274, -80.5492418
28.6229868, -80.5466825
28.6241051, -80.5448326
28.6247823, -80.5436922
28.6255460, -80.5424126
28.6263961, -80.5409937
28.6275202, -80.5390835
28.6289184, -80.5366821
28.6296639, -80.5354024
28.6297565, -80.5352446
28.6305421, -80.5338860
28.6320207, -80.5313268
28.6330986, -80.5294528
28.6337756, -80.5282641
28.6345097, -80.5269844
28.6353008, -80.5256138
28.6364103, -80.5236489
28.6378384, -80.5210896
28.6385670, -80.5197837
28.6385962, -80.5197312
28.6393109, -80.5184515
28.6407110, -80.5159448
28.6414110, -80.5146914
End:
Color: 245 245 245
Line: 2, 0, "KSC 54-ft Barnes Wind Analysis\nZero divergence contour\nDerived from KSC 54-ft tower winds"
28.4219851, -80.4225571
28.4220383, -80.4238367
28.4221447, -80.4263960
28.4223419, -80.4281339
28.4226297, -80.4290503
28.4230803, -80.4303300
28.4236938, -80.4319728
28.4242843, -80.4340739
28.4248517, -80.4366331
28.4256691, -80.4391184
28.4267365, -80.4415296
28.4273016, -80.4428092
28.4273643, -80.4429573
28.4275509, -80.4443110
28.4278614, -80.4468703
28.4280975, -80.4494296
28.4282593, -80.4519889
28.4283298, -80.4545482
28.4283091, -80.4571074
28.4281676, -80.4596667
28.4279053, -80.4622260
28.4276482, -80.4640199
28.4273962, -80.4650485
28.4270614, -80.4663281
28.4266437, -80.4678589
28.4260110, -80.4699039
28.4251632, -80.4724632
28.4242479, -80.4747041
28.4232650, -80.4766268
28.4225854, -80.4779064
28.4222091, -80.4785431
28.4210849, -80.4799143
28.4192130, -80.4820202
28.4180382, -80.4832999
28.4175605, -80.4837533
28.4164364, -80.4846858
28.4146657, -80.4860974
28.4129185, -80.4873771
28.4111948, -80.4885247
28.4100706, -80.4892451
28.4095461, -80.4895382
28.4081596, -80.4902861
28.4059113, -80.4914889
28.4036630, -80.4925453
28.4014147, -80.4934552
28.4000738, -80.4939869
28.3996404, -80.4941404
28.3985162, -80.4945107
28.3967014, -80.4950979
28.3946698, -80.4957251
28.3924215, -80.4963924
28.3901732, -80.4968951
28.3879249, -80.4972333
28.3856766, -80.4975511
28.3834283, -80.4978483
28.3815870, -80.4983316
28.3801529, -80.4990010
28.3790287, -80.4995187
28.3782146, -80.4998847
28.3766834, -80.5005715
28.3744351, -80.5015791
28.3721868, -80.5026504
28.3699385, -80.5037855
28.3687610, -80.5043783
28.3686545, -80.5044289
28.3675303, -80.5051114
28.3653886, -80.5064258
28.3636022, -80.5077055
28.3621713, -80.5089504
28.3610472, -80.5102188
28.3602298, -80.5115106
28.3595352, -80.5127903
28.3589633, -80.5140577
28.3585691, -80.5159710
28.3583526, -80.5185303
28.3584781, -80.5210896
28.3589456, -80.5236489
28.3593398, -80.5253294
28.3596606, -80.5261310
28.3601018, -80.5274106
28.3606631, -80.5291683
28.3615206, -80.5313268
28.3626744, -80.5338860
28.3635179, -80.5356774
28.3640511, -80.5367008
28.3646892, -80.5379804
28.3654322, -80.5395163
28.3665564, -80.5413594
28.3680617, -80.5435097
28.3689546, -80.5447893
28.3692352, -80.5451983
28.3703042, -80.5466825
28.3721615, -80.5492418
28.3731454, -80.5505921
28.3732557, -80.5507335
28.3741663, -80.5520132
28.3758771, -80.5544310
28.3770013, -80.5559766
28.3775388, -80.5566499
28.3785075, -80.5579296
28.3799076, -80.5598156
28.3810317, -80.5612811
28.3818800, -80.5623262
28.3828526, -80.5636058
28.3839494, -80.5651200
28.3850736, -80.5666151
28.3862250, -80.5680910
28.3872041, -80.5693707
28.3880109, -80.5704540
28.3891351, -80.5719062
28.3905766, -80.5737271
28.3915660, -80.5750068
28.3921032, -80.5757451
28.3932274, -80.5772396
28.3949384, -80.5794903
28.3959038, -80.5807699
28.3961236, -80.5810785
28.3971756, -80.5825125
28.3990599, -80.5850718
28.4000742, -80.5864484
28.4002184, -80.5866424
28.4011264, -80.5879221
28.4027979, -80.5902874
28.4039221, -80.5918881
28.4044988, -80.5927242
28.4053544, -80.5940039
28.4064889, -80.5957270
28.4076130, -80.5974788
28.4087269, -80.5992591
28.4095172, -80.6005388
28.4099841, -80.6013177
28.4109333, -80.6029868
28.4123650, -80.6055461
28.4132557, -80.6071713
28.4136055, -80.6078626
28.4142360, -80.6091422
28.4151472, -80.6110103
28.4161433, -80.6132239
28.4172243, -80.6157832
28.4178928, -80.6174196
28.4181489, -80.6181330
28.4186036, -80.6194127
28.4192567, -80.6212585
28.4199555, -80.6234611
28.4206999, -80.6260204
28.4213814, -80.6285797
28.4220000, -80.6311390
28.4224254, -80.6329949
28.4226575, -80.6341476
28.4229155, -80.6354272
28.4231994, -80.6368339
28.4235775, -80.6388168
28.4240498, -80.6413761
28.4245488, -80.6439354
28.4250742, -80.6464947
28.4256840, -80.6490540
28.4263782, -80.6516132
28.4268615, -80.6532696
28.4271340, -80.6540229
28.4276207, -80.6553026
28.4283217, -80.6571085
28.4294086, -80.6592911
28.4308814, -80.6618504
28.4316551, -80.6631787
28.4317296, -80.6632761
28.4328413, -80.6645558
28.4349904, -80.6670177
28.4361145, -80.6682925
28.4362138, -80.6683803
28.4373876, -80.6692995
28.4396359, -80.6710501
28.4413365, -80.6722859
28.4424894, -80.6730068
28.4436135, -80.6736649
28.4447089, -80.6742603
28.4463808, -80.6750600
28.4486291, -80.6760639
28.4508774, -80.6769401
28.4531257, -80.6776885
28.4547082, -80.6781685
28.4556249, -80.6783800
28.4567490, -80.6786355
28.4580807, -80.6789351
28.4598706, -80.6792439
28.4621189, -80.6795621
28.4643672, -80.6797875
28.4666155, -80.6799202
28.4688638, -80.6799646
28.4711121, -80.6799209
28.4733604, -80.6797939
28.4756087, -80.6795834
28.4778571, -80.6792923
28.4801054, -80.6789206
28.4815049, -80.6786725
28.4820556, -80.6785480
28.4831798, -80.6782966
28.4848773, -80.6779183
28.4868503, -80.6774079
28.4890986, -80.6767652
28.4913469, -80.6760398
28.4935952, -80.6752316
28.4955595, -80.6744624
28.4972400, -80.6737323
28.4983641, -80.6732460
28.4989320, -80.6730038
28.5003401, -80.6723444
28.5025884, -80.6712679
28.5048038, -80.6701094
28.5069862, -80.6688689
28.5081104, -80.6682306
28.5081762, -80.6681945
28.5093333, -80.6675391
28.5115816, -80.6662644
28.5137108, -80.6650028
28.5157209, -80.6637543
28.5168450, -80.6630611
28.5170833, -80.6629232
28.5183265, -80.6622361
28.5205748, -80.6609999
28.5228142, -80.6597892
28.5250446, -80.6586040
28.5261687, -80.6580072
28.5261866, -80.6579986
28.5273197, -80.6575664
28.5295680, -80.6567106
28.5318163, -80.6559723
28.5340647, -80.6553514
28.5363130, -80.6548895
28.5385613, -80.6545865
28.5408096, -80.6544717
28.5430579, -80.6545449
28.5453062, -80.6548103
28.5475545, -80.6552679
28.5498028, -80.6558877
28.5520511, -80.6566700
28.5537352, -80.6572987
28.5548551, -80.6577739
28.5559793, -80.6583206
28.5571077, -80.6589389
28.5587960, -80.6598512
28.5610443, -80.6610575
28.5630115, -80.6620280
28.5646976, -80.6627627
28.5658217, -80.6632813
28.5663840, -80.6635840
28.5677892, -80.6640773
28.5700375, -80.6647613
28.5722858, -80.6651291
28.5745341, -80.6651806
28.5767824, -80.6648797
28.5790307, -80.6642263
28.5804773, -80.6637073
28.5811222, -80.6633224
28.5822463, -80.6626847
28.5838498, -80.6617939
28.5856484, -80.6605143
28.5876423, -80.6588457
28.5887664, -80.6579103
28.5890209, -80.6577081
28.5902723, -80.6564667
28.5925206, -80.6541863
28.5936771, -80.6530078
28.5937419, -80.6529312
28.5948661, -80.6516448
28.5970496, -80.6491486
28.5981663, -80.6478689
28.5982163, -80.6478058
28.5992830, -80.6464947
28.6013664, -80.6439354
28.6024656, -80.6425864
28.6025805, -80.6424478
28.6035847, -80.6411682
28.6054782, -80.6387475
28.6066024, -80.6373124
28.6069571, -80.6368628
28.6079405, -80.6355832
28.6095523, -80.6334734
28.6106765, -80.6320028
28.6113129, -80.6311713
28.6122818, -80.6298916
28.6135832, -80.6281639
28.6147074, -80.6266684
28.6156543, -80.6254052
28.6166104, -80.6241256
28.6175757, -80.6228295
28.6186998, -80.6213104
28.6199829, -80.6195683
28.6209211, -80.6182887
28.6215147, -80.6174715
28.6226388, -80.6159055
28.6242936, -80.6135908
28.6252104, -80.6123112
28.6253893, -80.6120666
28.6264003, -80.6106647
28.6282435, -80.6081054
28.6292782, -80.6066632
28.6295045, -80.6063382
28.6303901, -80.6050586
28.6319352, -80.6028243
28.6330594, -80.6011834
28.6337626, -80.6001358
28.6346149, -80.5988561
28.6356164, -80.5973444
28.6367405, -80.5956153
28.6379874, -80.5936689
28.6388028, -80.5923892
28.6391868, -80.5917764
28.6401611, -80.5901904
28.6417256, -80.5876311
28.6426578, -80.5861013
28.6429575, -80.5856010
28.6437059, -80.5843214
28.6449030, -80.5822624
28.6460271, -80.5802857
28.6470784, -80.5783914
28.6477818, -80.5771118
28.6481374, -80.5764468
28.6489965, -80.5748346
28.6503590, -80.5722754
28.6513054, -80.5704894
28.6518355, -80.5694769
28.6524839, -80.5681972
28.6532504, -80.5666505
28.6542560, -80.5645975
28.6555006, -80.5620382
28.6562415, -80.5605157
28.6564787, -80.5600301
28.6570757, -80.5587504
28.6580325, -80.5566768
28.6590930, -80.5543603
28.6602571, -80.5518011
28.6609029, -80.5503836
28.6610302, -80.5501081
28.6615904, -80.5488285
28.6625836, -80.5465447
28.6636341, -80.5441232
28.6647420, -80.5415639
28.6653695, -80.5401177
28.6655168, -80.5397847
28.6660526, -80.5385051
28.6669769, -80.5362788
28.6679738, -80.5338860
28.6690431, -80.5313268
28.6695778, -80.5300471
End:
Color: 245 245 245
Line: 2, 0, "KSC 54-ft Barnes Wind Analysis\nZero divergence contour\nDerived from KSC 54-ft tower winds"
28.6263123, -80.8627544
28.6265795, -80.8614748
28.6271138, -80.8589155
28.6276483, -80.8563562
28.6281830, -80.8537969
28.6287043, -80.8512376
28.6292123, -80.8486783
28.6294719, -80.8461191
28.6294830, -80.8435598
28.6295208, -80.8419895
28.6295853, -80.8414082
28.6297277, -80.8401285
28.6299478, -80.8381505
28.6305882, -80.8358819
28.6316487, -80.8333226
28.6324097, -80.8307633
28.6328710, -80.8282040
28.6333273, -80.8256448
28.6337786, -80.8230855
28.6340317, -80.8216901
28.6340867, -80.8214588
28.6343460, -80.8201792
28.6348096, -80.8178512
28.6351775, -80.8154076
28.6354497, -80.8128483
28.6358115, -80.8102890
28.6362630, -80.8077297
28.6366453, -80.8051705
28.6369585, -80.8026112
28.6373023, -80.8000519
28.6376770, -80.7974926
28.6380509, -80.7949974
28.6384242, -80.7925662
28.6386193, -80.7912865
28.6386363, -80.7911584
28.6388309, -80.7898147
28.6392030, -80.7872555
28.6395849, -80.7846962
28.6399766, -80.7821369
28.6403824, -80.7795776
28.6408024, -80.7770183
28.6412447, -80.7744590
28.6417093, -80.7718997
28.6422031, -80.7693404
28.6427260, -80.7667812
28.6430174, -80.7653757
28.6430774, -80.7651242
28.6433427, -80.7638445
28.6438135, -80.7615368
28.6443380, -80.7591033
28.6449163, -80.7565440
28.6455126, -80.7539847
28.6461268, -80.7514254
28.6467264, -80.7490052
28.6473115, -80.7467239
28.6476347, -80.7454443
28.6476962, -80.7451662
28.6480441, -80.7437476
28.6486784, -80.7411883
28.6492930, -80.7386290
28.6498878, -80.7360697
28.6504802, -80.7335104
28.6510703, -80.7309511
28.6515491, -80.7288983
28.6519168, -80.7273519
28.6522085, -80.7260723
28.6524241, -80.7250594
28.6528412, -80.7232733
28.6534597, -80.7207140
28.6540589, -80.7181547
28.6546387, -80.7155954
28.6551917, -80.7130361
28.6557180, -80.7104768
28.6561351, -80.7085599
28.6564432, -80.7072854
28.6567359, -80.7060058
28.6570131, -80.7047210
28.6574088, -80.7027990
28.6579227, -80.7002397
28.6584698, -80.6976804
28.6590500, -80.6951211
28.6596118, -80.6925618
28.6601552, -80.6900025
28.6605936, -80.6880047
28.6609271, -80.6865682
28.6612165, -80.6852886
28.6614617, -80.6841657
28.6618596, -80.6823247
28.6624099, -80.6797654
28.6629737, -80.6772061
28.6635510, -80.6746468
28.6641663, -80.6720875
28.6648197, -80.6695283
28.6652574, -80.6678343
28.6654794, -80.6670056
28.6658121, -80.6657259
28.6662553, -80.6639953
28.6668304, -80.6618504
28.6675373, -80.6592911
28.6682979, -80.6567318
28.6691123, -80.6541725
28.6696614, -80.6524763
28.6699452, -80.6516432
28.6703779, -80.6503636
28.6709596, -80.6486374
28.6717207, -80.6464947
28.6726611, -80.6439354
28.6734944, -80.6418013
28.6742206, -80.6400925
28.6747735, -80.6388128
28.6751533, -80.6379624
28.6759300, -80.6362575
28.6771037, -80.6336982
28.6780380, -80.6317224
28.6787328, -80.6303299
28.6794031, -80.6290502
28.6800489, -80.6278834
28.6811236, -80.6260204
28.6826274, -80.6234611
28.6834286, -80.6221018
28.6835275, -80.6219425
28.6843929, -80.6206628
28.6860250, -80.6182629
28.6871492, -80.6166225
28.6877654, -80.6157416
28.6887375, -80.6144620
28.6900656, -80.6127835
28.6911897, -80.6113587
28.6921100, -80.6101876
28.6932121, -80.6089080
28.6944961, -80.6075198
28.6956202, -80.6062847
28.6965845, -80.6052025
28.6978265, -80.6039229
28.6993461, -80.6024457
28.7004702, -80.6013274
28.7011989, -80.6005678
28.7025335, -80.5992882
28.7044740, -80.5974884
28.7055981, -80.5964362
28.7059060, -80.5961314
28.7071841, -80.5952493
28.7094324, -80.5937899
28.7111868, -80.5926626
28.7124473, -80.5918675
28.7135714, -80.5911185
28.7145592, -80.5904154
28.7161773, -80.5894107
28.7184256, -80.5881046
28.7201037, -80.5871765
28.7212117, -80.5866264
28.7223359, -80.5860263
28.7234762, -80.5853761
28.7251705, -80.5845180
28.7274188, -80.5834521
28.7295338, -80.5824976
28.7315155, -80.5816544
28.7326396, -80.5811678
28.7329063, -80.5810377
28.7341637, -80.5805040
28.7364120, -80.5795666
28.7386603, -80.5786178
28.7409086, -80.5776575
28.7424192, -80.5769116
28.7431920, -80.5763801
28.7443162, -80.5755472
28.7457917, -80.5744131
28.7476535, -80.5735688
28.7499018, -80.5730144
28.7519023, -80.5723018
28.7536549, -80.5714311
28.7547790, -80.5708762
28.7552747, -80.5706373
28.7555226, -80.5705178
End:
Color: 155 240 235
Line: 1, 0, "KSC 54-ft Barnes Wind Analysis\nDivergence: 1.0 x 10^-4 s^-1\nCool colors = divergence\nDerived from KSC 54-ft tower winds"
28.3129723, -80.6068257
28.3134430, -80.6070010
28.3143843, -80.6073515
28.3159792, -80.6079588
28.3182275, -80.6088230
28.3204758, -80.6096917
28.3227241, -80.6105650
28.3245213, -80.6112373
28.3258674, -80.6117086
28.3269916, -80.6121142
28.3278937, -80.6124539
28.3294690, -80.6130250
28.3317173, -80.6138274
28.3339656, -80.6146020
28.3362139, -80.6153486
28.3384131, -80.6160572
28.3405631, -80.6167276
28.3416872, -80.6170793
28.3417855, -80.6171121
28.3429588, -80.6174744
28.3452071, -80.6181663
28.3474554, -80.6187482
28.3497037, -80.6192201
28.3519520, -80.6196946
28.3542003, -80.6201717
28.3564486, -80.6206809
28.3586969, -80.6212220
28.3609452, -80.6216513
28.3631935, -80.6219687
28.3646421, -80.6221410
28.3652910, -80.6221680
28.3664151, -80.6222153
28.3680146, -80.6222830
28.3691575, -80.6222830
28.3698438, -80.6222153
28.3709679, -80.6220805
28.3725299, -80.6218787
28.3744351, -80.6212682
28.3766834, -80.6202491
28.3784189, -80.6190704
28.3796416, -80.6177320
28.3804887, -80.6157832
28.3809601, -80.6132239
28.3808874, -80.6106647
28.3802708, -80.6081054
28.3794237, -80.6056506
28.3783463, -80.6033003
28.3777628, -80.6020206
28.3776735, -80.6018116
28.3768198, -80.6004275
28.3752018, -80.5978682
28.3741224, -80.5962385
28.3735814, -80.5955383
28.3725986, -80.5942587
28.3711738, -80.5923996
28.3700497, -80.5910046
28.3692261, -80.5900738
28.3681149, -80.5887942
28.3667161, -80.5871657
28.3655920, -80.5859087
28.3647424, -80.5850232
28.3634909, -80.5837436
28.3618374, -80.5820698
28.3607132, -80.5809554
28.3601185, -80.5804005
28.3587994, -80.5791209
28.3567560, -80.5771165
28.3556318, -80.5760194
28.3554269, -80.5758295
28.3542003, -80.5746601
28.3519520, -80.5725110
28.3507064, -80.5713263
28.3504635, -80.5711059
28.3493393, -80.5701360
28.3473339, -80.5684165
28.3458400, -80.5671368
28.3448575, -80.5662970
28.3437334, -80.5653541
28.3424676, -80.5643081
28.3409052, -80.5630285
28.3390463, -80.5615152
28.3379221, -80.5606022
28.3375327, -80.5602895
28.3362139, -80.5592809
28.3339656, -80.5575764
28.3328414, -80.5567242
End:
Color: 155 240 235
Line: 1, 0, "KSC 54-ft Barnes Wind Analysis\nDivergence: 1.0 x 10^-4 s^-1\nCool colors = divergence\nDerived from KSC 54-ft tower winds"
28.4810703, -80.8422801
28.4805503, -80.8410005
28.4795103, -80.8384412
28.4784858, -80.8358819
28.4774767, -80.8333226
28.4769124, -80.8318951
28.4767927, -80.8315992
28.4762118, -80.8303196
28.4751696, -80.8280561
28.4741077, -80.8256448
28.4730263, -80.8230855
28.4724233, -80.8216635
28.4722986, -80.8213789
28.4716816, -80.8200992
28.4705721, -80.8178246
28.4694502, -80.8154076
28.4683160, -80.8128483
28.4677466, -80.8115633
28.4677420, -80.8115527
28.4671355, -80.8102730
28.4659272, -80.8077244
28.4648030, -80.8053164
28.4637631, -80.8030491
28.4631672, -80.8017695
28.4630156, -80.8014775
28.4622645, -80.8000519
28.4609140, -80.7974926
28.4598657, -80.7954676
28.4591195, -80.7939769
28.4584518, -80.7926973
28.4578626, -80.7916287
28.4568767, -80.7898147
28.4554942, -80.7872555
28.4546647, -80.7857258
28.4543881, -80.7852257
28.4536275, -80.7839461
28.4523826, -80.7818869
28.4512585, -80.7799970
28.4502550, -80.7782764
28.4494851, -80.7769967
28.4489489, -80.7761580
28.4478722, -80.7744590
28.4462550, -80.7718997
28.4453990, -80.7705463
28.4453041, -80.7703988
28.4444189, -80.7691192
28.4427435, -80.7667074
28.4416194, -80.7650827
28.4410465, -80.7642452
28.4401287, -80.7629655
28.4388661, -80.7612438
28.4377419, -80.7596997
28.4367563, -80.7583333
28.4358051, -80.7570537
28.4348886, -80.7558608
28.4337644, -80.7543769
28.4324327, -80.7526020
28.4314548, -80.7513224
28.4308307, -80.7505380
28.4297066, -80.7490834
28.4280823, -80.7469587
28.4270943, -80.7456791
28.4267424, -80.7452445
28.4256183, -80.7437728
28.4237218, -80.7412638
28.4227534, -80.7399842
28.4227129, -80.7399338
28.4217680, -80.7386290
28.4199185, -80.7360697
28.4188146, -80.7344815
28.4184562, -80.7338645
28.4176572, -80.7325848
28.4164175, -80.7306426
28.4152933, -80.7285185
28.4142847, -80.7262125
28.4137178, -80.7249328
28.4135926, -80.7246796
28.4132910, -80.7232733
28.4128131, -80.7207140
28.4128757, -80.7182543
28.4134788, -80.7158942
28.4138091, -80.7146146
28.4138666, -80.7144154
28.4149907, -80.7132469
28.4171816, -80.7111090
28.4185992, -80.7098294
28.4192435, -80.7094079
28.4203677, -80.7088890
28.4219716, -80.7082727
28.4238978, -80.7077112
28.4261461, -80.7072046
28.4283944, -80.7068549
28.4306427, -80.7066620
28.4328910, -80.7065905
28.4351393, -80.7066402
28.4373876, -80.7067838
28.4396359, -80.7070212
28.4418842, -80.7073327
28.4441325, -80.7077184
28.4463808, -80.7081689
28.4486291, -80.7086842
28.4499837, -80.7090057
28.4504445, -80.7091334
28.4515686, -80.7094491
28.4533561, -80.7099528
28.4553740, -80.7105574
28.4576223, -80.7112630
28.4598706, -80.7120248
28.4621189, -80.7128429
28.4638807, -80.7135179
28.4651560, -80.7140498
28.4662801, -80.7145315
28.4672532, -80.7149629
28.4688638, -80.7157571
28.4711121, -80.7169142
28.4730129, -80.7179781
28.4745660, -80.7189489
28.4756901, -80.7196751
28.4763853, -80.7201565
28.4778571, -80.7213404
28.4801054, -80.7232268
28.4813276, -80.7242657
28.4815239, -80.7244572
28.4826481, -80.7257102
28.4847001, -80.7280246
28.4858205, -80.7293043
28.4860093, -80.7295491
28.4869760, -80.7309511
28.4887206, -80.7335104
28.4897503, -80.7350496
28.4900653, -80.7355686
28.4908001, -80.7368482
28.4919547, -80.7388885
28.4930789, -80.7410073
28.4941725, -80.7432047
28.4948072, -80.7444843
28.4949829, -80.7448462
28.4956733, -80.7463069
28.4968784, -80.7488661
28.4979147, -80.7511473
28.4987822, -80.7531503
28.4993386, -80.7544299
28.4995839, -80.7549862
28.5002672, -80.7565440
28.5013885, -80.7591033
28.5023900, -80.7614501
28.5032717, -80.7635844
28.5038045, -80.7648641
28.5039883, -80.7652890
28.5046385, -80.7667812
28.5057550, -80.7693404
28.5067873, -80.7717717
28.5077352, -80.7740750
28.5082652, -80.7753547
28.5083774, -80.7756107
28.5090008, -80.7770183
28.5101355, -80.7795776
28.5112036, -80.7820656
28.5122050, -80.7844823
28.5127374, -80.7857619
28.5128008, -80.7859045
28.5134055, -80.7872555
28.5145517, -80.7898147
28.5156442, -80.7923519
28.5166830, -80.7948668
28.5172122, -80.7961465
28.5172317, -80.7961908
28.5178177, -80.7974926
28.5189700, -80.8000519
28.5200652, -80.8026112
28.5211033, -80.8051705
28.5216416, -80.8064963
28.5216798, -80.8065887
28.5222092, -80.8078684
28.5232298, -80.8103352
28.5237400, -80.8115687
End:

; Barnes frame 2026-10-07 01:35Z; stations=21
TimeRange: 2026-10-07T01:35:00 2026-10-07T01:40:00
Color: 255 190 20
Line: 2, 0, "KSC 54-ft Barnes Wind Analysis\nConvergence: 2.0 x 10^-4 s^-1\nWarm colors = convergence\nDerived from KSC 54-ft tower winds"
28.5300325, -80.4430314
28.5306922, -80.4460321
End:
Color: 255 220 75
Line: 1, 0, "KSC 54-ft Barnes Wind Analysis\nConvergence: 1.0 x 10^-4 s^-1\nWarm colors = convergence\nDerived from KSC 54-ft tower winds"
28.4962246, -80.4225571
28.4958483, -80.4235763
28.4950957, -80.4256148
28.4946183, -80.4268945
28.4944163, -80.4274153
28.4938331, -80.4289553
28.4928688, -80.4315146
28.4919359, -80.4340739
28.4910344, -80.4366331
28.4904935, -80.4381775
28.4903130, -80.4387068
28.4898587, -80.4399864
28.4891308, -80.4420164
28.4883361, -80.4443110
28.4874748, -80.4468703
28.4867146, -80.4491920
28.4860556, -80.4512762
28.4856467, -80.4525559
28.4854880, -80.4530310
28.4849998, -80.4545482
28.4841822, -80.4571074
28.4833942, -80.4596667
28.4826357, -80.4622260
28.4819997, -80.4644294
28.4814863, -80.4662770
28.4811243, -80.4675566
28.4809138, -80.4682684
28.4804518, -80.4699039
28.4797380, -80.4724632
28.4790502, -80.4750224
28.4783884, -80.4775817
28.4777777, -80.4801410
28.4772184, -80.4827003
28.4768872, -80.4842011
28.4767843, -80.4846434
28.4764609, -80.4859230
28.4759169, -80.4880400
28.4753468, -80.4903782
28.4747505, -80.4929375
28.4741773, -80.4954967
28.4736272, -80.4980560
28.4730866, -80.5006153
28.4725556, -80.5031746
28.4722766, -80.5045245
28.4722497, -80.5046651
28.4719828, -80.5059447
28.4714759, -80.5083635
28.4709691, -80.5108525
28.4704624, -80.5134118
28.4699612, -80.5159710
28.4694656, -80.5185303
28.4689692, -80.5210896
28.4684720, -80.5236489
28.4681025, -80.5255603
28.4678606, -80.5268237
28.4676021, -80.5281034
28.4673270, -80.5293992
28.4669207, -80.5313268
28.4663833, -80.5338860
28.4658395, -80.5364453
28.4652891, -80.5390046
28.4647293, -80.5415639
28.4641599, -80.5441232
28.4637172, -80.5461026
28.4634011, -80.5475022
28.4631009, -80.5487818
28.4628165, -80.5499416
28.4623614, -80.5518011
28.4617356, -80.5543603
28.4611037, -80.5569196
28.4604654, -80.5594789
28.4598224, -80.5620382
28.4591744, -80.5645975
28.4588245, -80.5659818
28.4587725, -80.5661911
28.4584513, -80.5674707
28.4578609, -80.5698207
28.4572590, -80.5722754
28.4566457, -80.5748346
28.4560493, -80.5773939
28.4554699, -80.5799532
28.4549476, -80.5823678
28.4544824, -80.5846376
28.4542224, -80.5859173
28.4541676, -80.5862067
28.4539148, -80.5876311
28.4534640, -80.5901904
28.4530429, -80.5927496
28.4526515, -80.5953089
28.4522843, -80.5978682
28.4519412, -80.6004275
28.4516313, -80.6029868
28.4513544, -80.6055461
28.4511074, -80.6081054
28.4508903, -80.6106647
28.4507103, -80.6132239
28.4505676, -80.6157832
28.4504795, -80.6183425
28.4504460, -80.6209018
28.4504955, -80.6234611
28.4506279, -80.6260204
28.4509345, -80.6285797
28.4514152, -80.6311390
28.4522673, -80.6336982
28.4534907, -80.6362575
28.4541393, -80.6375791
28.4542130, -80.6376629
28.4553740, -80.6382818
28.4576223, -80.6394358
28.4598706, -80.6400627
28.4621189, -80.6401625
28.4643672, -80.6399997
28.4666155, -80.6395743
28.4688638, -80.6390065
28.4711121, -80.6382964
28.4724718, -80.6378403
28.4729428, -80.6376382
28.4740670, -80.6371328
28.4758443, -80.6363241
28.4778571, -80.6353502
28.4801054, -80.6342110
28.4817798, -80.6333357
28.4828803, -80.6327243
28.4840045, -80.6320666
28.4851522, -80.6313627
28.4868503, -80.6302914
28.4890986, -80.6288527
28.4905368, -80.6279250
28.4911649, -80.6275084
28.4922890, -80.6266875
28.4939092, -80.6254624
28.4956185, -80.6241828
28.4974169, -80.6228486
28.4985410, -80.6219845
28.4989910, -80.6215906
28.5003401, -80.6204375
28.5025884, -80.6185251
28.5038690, -80.6174425
28.5041819, -80.6171894
28.5053060, -80.6161165
28.5072415, -80.6142237
28.5085844, -80.6129441
28.5093350, -80.6122776
28.5104591, -80.6111126
28.5119569, -80.6094491
28.5131665, -80.6081695
28.5140879, -80.6072736
28.5152120, -80.6059904
28.5165389, -80.6043197
28.5176240, -80.6030400
28.5184673, -80.6021514
28.5195915, -80.6007113
28.5209965, -80.5987195
28.5219529, -80.5974398
28.5224608, -80.5968723
28.5235226, -80.5953089
28.5251382, -80.5927496
28.5260084, -80.5913188
28.5261332, -80.5910163
28.5268332, -80.5897367
28.5281085, -80.5874798
28.5291876, -80.5850718
28.5300706, -80.5825125
28.5305571, -80.5810098
28.5306472, -80.5805638
28.5310116, -80.5792841
28.5316505, -80.5771709
28.5322106, -80.5748346
28.5326921, -80.5722754
28.5331512, -80.5697161
28.5335880, -80.5671568
28.5340615, -80.5645975
28.5345718, -80.5620382
28.5349174, -80.5604172
28.5350983, -80.5597346
28.5355073, -80.5584550
28.5361442, -80.5565783
28.5369139, -80.5543603
28.5378164, -80.5518011
28.5386221, -80.5495381
28.5393310, -80.5475716
28.5398216, -80.5462919
28.5400941, -80.5456992
28.5408318, -80.5441232
28.5420348, -80.5415639
28.5430228, -80.5393915
28.5437956, -80.5376060
28.5443937, -80.5363264
28.5448171, -80.5355526
28.5456840, -80.5338860
28.5469944, -80.5313268
28.5479069, -80.5294508
28.5484214, -80.5282582
28.5490503, -80.5269785
28.5497938, -80.5256119
28.5508840, -80.5236489
28.5523210, -80.5210896
28.5530734, -80.5197451
28.5531413, -80.5196152
28.5539157, -80.5183356
28.5553965, -80.5159061
28.5565207, -80.5139198
28.5572881, -80.5123767
28.5580071, -80.5110971
28.5586777, -80.5100809
28.5596970, -80.5082932
28.5610652, -80.5057339
28.5618541, -80.5042445
28.5620637, -80.5038250
28.5628629, -80.5025453
28.5642517, -80.5004056
28.5653759, -80.4984715
28.5662353, -80.4967433
28.5669632, -80.4954636
28.5675596, -80.4946326
28.5685533, -80.4929375
28.5699443, -80.4903782
28.5707703, -80.4888367
28.5710312, -80.4883131
28.5718852, -80.4870334
28.5733324, -80.4849978
28.5744565, -80.4831394
28.5752577, -80.4814584
28.5760064, -80.4801787
28.5767025, -80.4793005
28.5776878, -80.4775817
28.5789621, -80.4750224
28.5797381, -80.4734581
28.5800160, -80.4728887
28.5801549, -80.4726041
End:
Color: 255 220 75
Line: 1, 0, "KSC 54-ft Barnes Wind Analysis\nConvergence: 1.0 x 10^-4 s^-1\nWarm colors = convergence\nDerived from KSC 54-ft tower winds"
28.5864125, -80.4737428
28.5860681, -80.4750224
28.5853792, -80.4775817
28.5849390, -80.4791308
28.5847473, -80.4796695
28.5841094, -80.4809492
28.5830254, -80.4829697
28.5820450, -80.4852596
28.5811682, -80.4878189
28.5805861, -80.4895115
28.5802986, -80.4903374
28.5797205, -80.4916171
28.5788516, -80.4933504
28.5779416, -80.4954967
28.5769904, -80.4980560
28.5763006, -80.4999537
28.5758724, -80.5011897
28.5753369, -80.5024694
28.5746942, -80.5037926
28.5738620, -80.5057339
28.5728404, -80.5082932
28.5720376, -80.5104157
28.5714536, -80.5121013
28.5709534, -80.5133810
28.5705367, -80.5142546
28.5697840, -80.5159710
28.5686950, -80.5185303
28.5677791, -80.5208746
28.5670364, -80.5230040
28.5665627, -80.5242836
28.5663581, -80.5247136
28.5657146, -80.5262082
28.5646323, -80.5287675
28.5636604, -80.5313268
28.5627991, -80.5338860
28.5623184, -80.5352911
28.5622184, -80.5355421
28.5615773, -80.5368217
28.5603949, -80.5391301
28.5593333, -80.5415639
28.5583926, -80.5441232
28.5578596, -80.5455763
28.5577344, -80.5459231
28.5571471, -80.5472027
28.5560978, -80.5494152
28.5550974, -80.5518011
28.5541461, -80.5543603
28.5535467, -80.5560152
28.5532991, -80.5567655
28.5527573, -80.5580451
28.5519214, -80.5598541
28.5510707, -80.5620382
28.5502053, -80.5645975
28.5494991, -80.5671329
28.5489521, -80.5696445
28.5486701, -80.5709241
28.5486530, -80.5709719
28.5485140, -80.5722754
28.5482531, -80.5748346
28.5482616, -80.5765193
28.5485396, -80.5773293
28.5488953, -80.5786090
28.5493285, -80.5803582
28.5504527, -80.5821687
28.5522677, -80.5840404
28.5535887, -80.5853200
28.5544156, -80.5860076
28.5555397, -80.5866263
28.5569611, -80.5871760
28.5587960, -80.5876829
28.5610443, -80.5881469
28.5632926, -80.5883681
28.5655409, -80.5883463
28.5677892, -80.5881083
28.5700375, -80.5876542
28.5718594, -80.5871582
28.5732549, -80.5866204
28.5743791, -80.5861809
28.5752319, -80.5858397
28.5767824, -80.5850305
28.5790307, -80.5837530
28.5808225, -80.5826440
28.5821576, -80.5817032
28.5832818, -80.5809082
28.5841949, -80.5802588
28.5857756, -80.5789982
28.5880239, -80.5771263
28.5891680, -80.5761714
28.5892078, -80.5761333
28.5903319, -80.5750427
28.5925404, -80.5728994
28.5938408, -80.5716198
28.5942331, -80.5712037
28.5953572, -80.5700291
28.5972133, -80.5680959
28.5984205, -80.5668163
28.5989789, -80.5661902
28.6001030, -80.5649165
28.6017930, -80.5629952
28.6029035, -80.5617155
28.6034346, -80.5610776
28.6045587, -80.5597227
28.6062759, -80.5576508
28.6073284, -80.5563712
28.6077162, -80.5558837
28.6088404, -80.5544621
28.6107009, -80.5521062
28.6117092, -80.5508266
28.6118653, -80.5506231
28.6129138, -80.5492418
28.6148548, -80.5466825
28.6159009, -80.5453031
28.6160521, -80.5451037
28.6169946, -80.5438240
28.6187283, -80.5414642
28.6198524, -80.5399326
28.6203670, -80.5392293
28.6212890, -80.5379497
28.6226183, -80.5360937
28.6237424, -80.5345184
28.6246614, -80.5332239
28.6255649, -80.5319442
28.6264529, -80.5306795
28.6275771, -80.5290515
28.6289374, -80.5270602
28.6298126, -80.5257806
28.6302027, -80.5252125
28.6312717, -80.5236489
28.6330198, -80.5210896
28.6339489, -80.5197290
28.6340591, -80.5195670
28.6349143, -80.5182873
28.6365145, -80.5158900
28.6376386, -80.5141995
28.6382867, -80.5132158
28.6386108, -80.5127239
End:
Color: 245 245 245
Line: 2, 0, "KSC 54-ft Barnes Wind Analysis\nZero divergence contour\nDerived from KSC 54-ft tower winds"
28.3522007, -80.5044542
28.3524970, -80.5057339
28.3530895, -80.5082932
28.3538704, -80.5105537
28.3548398, -80.5125155
28.3554605, -80.5137951
28.3557326, -80.5143926
28.3564610, -80.5159710
28.3576456, -80.5185303
28.3586337, -80.5205420
28.3594253, -80.5220061
28.3600905, -80.5232858
28.3606293, -80.5243810
28.3615529, -80.5262082
28.3628614, -80.5287675
28.3637161, -80.5303715
28.3641172, -80.5310203
28.3648559, -80.5323000
28.3659323, -80.5342105
28.3670564, -80.5361020
28.3682283, -80.5379746
28.3690517, -80.5392543
28.3695266, -80.5399409
28.3706507, -80.5414333
28.3724242, -80.5437312
28.3733915, -80.5450109
28.3735527, -80.5452722
28.3745242, -80.5466825
28.3763059, -80.5492418
28.3773494, -80.5507209
28.3776548, -80.5511197
28.3785945, -80.5523994
28.3801684, -80.5545598
28.3812926, -80.5560686
28.3819670, -80.5569258
28.3829133, -80.5582054
28.3841317, -80.5599075
28.3852559, -80.5614416
28.3862858, -80.5628077
28.3872239, -80.5640873
28.3880703, -80.5652805
28.3891944, -80.5668002
28.3905964, -80.5686463
28.3915479, -80.5699260
28.3920491, -80.5706391
28.3931732, -80.5721985
28.3949204, -80.5746042
28.3958463, -80.5758838
28.3959509, -80.5760375
28.3969079, -80.5773939
28.3987172, -80.5799532
28.3997890, -80.5814699
28.4001234, -80.5819441
28.4009878, -80.5832237
28.4023822, -80.5853089
28.4035064, -80.5870142
28.4043602, -80.5883398
28.4051656, -80.5896194
28.4059226, -80.5908531
28.4070300, -80.5927496
28.4084878, -80.5953089
28.4092335, -80.5966206
28.4092670, -80.5966848
28.4099118, -80.5979644
28.4111678, -80.6004596
28.4122920, -80.6028997
28.4132842, -80.6052847
28.4138154, -80.6065644
28.4138853, -80.6067386
28.4143267, -80.6081054
28.4151396, -80.6106647
28.4158082, -80.6132239
28.4163324, -80.6157832
28.4167027, -80.6183425
28.4169191, -80.6209018
28.4169645, -80.6234611
28.4168388, -80.6260204
28.4165285, -80.6285797
28.4160336, -80.6311390
28.4153564, -80.6336982
28.4144971, -80.6362575
28.4139957, -80.6377009
28.4138522, -80.6380285
28.4132129, -80.6393081
28.4120780, -80.6415399
28.4109539, -80.6436103
28.4098405, -80.6455193
28.4090611, -80.6467989
28.4086156, -80.6474492
28.4075335, -80.6490540
28.4058145, -80.6516132
28.4049131, -80.6529646
28.4048291, -80.6531080
28.4039894, -80.6543876
28.4023937, -80.6568035
28.4012696, -80.6586620
28.4006169, -80.6599631
28.3999364, -80.6612428
28.3992279, -80.6625010
28.3984240, -80.6644097
28.3975246, -80.6669690
28.3969157, -80.6695283
28.3965973, -80.6720875
28.3965822, -80.6746468
28.3968705, -80.6772061
28.3975382, -80.6797654
28.3985852, -80.6823247
28.3994042, -80.6839958
28.3999951, -80.6847787
28.4010259, -80.6860584
28.4024965, -80.6878347
28.4036207, -80.6890330
28.4043983, -80.6896533
28.4059113, -80.6907008
28.4081596, -80.6921756
28.4097432, -80.6931452
28.4106619, -80.6936094
28.4117860, -80.6941035
28.4131156, -80.6946274
28.4149045, -80.6951932
28.4171528, -80.6958009
28.4194011, -80.6962572
28.4216495, -80.6965621
28.4238978, -80.6967139
28.4261461, -80.6967124
28.4283944, -80.6965502
28.4306427, -80.6962274
28.4328910, -80.6957336
28.4351393, -80.6950689
28.4367500, -80.6945128
28.4377231, -80.6940653
28.4388472, -80.6935367
28.4401224, -80.6929272
28.4418842, -80.6919087
28.4441325, -80.6904812
28.4455942, -80.6895064
28.4462692, -80.6889841
28.4473934, -80.6881085
28.4489666, -80.6868797
28.4505077, -80.6856001
28.4520167, -80.6842696
28.4531409, -80.6832858
28.4538802, -80.6826486
28.4553002, -80.6813689
28.4574009, -80.6794468
28.4585251, -80.6784216
28.4586727, -80.6782934
28.4598706, -80.6772338
28.4621189, -80.6752430
28.4634940, -80.6740275
28.4639959, -80.6735873
28.4651201, -80.6726499
28.4668665, -80.6712154
28.4684457, -80.6699358
28.4698579, -80.6688110
28.4709820, -80.6679365
28.4718182, -80.6673124
28.4733604, -80.6661887
28.4756087, -80.6645653
28.4769572, -80.6635978
28.4774057, -80.6632859
28.4785299, -80.6625333
28.4803296, -80.6613399
28.4822937, -80.6600602
28.4844221, -80.6586944
28.4855463, -80.6579742
28.4856662, -80.6578997
28.4868503, -80.6571901
28.4890986, -80.6558453
28.4911908, -80.6546029
28.4931269, -80.6534629
28.4942510, -80.6528021
28.4945632, -80.6526205
28.4958435, -80.6519010
28.4980918, -80.6506434
28.5002197, -80.6494546
28.5022272, -80.6483344
28.5033514, -80.6477071
28.5035922, -80.6475727
28.5048367, -80.6469064
28.5070850, -80.6457082
28.5093333, -80.6445109
28.5115816, -80.6433144
28.5127358, -80.6427011
28.5127959, -80.6426709
28.5139200, -80.6421093
28.5161083, -80.6410164
28.5183265, -80.6399279
28.5205748, -80.6388437
28.5221272, -80.6381105
28.5229838, -80.6377283
28.5241079, -80.6372297
28.5254997, -80.6366148
28.5273197, -80.6358646
28.5295680, -80.6349793
28.5318163, -80.6341498
28.5340647, -80.6333762
28.5357011, -80.6328466
28.5367257, -80.6325613
28.5378498, -80.6322516
28.5390735, -80.6319175
28.5408096, -80.6315241
28.5430579, -80.6310714
28.5453062, -80.6306912
28.5475545, -80.6303834
28.5498028, -80.6301362
28.5520511, -80.6299497
28.5542994, -80.6298017
28.5565477, -80.6296923
28.5587960, -80.6295896
28.5610443, -80.6294937
28.5632926, -80.6293659
28.5655409, -80.6292062
28.5677892, -80.6289739
28.5700375, -80.6286691
28.5722858, -80.6282540
28.5745341, -80.6277285
28.5757839, -80.6274244
28.5760352, -80.6273415
28.5771593, -80.6269782
28.5791564, -80.6263346
28.5812790, -80.6255078
28.5835273, -80.6244979
28.5854419, -80.6235401
28.5870229, -80.6226343
28.5881470, -80.6219911
28.5888144, -80.6216104
28.5902723, -80.6206725
28.5925206, -80.6191773
28.5941006, -80.6180880
28.5950123, -80.6174046
28.5961365, -80.6165571
28.5974730, -80.6155456
28.5990721, -80.6142659
28.6009336, -80.6127182
28.6020577, -80.6117807
28.6024445, -80.6114534
28.6037621, -80.6102972
28.6060104, -80.6083121
28.6072726, -80.6071961
28.6075487, -80.6069492
28.6086729, -80.6059198
28.6106451, -80.6041080
28.6120267, -80.6028284
28.6128179, -80.6020809
28.6139420, -80.6009970
28.6153992, -80.5995767
28.6167397, -80.5982970
28.6179637, -80.5971581
28.6190878, -80.5960923
28.6201122, -80.5950996
28.6214324, -80.5938200
28.6230486, -80.5922533
28.6241728, -80.5911499
28.6248049, -80.5905097
28.6260999, -80.5892301
28.6280578, -80.5873110
28.6291819, -80.5862019
28.6294724, -80.5859027
28.6307417, -80.5846460
28.6329900, -80.5824317
28.6341395, -80.5813016
28.6341901, -80.5812558
28.6353142, -80.5801683
28.6375119, -80.5780392
28.6388497, -80.5767596
28.6393275, -80.5763294
28.6404517, -80.5752555
28.6422222, -80.5735379
28.6435669, -80.5722583
28.6444858, -80.5714166
28.6456100, -80.5703410
28.6469393, -80.5690316
28.6483133, -80.5677520
28.6497320, -80.5665021
28.6508561, -80.5654614
28.6516858, -80.5646300
28.6530577, -80.5633504
28.6549717, -80.5616225
28.6560959, -80.5605873
28.6564301, -80.5602447
28.6577214, -80.5590649
28.6599697, -80.5570478
28.6612462, -80.5559394
28.6615509, -80.5557398
28.6626750, -80.5547967
28.6646186, -80.5531102
28.6662375, -80.5518305
28.6675317, -80.5509578
28.6686558, -80.5500362
28.6696100, -80.5490658
28.6711057, -80.5477862
28.6731430, -80.5461973
28.6742672, -80.5452315
28.6744782, -80.5448888
28.6754724, -80.5436092
28.6772498, -80.5413926
28.6781385, -80.5402843
End:
Color: 245 245 245
Line: 2, 0, "KSC 54-ft Barnes Wind Analysis\nZero divergence contour\nDerived from KSC 54-ft tower winds"
28.6211217, -80.8627544
28.6212122, -80.8614748
28.6213931, -80.8589155
28.6215670, -80.8563562
28.6217337, -80.8537969
28.6217762, -80.8512376
28.6216944, -80.8486783
28.6217367, -80.8461191
28.6219032, -80.8435598
28.6221249, -80.8410005
28.6224019, -80.8384412
28.6225872, -80.8358819
28.6226808, -80.8333226
28.6227656, -80.8307633
28.6228418, -80.8282040
28.6229363, -80.8256448
28.6230492, -80.8230855
28.6231265, -80.8205262
28.6231681, -80.8179669
28.6231970, -80.8154076
28.6232132, -80.8128483
28.6232479, -80.8102890
28.6233010, -80.8077297
28.6233376, -80.8051705
28.6233576, -80.8026112
28.6234112, -80.8000519
28.6234982, -80.7974926
28.6235891, -80.7949333
28.6236838, -80.7923740
28.6238043, -80.7898147
28.6239505, -80.7872555
28.6241476, -80.7846962
28.6243957, -80.7821369
28.6246700, -80.7795794
28.6249707, -80.7770238
28.6251212, -80.7757442
28.6251216, -80.7757405
28.6253161, -80.7744590
28.6257047, -80.7718997
28.6260816, -80.7693404
28.6264467, -80.7667812
28.6269122, -80.7642219
28.6274784, -80.7616626
28.6280860, -80.7591033
28.6287353, -80.7565440
28.6291993, -80.7548361
28.6294782, -80.7539797
28.6298743, -80.7527000
28.6303878, -80.7509972
28.6310462, -80.7488661
28.6318496, -80.7463069
28.6327013, -80.7437476
28.6336012, -80.7411883
28.6340669, -80.7398628
28.6340984, -80.7397711
28.6344973, -80.7384915
28.6352637, -80.7360239
28.6360623, -80.7335104
28.6368932, -80.7309511
28.6376342, -80.7286573
28.6382853, -80.7266288
28.6386890, -80.7253491
28.6388453, -80.7248183
28.6393055, -80.7232733
28.6400697, -80.7207140
28.6408027, -80.7181547
28.6415047, -80.7155954
28.6421687, -80.7130514
28.6427945, -80.7105225
28.6431108, -80.7092429
28.6431177, -80.7092124
28.6433918, -80.7079176
28.6439329, -80.7053583
28.6444449, -80.7027990
28.6449276, -80.7002397
28.6453857, -80.6976804
28.6458192, -80.6951211
28.6462359, -80.6925618
28.6466357, -80.6900025
28.6470197, -80.6874433
28.6473878, -80.6848840
28.6475799, -80.6835459
28.6475960, -80.6834291
28.6477542, -80.6821495
28.6480546, -80.6797070
28.6483589, -80.6772061
28.6486673, -80.6746468
28.6489684, -80.6720875
28.6492623, -80.6695283
28.6495570, -80.6669690
28.6498525, -80.6644097
28.6501574, -80.6618504
28.6504715, -80.6592911
28.6507951, -80.6567318
28.6511284, -80.6541725
28.6514761, -80.6516132
28.6518384, -80.6490540
28.6520398, -80.6476374
28.6520803, -80.6473636
28.6522501, -80.6460839
28.6525490, -80.6437985
28.6528771, -80.6413761
28.6532344, -80.6388168
28.6536065, -80.6362575
28.6539936, -80.6336982
28.6543991, -80.6311390
28.6548231, -80.6285797
28.6552702, -80.6260204
28.6557403, -80.6234611
28.6561308, -80.6213951
28.6564418, -80.6198225
28.6566837, -80.6185429
28.6568566, -80.6175562
28.6571737, -80.6157832
28.6576351, -80.6132239
28.6581189, -80.6106647
28.6586251, -80.6081054
28.6591608, -80.6055461
28.6597261, -80.6029868
28.6602800, -80.6006055
28.6608225, -80.5984022
28.6611328, -80.5971226
28.6612109, -80.5967666
28.6615213, -80.5953089
28.6620640, -80.5927496
28.6626362, -80.5901904
28.6632379, -80.5876311
28.6638848, -80.5850718
28.6645769, -80.5825125
28.6650899, -80.5806339
28.6654236, -80.5794360
28.6657583, -80.5781564
28.6660939, -80.5767950
28.6665765, -80.5748346
28.6672061, -80.5722754
28.6678907, -80.5697161
28.6686303, -80.5671568
28.6692719, -80.5650300
28.6698153, -80.5633356
28.6702084, -80.5620560
28.6704511, -80.5611910
28.6708729, -80.5594789
28.6714738, -80.5569196
28.6721064, -80.5543603
28.6727707, -80.5518011
28.6734730, -80.5495702
28.6742134, -80.5476679
28.6746761, -80.5463882
28.6748609, -80.5457313
28.6759850, -80.5442935
28.6780485, -80.5420747
28.6790803, -80.5409654
End:
Color: 155 240 235
Line: 1, 0, "KSC 54-ft Barnes Wind Analysis\nDivergence: 1.0 x 10^-4 s^-1\nCool colors = divergence\nDerived from KSC 54-ft tower winds"
28.3148550, -80.6037869
28.3159792, -80.6041865
28.3182275, -80.6049859
28.3203385, -80.6057456
28.3223122, -80.6064657
28.3234364, -80.6068786
28.3237109, -80.6069845
28.3249724, -80.6074251
28.3272207, -80.6082004
28.3294690, -80.6089457
28.3317173, -80.6096612
28.3339656, -80.6103505
28.3362139, -80.6110136
28.3378891, -80.6114950
28.3389912, -80.6117945
28.3401153, -80.6121051
28.3412615, -80.6124268
28.3429588, -80.6128613
28.3452071, -80.6134085
28.3474554, -80.6138542
28.3497037, -80.6141984
28.3519520, -80.6145183
28.3542003, -80.6148139
28.3564486, -80.6150853
28.3586969, -80.6153324
28.3609452, -80.6154324
28.3631935, -80.6153853
28.3654418, -80.6151439
28.3676902, -80.6147082
28.3699385, -80.6139177
28.3721868, -80.6127724
28.3733811, -80.6121359
28.3735214, -80.6120082
28.3741049, -80.6106647
28.3751316, -80.6081054
28.3754726, -80.6055461
28.3751277, -80.6029868
28.3745442, -80.6007442
28.3737220, -80.5988183
28.3731793, -80.5975387
28.3729162, -80.5969053
28.3719638, -80.5953089
28.3703223, -80.5927496
28.3693297, -80.5912557
28.3689861, -80.5908271
28.3679862, -80.5895475
28.3663300, -80.5874168
28.3652058, -80.5860231
28.3646137, -80.5853664
28.3634416, -80.5840868
28.3616893, -80.5821842
28.3605652, -80.5809912
28.3600691, -80.5805079
28.3588055, -80.5792282
28.3567742, -80.5771523
28.3556501, -80.5760116
28.3554330, -80.5758061
28.3542003, -80.5746058
28.3519520, -80.5724105
28.3507431, -80.5712336
28.3505735, -80.5710750
28.3494493, -80.5700927
28.3473706, -80.5682866
28.3458986, -80.5670069
28.3450331, -80.5662537
28.3439090, -80.5653031
28.3425261, -80.5641551
28.3409763, -80.5628754
28.3392594, -80.5614642
28.3381353, -80.5605455
28.3376038, -80.5601193
28.3362139, -80.5590529
28.3339656, -80.5573462
28.3328414, -80.5564929
End:
Color: 155 240 235
Line: 1, 0, "KSC 54-ft Barnes Wind Analysis\nDivergence: 1.0 x 10^-4 s^-1\nCool colors = divergence\nDerived from KSC 54-ft tower winds"
28.4812295, -80.8406898
28.4809681, -80.8398078
28.4804454, -80.8380436
28.4797419, -80.8358819
28.4788575, -80.8333226
28.4779947, -80.8307703
28.4771535, -80.8282249
28.4767303, -80.8269453
28.4767250, -80.8269314
28.4762272, -80.8256448
28.4752368, -80.8230855
28.4742820, -80.8205262
28.4733628, -80.8179669
28.4727365, -80.8162132
28.4724030, -80.8152650
28.4719150, -80.8139854
28.4712723, -80.8123742
28.4704739, -80.8102890
28.4695199, -80.8077297
28.4687171, -80.8055368
28.4680655, -80.8037102
28.4675924, -80.8024306
28.4672977, -80.8016979
28.4666323, -80.8000519
28.4655960, -80.7974926
28.4646191, -80.7949992
28.4637018, -80.7925718
28.4632155, -80.7912921
28.4631604, -80.7911603
28.4625893, -80.7898147
28.4615023, -80.7872555
28.4604585, -80.7846962
28.4594579, -80.7821369
28.4589048, -80.7807224
28.4587992, -80.7804528
28.4582550, -80.7791731
28.4572722, -80.7768835
28.4562682, -80.7744590
28.4552429, -80.7718997
28.4546102, -80.7703106
28.4543700, -80.7696916
28.4538336, -80.7684120
28.4530011, -80.7664717
28.4520867, -80.7642219
28.4510902, -80.7616626
28.4503823, -80.7597857
28.4499629, -80.7585913
28.4494825, -80.7573116
28.4489409, -80.7559468
28.4482450, -80.7539847
28.4473947, -80.7514254
28.4466586, -80.7488661
28.4460367, -80.7463069
28.4456085, -80.7440770
28.4453739, -80.7421767
28.4452095, -80.7408970
28.4451153, -80.7402381
28.4451153, -80.7390339
28.4452095, -80.7372844
28.4452765, -80.7360047
28.4453164, -80.7351950
28.4457070, -80.7335104
28.4464485, -80.7309511
28.4475527, -80.7284255
28.4490197, -80.7259337
28.4497727, -80.7246540
28.4498116, -80.7245866
28.4508742, -80.7232733
28.4529606, -80.7207140
28.4540654, -80.7193726
28.4541884, -80.7192492
28.4553740, -80.7179767
28.4576223, -80.7155552
28.4587530, -80.7143373
28.4587662, -80.7143230
28.4598903, -80.7131579
28.4621255, -80.7108421
28.4633644, -80.7095625
28.4636070, -80.7093190
28.4647312, -80.7081993
28.4667369, -80.7062035
28.4680442, -80.7049238
28.4686532, -80.7043604
28.4697773, -80.7033162
28.4714166, -80.7017912
28.4728620, -80.7005116
28.4741134, -80.6994772
28.4752376, -80.6985462
28.4762345, -80.6977185
28.4778571, -80.6965111
28.4801054, -80.6949242
28.4813653, -80.6940584
28.4816369, -80.6939138
28.4827610, -80.6933119
28.4847378, -80.6922526
28.4868503, -80.6912848
28.4890986, -80.6904084
28.4913469, -80.6897258
28.4935952, -80.6892369
28.4958435, -80.6890052
28.4980918, -80.6890307
28.5003401, -80.6894270
28.5025884, -80.6901940
28.5046923, -80.6913936
28.5066518, -80.6930255
28.5077759, -80.6940510
28.5080648, -80.6944700
28.5087295, -80.6957496
28.5097701, -80.6978899
28.5106100, -80.7002397
28.5112493, -80.7027990
28.5117263, -80.7053583
28.5120410, -80.7079176
28.5122697, -80.7104768
28.5124124, -80.7130361
28.5125099, -80.7155954
28.5125622, -80.7181547
28.5125939, -80.7207140
28.5126051, -80.7232733
28.5126120, -80.7258326
28.5126148, -80.7283919
28.5126257, -80.7309511
28.5126446, -80.7335104
28.5126670, -80.7353847
28.5126928, -80.7365739
28.5127217, -80.7378536
28.5127536, -80.7392236
28.5128292, -80.7411883
28.5129487, -80.7437476
28.5131058, -80.7463069
28.5133008, -80.7488661
28.5135396, -80.7514254
28.5138223, -80.7539847
28.5141525, -80.7565440
28.5145301, -80.7591033
28.5149555, -80.7616626
28.5154286, -80.7642219
28.5159466, -80.7667812
28.5165094, -80.7693404
28.5168937, -80.7710151
28.5170995, -80.7718051
28.5174676, -80.7730848
28.5179980, -80.7748540
28.5186969, -80.7770183
28.5195644, -80.7795776
28.5204233, -80.7820159
28.5212738, -80.7843332
28.5217534, -80.7856129
28.5218623, -80.7858548
28.5225617, -80.7872555
28.5238516, -80.7898147
28.5249213, -80.7918856
28.5257708, -80.7934679
28.5265602, -80.7947476
28.5272895, -80.7957245
28.5284136, -80.7972518
28.5299327, -80.7993295
28.5310138, -80.8006091
28.5316569, -80.8010907
28.5327811, -80.8017738
28.5343862, -80.8026583
28.5363130, -80.8032044
28.5385613, -80.8034122
28.5408096, -80.8034071
28.5430579, -80.8031890
28.5453062, -80.8029935
28.5475545, -80.8028205
28.5498028, -80.8033710
28.5520511, -80.8046448
28.5533088, -80.8055739
28.5535761, -80.8061580
28.5537097, -80.8064501
End:

; Barnes frame 2026-10-07 01:40Z; stations=22
TimeRange: 2026-10-07T01:40:00 2026-10-07T01:45:00
Color: 255 190 20
Line: 2, 0, "KSC 54-ft Barnes Wind Analysis\nConvergence: 2.0 x 10^-4 s^-1\nWarm colors = convergence\nDerived from KSC 54-ft tower winds"
28.5222539, -80.4328227
28.5219135, -80.4341022
28.5212326, -80.4366613
28.5205768, -80.4392203
28.5199460, -80.4417794
28.5193423, -80.4443384
28.5187655, -80.4468975
28.5183692, -80.4487510
28.5181533, -80.4498990
28.5179237, -80.4511785
28.5176804, -80.4525896
28.5173940, -80.4545747
28.5170646, -80.4571338
28.5167926, -80.4596928
28.5165779, -80.4622519
28.5164642, -80.4648110
28.5164516, -80.4673700
28.5165696, -80.4699291
28.5168184, -80.4724882
28.5172184, -80.4748389
28.5177697, -80.4769812
28.5181527, -80.4782608
28.5183674, -80.4786775
28.5194916, -80.4800331
28.5215252, -80.4823278
28.5236661, -80.4835472
28.5259144, -80.4836913
28.5281627, -80.4832494
28.5304110, -80.4822214
28.5324392, -80.4810020
28.5342473, -80.4795912
28.5353714, -80.4787204
28.5358117, -80.4783895
28.5371300, -80.4771100
28.5393264, -80.4748818
28.5404506, -80.4737422
28.5405025, -80.4736911
28.5415769, -80.4724115
28.5436739, -80.4699036
28.5447980, -80.4685610
28.5449493, -80.4683838
28.5459174, -80.4671042
28.5477021, -80.4647224
28.5488263, -80.4632259
28.5492898, -80.4626148
28.5501983, -80.4613352
28.5515518, -80.4593873
28.5526760, -80.4577716
28.5535708, -80.4564881
28.5540182, -80.4558464
End:
Color: 255 220 75
Line: 1, 0, "KSC 54-ft Barnes Wind Analysis\nConvergence: 1.0 x 10^-4 s^-1\nWarm colors = convergence\nDerived from KSC 54-ft tower winds"
28.4982642, -80.4225864
28.4978732, -80.4238659
28.4970912, -80.4264250
28.4964158, -80.4287014
28.4958468, -80.4306950
28.4954772, -80.4319746
28.4953069, -80.4325400
28.4948555, -80.4341022
28.4941230, -80.4366613
28.4934230, -80.4392203
28.4927554, -80.4417794
28.4921180, -80.4443384
28.4915109, -80.4468975
28.4911719, -80.4483374
28.4911011, -80.4486582
28.4908047, -80.4499378
28.4902828, -80.4521760
28.4897560, -80.4545747
28.4892243, -80.4571338
28.4887250, -80.4596928
28.4882581, -80.4622519
28.4878225, -80.4648110
28.4874183, -80.4673700
28.4870544, -80.4698566
28.4867309, -80.4722708
28.4865588, -80.4735503
28.4865381, -80.4736952
28.4863777, -80.4750472
28.4860777, -80.4776063
28.4858235, -80.4801654
28.4856151, -80.4827244
28.4854411, -80.4852835
28.4853015, -80.4878425
28.4851776, -80.4904016
28.4850692, -80.4929607
28.4850386, -80.4955197
28.4850858, -80.4980788
28.4851344, -80.5006379
28.4851845, -80.5031969
28.4852797, -80.5057560
28.4854199, -80.5083151
28.4856029, -80.5108741
28.4858285, -80.5134332
28.4860983, -80.5159065
28.4864122, -80.5182941
28.4865811, -80.5195736
28.4866050, -80.5197451
28.4868393, -80.5211104
28.4872838, -80.5236695
28.4877901, -80.5262285
28.4883580, -80.5287876
28.4889758, -80.5313466
28.4896434, -80.5339057
28.4902494, -80.5360988
28.4907936, -80.5379258
28.4911926, -80.5392054
28.4914465, -80.5399374
28.4920496, -80.5415829
28.4930019, -80.5441420
28.4939992, -80.5466803
28.4950413, -80.5491978
28.4955731, -80.5504773
28.4955947, -80.5505189
28.4962526, -80.5518192
28.4975468, -80.5543782
28.4986601, -80.5565610
28.4995927, -80.5583674
28.5003248, -80.5596469
28.5008567, -80.5603996
28.5019808, -80.5620293
28.5036973, -80.5645361
28.5045826, -80.5658156
28.5046368, -80.5658679
28.5057610, -80.5670274
28.5079551, -80.5692943
28.5093045, -80.5705738
28.5098092, -80.5708660
28.5109334, -80.5715301
28.5126770, -80.5725661
28.5146729, -80.5733737
28.5169212, -80.5739530
28.5191695, -80.5743190
28.5214178, -80.5744717
28.5236661, -80.5745140
28.5259144, -80.5744457
28.5281627, -80.5743342
28.5304110, -80.5741794
28.5326593, -80.5740306
28.5349076, -80.5738878
28.5371559, -80.5737850
28.5394042, -80.5737221
28.5416525, -80.5736744
28.5439008, -80.5736418
28.5461492, -80.5736969
28.5483975, -80.5738395
28.5506458, -80.5740162
28.5528941, -80.5742269
28.5551424, -80.5743459
28.5573907, -80.5743731
28.5596390, -80.5743105
28.5618873, -80.5741580
28.5641356, -80.5738908
28.5663839, -80.5735089
28.5686322, -80.5730055
28.5708805, -80.5723806
28.5726556, -80.5718041
28.5739574, -80.5712761
28.5750815, -80.5708138
28.5760280, -80.5704170
28.5776254, -80.5696041
28.5798737, -80.5683749
28.5817135, -80.5672937
28.5831449, -80.5663606
28.5842690, -80.5656211
28.5850860, -80.5650754
28.5866186, -80.5639311
28.5888669, -80.5621883
28.5901497, -80.5611816
28.5904669, -80.5609111
28.5915911, -80.5599544
28.5935221, -80.5583114
28.5949649, -80.5570319
28.5959192, -80.5561158
28.5970433, -80.5550419
28.5983373, -80.5538101
28.5996261, -80.5525306
28.6009097, -80.5512033
28.6020339, -80.5500457
28.6029986, -80.5490577
28.6041954, -80.5477782
28.6056243, -80.5462071
28.6067485, -80.5449751
28.6075678, -80.5440824
28.6086979, -80.5428029
28.6101386, -80.5411365
28.6112628, -80.5398397
28.6120703, -80.5389122
28.6131506, -80.5376327
28.6145036, -80.5360011
28.6156277, -80.5346475
28.6165231, -80.5335720
28.6175649, -80.5322925
28.6187532, -80.5308089
28.6198773, -80.5294054
28.6209373, -80.5280820
28.6219481, -80.5268025
28.6229097, -80.5255668
28.6240339, -80.5241071
28.6253206, -80.5224234
28.6262926, -80.5211439
28.6269500, -80.5202685
28.6280741, -80.5187890
28.6296651, -80.5167054
28.6306396, -80.5154258
28.6309976, -80.5149504
28.6321156, -80.5134332
28.6339934, -80.5108741
28.6349324, -80.5095946
End:
Color: 255 220 75
Line: 1, 0, "KSC 54-ft Barnes Wind Analysis\nConvergence: 1.0 x 10^-4 s^-1\nWarm colors = convergence\nDerived from KSC 54-ft tower winds"
28.4564217, -80.6329115
28.4585335, -80.6338751
28.4606263, -80.6338751
28.4627001, -80.6329115
28.4638243, -80.6323708
28.4639988, -80.6322530
28.4652102, -80.6311869
28.4674585, -80.6291725
28.4688326, -80.6279519
28.4693323, -80.6275250
28.4704565, -80.6262560
28.4722050, -80.6241447
28.4732814, -80.6228652
28.4736856, -80.6224174
28.4741903, -80.6209139
28.4747955, -80.6183548
28.4745934, -80.6168115
28.4735840, -80.6162840
28.4720809, -80.6162840
28.4700842, -80.6168115
28.4689601, -80.6171203
28.4687085, -80.6172104
28.4674585, -80.6181122
28.4652102, -80.6198257
28.4636804, -80.6210602
28.4628691, -80.6218157
28.4617450, -80.6230123
28.4603080, -80.6246499
28.4592420, -80.6259294
28.4585470, -80.6268508
28.4574911, -80.6285911
28.4560742, -80.6311502
28.4564217, -80.6329115
End:
Color: 255 220 75
Line: 1, 0, "KSC 54-ft Barnes Wind Analysis\nConvergence: 1.0 x 10^-4 s^-1\nWarm colors = convergence\nDerived from KSC 54-ft tower winds"
28.6751316, -80.6686193
28.6753283, -80.6693448
28.6758134, -80.6706243
28.6765868, -80.6724579
28.6777110, -80.6746527
28.6791858, -80.6772086
28.6799248, -80.6784882
28.6799279, -80.6784913
28.6810521, -80.6795681
28.6832973, -80.6817186
28.6849663, -80.6829982
28.6860593, -80.6834067
28.6871834, -80.6838163
28.6883388, -80.6842269
28.6900406, -80.6842821
28.6922889, -80.6839820
28.6935078, -80.6837767
28.6936972, -80.6836662
28.6948214, -80.6828466
28.6968802, -80.6813177
28.6983030, -80.6800382
28.6990896, -80.6790080
28.7001538, -80.6772133
28.7014956, -80.6746543
28.7022264, -80.6732000
28.7023463, -80.6728507
28.7027003, -80.6715711
28.7032883, -80.6693614
28.7037690, -80.6669771
28.7041424, -80.6644180
28.7043964, -80.6618589
28.7045311, -80.6592999
28.7045861, -80.6567408
28.7045614, -80.6541818
28.7044799, -80.6516227
28.7043415, -80.6490636
28.7041604, -80.6465046
28.7039366, -80.6439455
28.7036799, -80.6413864
28.7033905, -80.6388274
28.7030813, -80.6362683
28.7027522, -80.6337092
28.7025423, -80.6321259
28.7024516, -80.6315182
28.7022516, -80.6302387
28.7019423, -80.6282873
28.7015655, -80.6260320
28.7011213, -80.6234730
28.7006737, -80.6209139
28.7002228, -80.6183548
28.6996853, -80.6157958
28.6990613, -80.6132367
28.6985394, -80.6112411
28.6981196, -80.6098091
28.6975821, -80.6085295
28.6969270, -80.6074025
28.6958029, -80.6059022
28.6942097, -80.6040286
28.6922889, -80.6034450
28.6900406, -80.6041514
28.6884592, -80.6050882
28.6875447, -80.6062555
28.6864205, -80.6076635
28.6850867, -80.6093123
28.6842070, -80.6105918
28.6837813, -80.6115021
28.6829673, -80.6132367
28.6817648, -80.6157958
28.6808535, -80.6177297
28.6802333, -80.6190385
28.6797210, -80.6203180
28.6793165, -80.6215683
28.6787295, -80.6234730
28.6779600, -80.6260320
28.6772169, -80.6285911
28.6765002, -80.6311502
28.6759630, -80.6331395
28.6756054, -80.6345591
28.6753161, -80.6358387
28.6750950, -80.6369781
28.6748005, -80.6388274
28.6744327, -80.6413864
28.6741246, -80.6439455
28.6738762, -80.6465046
28.6737008, -80.6490636
28.6735985, -80.6516227
28.6735773, -80.6541818
28.6736373, -80.6567408
28.6737884, -80.6592999
28.6740308, -80.6618589
28.6743723, -80.6644180
28.6748130, -80.6669771
28.6751316, -80.6686193
End:
Color: 245 245 245
Line: 2, 0, "KSC 54-ft Barnes Wind Analysis\nZero divergence contour\nDerived from KSC 54-ft tower winds"
28.2937364, -80.8371549
28.2932149, -80.8364154
End:
Color: 245 245 245
Line: 2, 0, "KSC 54-ft Barnes Wind Analysis\nZero divergence contour\nDerived from KSC 54-ft tower winds"
28.3039706, -80.8422730
28.3040434, -80.8409935
28.3041890, -80.8384344
28.3048726, -80.8362654
28.3060940, -80.8344866
28.3077363, -80.8332070
28.3097994, -80.8324268
28.3109236, -80.8320278
28.3111088, -80.8320100
28.3112591, -80.8320100
28.3113745, -80.8320278
28.3124986, -80.8323529
28.3146315, -80.8329852
28.3168221, -80.8336289
28.3190704, -80.8342840
28.3213187, -80.8349910
28.3235671, -80.8357500
28.3251400, -80.8363858
28.3260376, -80.8368985
28.3271617, -80.8375195
28.3285125, -80.8382489
28.3303120, -80.8390482
28.3325603, -80.8399176
28.3345543, -80.8408324
28.3362941, -80.8417928
28.3374183, -80.8424190
28.3379268, -80.8427111
28.3393052, -80.8430971
28.3415535, -80.8435769
28.3438018, -80.8445169
28.3460501, -80.8459171
28.3473497, -80.8468107
28.3477005, -80.8471977
28.3484820, -80.8486707
28.3496940, -80.8512297
28.3503000, -80.8525093
End:
Color: 245 245 245
Line: 2, 0, "KSC 54-ft Barnes Wind Analysis\nZero divergence contour\nDerived from KSC 54-ft tower winds"
28.3544410, -80.8576274
28.3516709, -80.8540035
End:
Color: 245 245 245
Line: 2, 0, "KSC 54-ft Barnes Wind Analysis\nZero divergence contour\nDerived from KSC 54-ft tower winds"
28.3573801, -80.8627455
28.3561675, -80.8610376
End:
Color: 245 245 245
Line: 2, 0, "KSC 54-ft Barnes Wind Analysis\nZero divergence contour\nDerived from KSC 54-ft tower winds"
28.4246043, -80.4174683
28.4244904, -80.4187478
28.4242628, -80.4213069
28.4243512, -80.4238659
28.4247559, -80.4264250
28.4256700, -80.4289841
28.4270934, -80.4315431
28.4278822, -80.4331494
28.4280362, -80.4338029
28.4283453, -80.4350824
28.4288095, -80.4369880
28.4294145, -80.4392203
28.4301604, -80.4417794
28.4307622, -80.4443384
28.4312199, -80.4468975
28.4316404, -80.4494566
28.4320235, -80.4520156
28.4323138, -80.4541396
28.4325111, -80.4558284
28.4326528, -80.4571079
28.4327388, -80.4579782
28.4328944, -80.4596928
28.4331197, -80.4622519
28.4332792, -80.4648110
28.4333729, -80.4673700
28.4334133, -80.4699291
28.4334002, -80.4724882
28.4333478, -80.4750472
28.4332560, -80.4776063
28.4330600, -80.4800806
28.4327599, -80.4824700
28.4325976, -80.4837496
28.4325733, -80.4839192
28.4323053, -80.4852835
28.4317936, -80.4878425
28.4311799, -80.4904016
28.4304640, -80.4929607
28.4296392, -80.4955197
28.4287054, -80.4980788
28.4282072, -80.4994289
28.4281445, -80.4995701
28.4275023, -80.5008496
28.4262805, -80.5032675
28.4251563, -80.5053421
28.4241298, -80.5070733
28.4233418, -80.5083528
28.4227923, -80.5091807
28.4216682, -80.5107558
28.4199694, -80.5130782
28.4190261, -80.5143577
28.4188382, -80.5145944
28.4177141, -80.5159701
28.4156536, -80.5184848
28.4146045, -80.5197643
28.4145669, -80.5198087
28.4135039, -80.5211104
28.4114156, -80.5236695
28.4103102, -80.5250316
28.4101879, -80.5251967
28.4092820, -80.5264763
28.4075925, -80.5288702
28.4064684, -80.5305637
28.4059096, -80.5315568
28.4052224, -80.5328363
28.4044068, -80.5344023
28.4035816, -80.5364648
28.4027468, -80.5390238
28.4021337, -80.5415829
28.4017423, -80.5441420
28.4015505, -80.5467010
28.4015583, -80.5492601
28.4017269, -80.5518192
28.4020563, -80.5543782
28.4025061, -80.5569373
28.4030762, -80.5594964
28.4037280, -80.5620554
28.4044616, -80.5646145
28.4050288, -80.5664724
28.4054297, -80.5676291
28.4058587, -80.5689086
28.4063158, -80.5703110
28.4070067, -80.5722917
28.4079314, -80.5748507
28.4088270, -80.5773423
28.4096935, -80.5797662
28.4101496, -80.5810457
28.4101953, -80.5811809
28.4106707, -80.5825279
28.4115758, -80.5850870
28.4124262, -80.5876461
28.4132220, -80.5902051
28.4138708, -80.5924426
28.4143725, -80.5943586
28.4147038, -80.5956381
28.4148648, -80.5962812
28.4151982, -80.5978823
28.4157040, -80.6004414
28.4161033, -80.6030005
28.4163958, -80.6055595
28.4165748, -80.6081186
28.4166401, -80.6106777
28.4165847, -80.6132367
28.4164087, -80.6157958
28.4161110, -80.6183548
28.4156917, -80.6209139
28.4152674, -80.6230253
28.4148380, -80.6246891
28.4145116, -80.6259686
28.4142880, -80.6268639
28.4137662, -80.6285911
28.4129460, -80.6311502
28.4120771, -80.6337092
28.4111597, -80.6362683
28.4105574, -80.6379420
28.4102703, -80.6387304
28.4098109, -80.6400099
28.4091792, -80.6417806
28.4084599, -80.6439455
28.4076530, -80.6465046
28.4069358, -80.6490636
28.4063083, -80.6516227
28.4059034, -80.6534845
28.4057212, -80.6546490
28.4055252, -80.6559285
28.4053152, -80.6573231
28.4051390, -80.6592999
28.4049966, -80.6618589
28.4049811, -80.6644180
28.4050925, -80.6669771
28.4052687, -80.6690860
28.4055097, -80.6707448
28.4056979, -80.6720243
28.4058333, -80.6729246
28.4062542, -80.6746543
28.4069606, -80.6772133
28.4078511, -80.6797724
28.4089257, -80.6823315
28.4096289, -80.6839023
28.4099608, -80.6844848
28.4107999, -80.6857643
28.4121462, -80.6877409
28.4132704, -80.6892352
28.4141724, -80.6902473
28.4155669, -80.6915269
28.4174540, -80.6930738
28.4185782, -80.6939695
28.4189394, -80.6942141
28.4202441, -80.6948293
28.4224924, -80.6958150
28.4247407, -80.6965127
28.4269890, -80.6969225
28.4292373, -80.6970577
28.4314856, -80.6969186
28.4337340, -80.6965038
28.4359823, -80.6958135
28.4378361, -80.6950630
28.4392955, -80.6942525
28.4404197, -80.6936167
28.4412086, -80.6931555
28.4427272, -80.6920042
28.4449755, -80.6901629
28.4462263, -80.6891139
28.4464797, -80.6888574
28.4476039, -80.6876993
28.4495988, -80.6856397
28.4508112, -80.6843601
28.4512410, -80.6838607
28.4523652, -80.6825635
28.4541836, -80.6804684
28.4552851, -80.6791889
28.4556697, -80.6787249
28.4567938, -80.6774026
28.4586576, -80.6752221
28.4597528, -80.6739426
28.4600794, -80.6735640
28.4612036, -80.6723075
28.4631252, -80.6701730
28.4642852, -80.6688935
28.4646836, -80.6684689
28.4658078, -80.6673119
28.4676577, -80.6654226
28.4689328, -80.6641431
28.4696332, -80.6634733
28.4707574, -80.6624223
28.4723053, -80.6609899
28.4737386, -80.6597104
28.4750573, -80.6585837
28.4761815, -80.6576294
28.4771111, -80.6568475
28.4787000, -80.6555882
28.4809483, -80.6538515
28.4821010, -80.6529630
28.4821580, -80.6529225
28.4832821, -80.6521148
28.4854734, -80.6505400
28.4873154, -80.6492605
28.4888081, -80.6482762
28.4899323, -80.6475268
28.4906879, -80.6470122
28.4921899, -80.6460516
28.4944382, -80.6446450
28.4961111, -80.6436228
28.4972087, -80.6429849
28.4983328, -80.6423152
28.4994836, -80.6416137
28.5011831, -80.6406277
28.5034314, -80.6393572
28.5051069, -80.6384284
28.5062096, -80.6378414
28.5073337, -80.6372275
28.5084793, -80.6365867
28.5101763, -80.6356784
28.5124246, -80.6345024
28.5142914, -80.6335432
28.5157766, -80.6328009
28.5169008, -80.6322314
28.5176638, -80.6318348
28.5191695, -80.6310900
28.5214178, -80.6299970
28.5236661, -80.6289279
28.5259144, -80.6278830
28.5270666, -80.6273483
28.5271228, -80.6273238
28.5282469, -80.6268287
28.5304391, -80.6258631
28.5326593, -80.6249217
28.5349076, -80.6240046
28.5369320, -80.6232079
28.5387325, -80.6225316
28.5398566, -80.6221086
28.5403045, -80.6219389
28.5416525, -80.6214826
28.5439008, -80.6207398
28.5461492, -80.6200444
28.5483975, -80.6193964
28.5506458, -80.6187907
28.5528941, -80.6182271
28.5550144, -80.6177278
28.5570067, -80.6172928
28.5581309, -80.6170473
28.5583868, -80.6169912
28.5596390, -80.6167576
28.5618873, -80.6163466
28.5641356, -80.6159305
28.5663839, -80.6155095
28.5686322, -80.6151009
28.5708805, -80.6147049
28.5731288, -80.6142467
28.5753771, -80.6137263
28.5776254, -80.6131196
28.5798737, -80.6124267
28.5810834, -80.6120495
28.5812545, -80.6119879
28.5823787, -80.6115853
28.5844559, -80.6108415
28.5866186, -80.6099477
28.5888669, -80.6089041
28.5906777, -80.6079964
28.5920509, -80.6072248
28.5931750, -80.6065929
28.5940501, -80.6061004
28.5956118, -80.6051314
28.5978601, -80.6036857
28.5994202, -80.6026524
28.6002920, -80.6020314
28.6014162, -80.6012272
28.6027927, -80.6002398
28.6044723, -80.5989603
28.6064550, -80.5973886
28.6075792, -80.5964951
28.6078447, -80.5962796
28.6091017, -80.5952197
28.6113500, -80.5933155
28.6127533, -80.5921437
28.6133116, -80.5917043
28.6144357, -80.5908037
28.6161257, -80.5894418
28.6176700, -80.5881623
28.6190684, -80.5869651
28.6201926, -80.5859935
28.6210424, -80.5852475
28.6225151, -80.5839679
28.6246107, -80.5821549
28.6257348, -80.5811802
28.6258876, -80.5810438
28.6270881, -80.5800579
28.6293364, -80.5782224
28.6308545, -80.5770111
28.6316423, -80.5764239
28.6327665, -80.5755584
28.6342269, -80.5744147
28.6359621, -80.5731352
28.6379720, -80.5717198
28.6390962, -80.5709229
28.6393346, -80.5707445
28.6405779, -80.5700582
28.6428262, -80.5688640
28.6450745, -80.5680586
28.6473228, -80.5676420
28.6493479, -80.5683284
28.6511497, -80.5701176
28.6522488, -80.5722917
28.6526454, -80.5748507
28.6527443, -80.5774098
28.6525455, -80.5799689
28.6522531, -80.5825279
28.6518672, -80.5850870
28.6514459, -80.5876461
28.6509894, -80.5902051
28.6505184, -80.5927642
28.6500329, -80.5953233
28.6495450, -80.5978823
28.6490545, -80.6004414
28.6487188, -80.6021606
28.6485376, -80.6030399
28.6482439, -80.6043194
28.6478376, -80.6059992
28.6473282, -80.6081186
28.6467155, -80.6106777
28.6461236, -80.6132367
28.6455526, -80.6157958
28.6450007, -80.6183548
28.6444678, -80.6209139
28.6441386, -80.6224974
28.6440131, -80.6231055
28.6437116, -80.6243850
28.6432341, -80.6263360
28.6427064, -80.6285911
28.6421283, -80.6311502
28.6415842, -80.6337092
28.6410739, -80.6362683
28.6405953, -80.6388274
28.6401484, -80.6413864
28.6398071, -80.6433876
28.6395715, -80.6448309
28.6393418, -80.6461104
28.6391179, -80.6472262
28.6387707, -80.6490636
28.6383003, -80.6516227
28.6378766, -80.6541818
28.6374996, -80.6567408
28.6371569, -80.6592999
28.6368483, -80.6618589
28.6365827, -80.6644180
28.6363599, -80.6669771
28.6361790, -80.6695361
28.6360399, -80.6720952
28.6359464, -80.6746543
28.6358986, -80.6772133
28.6359005, -80.6797724
28.6359521, -80.6823315
28.6360570, -80.6848905
28.6362151, -80.6874496
28.6364279, -80.6900087
28.6366954, -80.6925677
28.6370151, -80.6951268
28.6373872, -80.6976859
28.6378038, -80.7002449
28.6382651, -80.7028040
28.6387353, -80.7052579
28.6392143, -80.7076065
28.6394737, -80.7088861
28.6395137, -80.7090965
28.6397826, -80.7104812
28.6402806, -80.7130402
28.6407627, -80.7155993
28.6412288, -80.7181584
28.6416641, -80.7207174
28.6420684, -80.7232765
28.6424822, -80.7258356
28.6429053, -80.7283946
28.6432350, -80.7309537
28.6434713, -80.7335128
28.6436665, -80.7360718
28.6438205, -80.7386309
28.6439107, -80.7402996
28.6439372, -80.7410778
28.6439802, -80.7423573
28.6440398, -80.7441381
28.6440410, -80.7463081
28.6439839, -80.7488671
28.6439541, -80.7501662
28.6439516, -80.7502052
28.6438596, -80.7514847
28.6436782, -80.7540048
28.6434494, -80.7565443
28.6431734, -80.7591034
28.6428679, -80.7616625
28.6425330, -80.7642215
28.6421691, -80.7667806
28.6417764, -80.7693397
28.6413699, -80.7718987
28.6409496, -80.7744578
28.6405225, -80.7770169
28.6400884, -80.7795759
28.6397670, -80.7814770
28.6395582, -80.7827200
28.6393320, -80.7839995
28.6390885, -80.7853156
28.6387390, -80.7872531
28.6382834, -80.7898122
28.6378383, -80.7923712
28.6374035, -80.7949303
28.6369811, -80.7974894
28.6365709, -80.8000484
28.6361701, -80.8026075
28.6357785, -80.8051666
28.6354263, -80.8074664
28.6351135, -80.8095069
28.6349153, -80.8107864
28.6348315, -80.8113050
28.6346664, -80.8128438
28.6344201, -80.8154028
28.6341173, -80.8179619
28.6337579, -80.8205210
28.6334301, -80.8230800
28.6331341, -80.8256391
28.6328485, -80.8281982
28.6325734, -80.8307572
28.6322521, -80.8333163
28.6318845, -80.8358753
28.6316238, -80.8384344
28.6314699, -80.8409935
28.6312897, -80.8435525
28.6310831, -80.8461116
28.6308688, -80.8486707
28.6306469, -80.8512297
28.6305170, -80.8527388
28.6304794, -80.8531978
28.6303724, -80.8544774
28.6301961, -80.8565774
28.6300047, -80.8589069
28.6297983, -80.8614660
28.6296951, -80.8627455
End:
Color: 245 245 245
Line: 2, 0, "KSC 54-ft Barnes Wind Analysis\nZero divergence contour\nDerived from KSC 54-ft tower winds"
28.3371181, -80.8325144
28.3378267, -80.8334696
28.3390678, -80.8347491
28.3408415, -80.8363530
28.3419656, -80.8374017
28.3424403, -80.8378955
28.3438018, -80.8380902
28.3460501, -80.8379859
28.3472842, -80.8377390
28.3475041, -80.8373496
28.3475041, -80.8370653
28.3472842, -80.8368860
28.3460501, -80.8364701
28.3438018, -80.8358175
28.3421351, -80.8346275
28.3410499, -80.8329003
28.3399257, -80.8319100
28.3387626, -80.8316565
28.3378267, -80.8316565
28.3371181, -80.8319100
28.3371181, -80.8325144
End:
Color: 155 240 235
Line: 1, 0, "KSC 54-ft Barnes Wind Analysis\nDivergence: 1.0 x 10^-4 s^-1\nCool colors = divergence\nDerived from KSC 54-ft tower winds"
28.2597460, -80.6580204
28.2602441, -80.6583844
28.2612405, -80.6591126
28.2628335, -80.6603921
28.2650232, -80.6622230
28.2661473, -80.6631636
28.2662060, -80.6632140
28.2673595, -80.6640915
28.2696078, -80.6657961
28.2712585, -80.6670505
28.2723116, -80.6678546
28.2734357, -80.6686731
28.2746309, -80.6695062
28.2762123, -80.6707857
28.2781800, -80.6725117
28.2793041, -80.6734982
28.2795848, -80.6737451
28.2808493, -80.6746526
28.2830976, -80.6762207
28.2849453, -80.6773768
28.2863924, -80.6781208
28.2875165, -80.6787061
28.2883177, -80.6791327
28.2898425, -80.6800937
28.2920908, -80.6815894
28.2936957, -80.6826556
28.2946571, -80.6832925
28.2957813, -80.6840470
28.2970681, -80.6849191
28.2988357, -80.6861138
28.3010840, -80.6876310
28.3023318, -80.6884745
28.3025790, -80.6886443
28.3037031, -80.6894345
28.3057042, -80.6908452
28.3075775, -80.6921247
28.3093229, -80.6932731
28.3104470, -80.6940147
28.3109499, -80.6943496
28.3123255, -80.6951638
28.3145738, -80.6964574
28.3165149, -80.6975695
28.3181486, -80.6985001
28.3192727, -80.6991446
28.3198873, -80.6995031
28.3213187, -80.7003484
28.3235671, -80.7016805
28.3254680, -80.7027808
28.3270216, -80.7036493
28.3281458, -80.7042826
28.3288405, -80.7046806
28.3303120, -80.7054924
28.3325603, -80.7067177
28.3346194, -80.7077982
28.3364892, -80.7087338
28.3376134, -80.7092990
28.3379918, -80.7094937
28.3393052, -80.7101273
28.3415535, -80.7112001
28.3438018, -80.7122060
28.3460501, -80.7131452
28.3476645, -80.7137911
28.3486450, -80.7141435
28.3497692, -80.7145572
28.3510370, -80.7150321
28.3527950, -80.7156490
28.3550433, -80.7164079
28.3572916, -80.7170639
28.3595399, -80.7176169
28.3617882, -80.7180042
28.3640365, -80.7182258
28.3662848, -80.7184113
28.3685331, -80.7185607
28.3707814, -80.7185122
28.3730297, -80.7182659
28.3752780, -80.7178678
28.3775264, -80.7173178
28.3796886, -80.7163621
28.3817648, -80.7150005
28.3828889, -80.7142225
28.3830611, -80.7140281
28.3837295, -80.7127485
28.3848942, -80.7103839
28.3856371, -80.7079221
28.3859581, -80.7053630
28.3860471, -80.7028040
28.3859039, -80.7002449
28.3856482, -80.6976859
28.3852797, -80.6951268
28.3848539, -80.6925677
28.3843708, -80.6900087
28.3838837, -80.6875807
28.3833926, -80.6852838
28.3831194, -80.6840042
28.3830639, -80.6837421
28.3827341, -80.6823315
28.3821299, -80.6797724
28.3815315, -80.6772133
28.3809388, -80.6746543
28.3803566, -80.6720952
28.3797848, -80.6695361
28.3792869, -80.6672096
28.3788626, -80.6651156
28.3786003, -80.6638361
28.3785000, -80.6633710
28.3782188, -80.6618589
28.3777567, -80.6592999
28.3773491, -80.6567408
28.3769960, -80.6541818
28.3767146, -80.6516227
28.3765050, -80.6490636
28.3763829, -80.6465046
28.3763482, -80.6439455
28.3764274, -80.6413864
28.3766203, -80.6388274
28.3769256, -80.6362683
28.3773432, -80.6337092
28.3778267, -80.6311974
28.3783759, -80.6287327
28.3786610, -80.6274532
28.3786821, -80.6273588
28.3789692, -80.6260320
28.3795222, -80.6234730
28.3799850, -80.6209139
28.3803575, -80.6183548
28.3805628, -80.6157958
28.3806007, -80.6132367
28.3804367, -80.6106777
28.3800708, -80.6081186
28.3795786, -80.6058261
28.3789599, -80.6038002
28.3785691, -80.6025206
28.3784062, -80.6019875
28.3777508, -80.6004414
28.3766030, -80.5978823
28.3755603, -80.5957815
28.3746227, -80.5941390
28.3738898, -80.5928595
28.3733615, -80.5919429
28.3722373, -80.5902361
28.3705173, -80.5877390
28.3696359, -80.5864595
28.3695932, -80.5863975
28.3685777, -80.5850870
28.3665895, -80.5825279
28.3654867, -80.5811193
28.3652694, -80.5808612
28.3641541, -80.5795817
28.3621411, -80.5772808
28.3610169, -80.5760030
28.3607817, -80.5757485
28.3596039, -80.5744689
28.3574836, -80.5721644
28.3563594, -80.5709448
28.3562315, -80.5708102
28.3550433, -80.5695618
28.3527950, -80.5671996
28.3516398, -80.5659874
28.3515776, -80.5659251
28.3504534, -80.5648277
28.3482673, -80.5626950
28.3469500, -80.5614154
28.3465014, -80.5609891
28.3453773, -80.5599276
28.3435775, -80.5582311
28.3422048, -80.5569516
28.3412591, -80.5560890
28.3401349, -80.5550598
28.3388323, -80.5538639
28.3373911, -80.5525844
28.3358111, -80.5512212
28.3346870, -80.5502453
28.3340186, -80.5496568
28.3336844, -80.5493625
End:
Color: 155 240 235
Line: 1, 0, "KSC 54-ft Barnes Wind Analysis\nDivergence: 1.0 x 10^-4 s^-1\nCool colors = divergence\nDerived from KSC 54-ft tower winds"
28.4658714, -80.8525093
28.4656236, -80.8512297
28.4651280, -80.8486707
28.4646817, -80.8470384
28.4642846, -80.8463328
28.4635286, -80.8450533
28.4624137, -80.8431998
28.4615538, -80.8409935
28.4609489, -80.8384344
28.4603822, -80.8362618
28.4598537, -80.8344757
28.4594765, -80.8331961
28.4592507, -80.8324232
28.4586618, -80.8307572
28.4577098, -80.8281982
28.4567713, -80.8256391
28.4558461, -80.8230800
28.4553109, -80.8216109
28.4551655, -80.8212316
28.4546380, -80.8199521
28.4537284, -80.8177723
28.4527770, -80.8154028
28.4517837, -80.8128438
28.4511144, -80.8110671
28.4507689, -80.8100728
28.4502998, -80.8087932
28.4497070, -80.8072285
28.4489022, -80.8051666
28.4478854, -80.8026075
28.4470577, -80.8004976
28.4464190, -80.7988369
28.4459104, -80.7975574
28.4455319, -80.7966590
28.4448117, -80.7949303
28.4437499, -80.7923712
28.4428150, -80.7900767
28.4420070, -80.7880467
28.4414872, -80.7867672
28.4412555, -80.7862381
28.4405874, -80.7846941
28.4394830, -80.7821350
28.4384747, -80.7797399
28.4375625, -80.7775088
28.4370322, -80.7762293
28.4368839, -80.7759013
28.4362454, -80.7744578
28.4351169, -80.7718987
28.4340669, -80.7694245
28.4330955, -80.7670351
28.4325713, -80.7657555
28.4324943, -80.7655859
28.4319117, -80.7642215
28.4308234, -80.7616625
28.4298123, -80.7591034
28.4288784, -80.7565443
28.4283368, -80.7550056
28.4281877, -80.7544873
28.4277705, -80.7532077
28.4270851, -80.7511670
28.4264756, -80.7488671
28.4259419, -80.7463081
28.4256655, -80.7437490
28.4256462, -80.7411900
28.4260726, -80.7386309
28.4269447, -80.7360718
28.4275639, -80.7345893
28.4279301, -80.7341833
28.4289321, -80.7329038
28.4305700, -80.7307507
28.4316942, -80.7294600
28.4323046, -80.7290316
28.4337340, -80.7278156
28.4359823, -80.7258121
28.4371618, -80.7247468
28.4372724, -80.7246196
28.4383966, -80.7236945
28.4405342, -80.7219713
28.4420028, -80.7206918
28.4428024, -80.7198559
28.4439266, -80.7188162
28.4453753, -80.7175729
28.4467051, -80.7162933
28.4479159, -80.7149776
28.4490401, -80.7138051
28.4500775, -80.7127757
28.4512443, -80.7114962
28.4525405, -80.7099665
28.4536646, -80.7086572
28.4546168, -80.7075683
28.4556757, -80.7062888
28.4568415, -80.7048186
28.4579657, -80.7034070
28.4590482, -80.7020540
28.4600614, -80.7007745
28.4610052, -80.6995684
28.4621294, -80.6981377
28.4634338, -80.6964823
28.4644564, -80.6952028
28.4651970, -80.6942991
28.4663211, -80.6929375
28.4678288, -80.6911179
28.4689174, -80.6898384
28.4695868, -80.6890989
28.4707110, -80.6878700
28.4722898, -80.6861518
28.4735174, -80.6848722
28.4743937, -80.6840314
28.4755178, -80.6829636
28.4768899, -80.6816688
28.4783551, -80.6803893
28.4799136, -80.6791250
28.4810377, -80.6782174
28.4817276, -80.6776666
28.4831966, -80.6766457
28.4854449, -80.6751547
28.4870561, -80.6741506
28.4880302, -80.6736334
28.4891543, -80.6730382
28.4904286, -80.6723650
28.4921899, -80.6715724
28.4944382, -80.6706603
28.4966865, -80.6698649
28.4989348, -80.6691860
28.5008490, -80.6686990
28.5024292, -80.6684041
28.5035534, -80.6681940
28.5042215, -80.6680688
28.5056797, -80.6679324
28.5079280, -80.6677848
28.5101763, -80.6677709
28.5124246, -80.6678908
28.5139774, -80.6680272
28.5148348, -80.6681801
28.5159590, -80.6684436
28.5173499, -80.6688175
28.5191695, -80.6696150
28.5214178, -80.6708359
28.5230740, -80.6719285
28.5241381, -80.6728926
28.5252623, -80.6744477
28.5264465, -80.6765935
28.5271251, -80.6778730
28.5272981, -80.6782863
28.5276556, -80.6797724
28.5281975, -80.6823315
28.5285603, -80.6848905
28.5287440, -80.6874496
28.5288349, -80.6900087
28.5288330, -80.6925677
28.5287828, -80.6951268
28.5286842, -80.6976859
28.5285626, -80.7002449
28.5284178, -80.7028040
28.5282657, -80.7053630
28.5281061, -80.7079221
28.5279497, -80.7104812
28.5277965, -80.7130402
28.5276541, -80.7155993
28.5275226, -80.7181584
28.5274081, -80.7207174
28.5273108, -80.7232765
28.5272358, -80.7258356
28.5271834, -80.7283946
28.5271584, -80.7309537
28.5271610, -80.7335128
28.5271960, -80.7360718
28.5272636, -80.7386309
28.5273685, -80.7411900
28.5275110, -80.7437490
28.5276960, -80.7463081
28.5279234, -80.7488671
28.5281983, -80.7514262
28.5285207, -80.7539853
28.5288950, -80.7565443
28.5293212, -80.7591034
28.5298030, -80.7616625
28.5303404, -80.7642215
28.5308406, -80.7664080
28.5313036, -80.7682218
28.5316530, -80.7695013
28.5318887, -80.7702466
28.5324968, -80.7718987
28.5334774, -80.7744578
28.5344837, -80.7768686
28.5355158, -80.7791311
28.5361276, -80.7804107
28.5363194, -80.7807072
28.5374014, -80.7821350
28.5393739, -80.7846941
28.5404022, -80.7860208
28.5404863, -80.7861153
28.5416525, -80.7869110
28.5439008, -80.7884077
28.5461492, -80.7895928
28.5483975, -80.7904662
28.5496135, -80.7909502
28.5497973, -80.7910445
28.5509215, -80.7916326
28.5529860, -80.7927145
28.5547744, -80.7939940
28.5562869, -80.7954712
28.5574111, -80.7969769
28.5581469, -80.7985110
28.5586455, -80.7997905
28.5589069, -80.8008155
28.5592113, -80.8026075
28.5595588, -80.8051666
28.5597931, -80.8077256
28.5599141, -80.8102847
28.5599234, -80.8128438
28.5598209, -80.8154028
28.5597697, -80.8166824
End:
Color: 75 225 235
Line: 2, 0, "KSC 54-ft Barnes Wind Analysis\nDivergence: 2.0 x 10^-4 s^-1\nCool colors = divergence\nDerived from KSC 54-ft tower winds"
28.2926340, -80.6324297
28.2927792, -80.6325273
28.2930697, -80.6327225
28.2943391, -80.6335680
28.2965874, -80.6350640
28.2983787, -80.6362459
28.2997130, -80.6371139
28.3008371, -80.6378491
28.3017512, -80.6384515
28.3033323, -80.6394551
28.3055806, -80.6408597
28.3071879, -80.6418380
28.3081541, -80.6423900
28.3092783, -80.6430368
28.3105603, -80.6437784
28.3123255, -80.6447812
28.3145738, -80.6460451
28.3162891, -80.6469538
28.3174714, -80.6475073
28.3185956, -80.6480394
28.3196616, -80.6485499
28.3213187, -80.6491955
28.3235671, -80.6499762
28.3258154, -80.6505272
28.3280637, -80.6508485
28.3303120, -80.6503908
28.3325603, -80.6491543
28.3337777, -80.6483480
28.3339641, -80.6479721
28.3341660, -80.6465046
28.3343833, -80.6439455
28.3343382, -80.6413864
28.3340307, -80.6388274
28.3338288, -80.6373271
28.3337326, -80.6368855
28.3334457, -80.6356060
28.3329683, -80.6334885
28.3324186, -80.6311502
28.3317965, -80.6285911
28.3311836, -80.6260320
28.3305800, -80.6234730
28.3300056, -80.6209315
28.3294604, -80.6184076
28.3291839, -80.6171281
28.3291761, -80.6170929
28.3289416, -80.6157958
28.3284804, -80.6132367
28.3280790, -80.6106777
28.3277375, -80.6081186
28.3274402, -80.6055595
28.3271870, -80.6030005
28.3269339, -80.6004414
28.3266810, -80.5978823
28.3263560, -80.5953233
28.3259589, -80.5927642
28.3254931, -80.5905366
28.3249585, -80.5886405
28.3246016, -80.5873609
28.3244223, -80.5866980
28.3243326, -80.5863665
End:
Color: 75 225 235
Line: 2, 0, "KSC 54-ft Barnes Wind Analysis\nDivergence: 2.0 x 10^-4 s^-1\nCool colors = divergence\nDerived from KSC 54-ft tower winds"
28.4910657, -80.8311822
28.4906904, -80.8301163
28.4899398, -80.8279845
28.4891172, -80.8256391
28.4882227, -80.8230800
28.4874738, -80.8209749
28.4868707, -80.8193236
28.4863979, -80.8180441
28.4860555, -80.8171363
28.4854514, -80.8154028
28.4845856, -80.8128438
28.4836640, -80.8102847
28.4826866, -80.8077256
28.4821666, -80.8063619
28.4821039, -80.8061936
28.4816305, -80.8049141
28.4807466, -80.8025234
28.4798349, -80.8000484
28.4788955, -80.7974894
28.4782133, -80.7956422
28.4777884, -80.7945069
28.4773105, -80.7932274
28.4767796, -80.7918036
28.4760478, -80.7898122
28.4751151, -80.7872531
28.4742563, -80.7849100
28.4734716, -80.7827829
28.4729994, -80.7815033
28.4728396, -80.7810714
28.4723082, -80.7795759
28.4714052, -80.7770169
28.4705130, -80.7744578
28.4696318, -80.7718987
28.4690390, -80.7701534
28.4687348, -80.7692217
28.4683201, -80.7679421
28.4677950, -80.7663148
28.4671676, -80.7642215
28.4664379, -80.7616625
28.4657626, -80.7591034
28.4651416, -80.7565443
28.4646448, -80.7542058
28.4642723, -80.7520879
28.4640479, -80.7508084
28.4639716, -80.7503672
28.4638464, -80.7488671
28.4636724, -80.7463081
28.4636587, -80.7437490
28.4638055, -80.7411900
28.4639306, -80.7396562
28.4640342, -80.7391477
28.4643413, -80.7378682
28.4648518, -80.7358176
28.4656483, -80.7335128
28.4667309, -80.7309537
28.4675998, -80.7290885
28.4682551, -80.7279172
28.4690976, -80.7266377
28.4701275, -80.7252499
28.4712516, -80.7238185
28.4724701, -80.7223433
28.4737645, -80.7210638
28.4751351, -80.7199799
28.4762592, -80.7190963
28.4771370, -80.7184130
28.4787000, -80.7177212
28.4809483, -80.7170207
28.4831966, -80.7170175
28.4854449, -80.7177115
28.4868843, -80.7184034
28.4875148, -80.7190931
28.4886328, -80.7207174
28.4902386, -80.7232765
28.4910475, -80.7245691
28.4910596, -80.7245953
28.4914532, -80.7258748
28.4922283, -80.7284077
28.4929196, -80.7309537
28.4935270, -80.7335128
28.4940894, -80.7360718
28.4946066, -80.7386309
28.4950395, -80.7408130
28.4953880, -80.7426181
28.4956245, -80.7438976
28.4957490, -80.7446516
28.4960362, -80.7463081
28.4964860, -80.7488671
28.4969554, -80.7514262
28.4974441, -80.7539853
28.4979626, -80.7565443
28.4985107, -80.7591034
28.4990986, -80.7616625
28.4997264, -80.7642215
28.5000450, -80.7655173
28.5000543, -80.7655499
28.5003918, -80.7668294
28.5010575, -80.7693559
28.5017657, -80.7718987
28.5025164, -80.7744578
28.5033077, -80.7769978
28.5041396, -80.7795186
28.5045616, -80.7807981
28.5045738, -80.7808364
28.5050272, -80.7821350
28.5059218, -80.7846941
28.5068528, -80.7872531
28.5078201, -80.7898122
28.5084909, -80.7915417
28.5088651, -80.7924416
28.5093868, -80.7937211
28.5100562, -80.7953803
28.5109380, -80.7974894
28.5120322, -80.8000484
28.5128216, -80.8018980
28.5133064, -80.8030382
28.5138503, -80.8043177
28.5144534, -80.8057366
28.5154284, -80.8077256
28.5167753, -80.8102847
28.5174488, -80.8115642
End:

; Barnes frame 2026-10-07 01:45Z; stations=21
TimeRange: 2026-10-07T01:45:00 2026-10-07T01:50:00
Color: 255 220 75
Line: 1, 0, "KSC 54-ft Barnes Wind Analysis\nConvergence: 1.0 x 10^-4 s^-1\nWarm colors = convergence\nDerived from KSC 54-ft tower winds"
28.6781492, -80.5402843
28.6777798, -80.5415639
28.6770411, -80.5441232
28.6763136, -80.5466825
28.6755975, -80.5492418
28.6750755, -80.5511129
28.6747476, -80.5522958
28.6743842, -80.5535755
28.6739852, -80.5549518
28.6734266, -80.5569196
28.6727084, -80.5594789
28.6720015, -80.5620382
28.6713061, -80.5645975
28.6707405, -80.5666903
28.6703049, -80.5683167
28.6699560, -80.5695964
28.6696941, -80.5705293
28.6692142, -80.5722754
28.6685165, -80.5748346
28.6678311, -80.5773939
28.6671581, -80.5799532
28.6665138, -80.5824304
28.6658982, -80.5848256
28.6655682, -80.5861052
28.6655238, -80.5862694
28.6651646, -80.5876311
28.6644906, -80.5901904
28.6638311, -80.5927496
28.6631860, -80.5953089
28.6625521, -80.5978682
28.6619295, -80.6004275
28.6614871, -80.6022621
28.6612249, -80.6033721
28.6609139, -80.6046518
28.6605541, -80.6061011
28.6600729, -80.6081054
28.6594704, -80.6106647
28.6588848, -80.6132239
28.6583164, -80.6157832
28.6577644, -80.6183425
28.6572291, -80.6209018
28.6568703, -80.6226507
28.6566883, -80.6235892
28.6564312, -80.6248688
28.6560993, -80.6264896
28.6556989, -80.6285797
28.6552302, -80.6311390
28.6547923, -80.6336982
28.6543852, -80.6362575
28.6540142, -80.6388168
28.6536794, -80.6413761
28.6533893, -80.6439354
28.6531438, -80.6464947
28.6529559, -80.6490540
28.6528256, -80.6516132
28.6527720, -80.6541725
28.6527950, -80.6567318
28.6529225, -80.6592911
28.6531544, -80.6618504
28.6535304, -80.6644097
28.6540505, -80.6669690
28.6547710, -80.6695283
28.6556919, -80.6720875
28.6562636, -80.6735804
28.6564860, -80.6740069
28.6572516, -80.6752866
28.6585602, -80.6774194
28.6596844, -80.6790434
28.6606240, -80.6801587
28.6618276, -80.6814384
28.6632952, -80.6828823
28.6644193, -80.6839221
28.6652001, -80.6845578
28.6667146, -80.6856155
28.6689629, -80.6870952
28.6705380, -80.6880571
28.6714398, -80.6885010
28.6725639, -80.6890318
28.6739104, -80.6896495
28.6757078, -80.6903471
28.6779561, -80.6911247
28.6802044, -80.6917675
28.6824527, -80.6922755
28.6847010, -80.6926373
28.6869493, -80.6928528
28.6891976, -80.6928949
28.6914459, -80.6927633
28.6936942, -80.6924736
28.6959425, -80.6920257
28.6981908, -80.6913904
28.7004391, -80.6905676
28.7022230, -80.6897979
28.7035423, -80.6890812
28.7046664, -80.6884087
28.7055954, -80.6877802
28.7071308, -80.6865005
28.7092725, -80.6845697
28.7103967, -80.6835398
28.7105032, -80.6834106
28.7114351, -80.6821309
28.7131924, -80.6797008
28.7143165, -80.6779787
28.7148076, -80.6769646
28.7154058, -80.6756850
28.7161110, -80.6741398
28.7168285, -80.6720875
28.7175582, -80.6695283
28.7181168, -80.6669690
28.7185045, -80.6644097
28.7187728, -80.6618504
28.7189218, -80.6592911
28.7189893, -80.6567318
28.7189753, -80.6541725
28.7189081, -80.6516132
28.7187877, -80.6490540
28.7186358, -80.6464947
28.7184525, -80.6439354
28.7182545, -80.6413761
28.7180419, -80.6388168
28.7178280, -80.6362575
28.7176129, -80.6336982
28.7174069, -80.6311390
28.7172100, -80.6285797
28.7170305, -80.6260204
28.7168682, -80.6234611
28.7167292, -80.6209018
28.7166136, -80.6183425
28.7165336, -80.6157832
28.7164892, -80.6132239
28.7164665, -80.6106647
28.7164655, -80.6081054
28.7164953, -80.6055461
28.7165558, -80.6029868
28.7166499, -80.6004275
28.7167775, -80.5978682
28.7169312, -80.5953089
28.7171111, -80.5927496
28.7173181, -80.5901904
28.7175524, -80.5876311
28.7178115, -80.5850718
28.7180954, -80.5825125
28.7184017, -80.5799532
28.7187304, -80.5773939
28.7190585, -80.5749830
28.7193860, -80.5727206
28.7195736, -80.5714409
28.7196215, -80.5711441
28.7198767, -80.5697161
28.7203393, -80.5671568
28.7208162, -80.5645975
28.7213072, -80.5620382
28.7218099, -80.5594789
28.7223242, -80.5569196
28.7225813, -80.5556400
End:
Color: 245 245 245
Line: 2, 0, "KSC 54-ft Barnes Wind Analysis\nZero divergence contour\nDerived from KSC 54-ft tower winds"
28.3373380, -80.5420529
28.3382354, -80.5428904
28.3400301, -80.5445654
28.3411543, -80.5456001
28.3416079, -80.5459945
28.3429588, -80.5472621
28.3452071, -80.5494028
28.3463432, -80.5504852
28.3463670, -80.5505093
28.3474912, -80.5515732
28.3497156, -80.5536768
28.3510503, -80.5549564
28.3514951, -80.5554121
28.3526193, -80.5565126
28.3544227, -80.5582579
28.3557089, -80.5595376
28.3564777, -80.5603516
28.3576018, -80.5615028
28.3590813, -80.5629912
28.3603252, -80.5642709
28.3613334, -80.5653417
28.3624576, -80.5665147
28.3636976, -80.5677898
28.3649077, -80.5690694
28.3660876, -80.5703536
28.3672117, -80.5715703
28.3682801, -80.5727196
28.3694400, -80.5739992
28.3706914, -80.5754093
28.3718155, -80.5766756
28.3728125, -80.5777983
28.3739270, -80.5790779
28.3751591, -80.5805145
28.3762833, -80.5818425
28.3772994, -80.5830617
28.3783499, -80.5843413
28.3794346, -80.5856814
28.3805587, -80.5870986
28.3817223, -80.5885928
28.3827086, -80.5898725
28.3835175, -80.5909375
28.3846416, -80.5924755
28.3860810, -80.5944864
28.3869929, -80.5957661
28.3873772, -80.5963144
28.3883888, -80.5978682
28.3900277, -80.6004275
28.3909597, -80.6019082
28.3911848, -80.6023102
28.3918987, -80.6035898
28.3931014, -80.6057471
28.3942255, -80.6079531
28.3952711, -80.6102079
28.3958645, -80.6114876
28.3960055, -80.6117921
28.3965258, -80.6132239
28.3974254, -80.6157832
28.3981779, -80.6183425
28.3987833, -80.6209018
28.3992392, -80.6234611
28.3995456, -80.6260204
28.3997144, -80.6285797
28.3997458, -80.6311390
28.3996774, -80.6336982
28.3995094, -80.6362575
28.3993047, -80.6388168
28.3990634, -80.6413761
28.3988594, -80.6439354
28.3986928, -80.6464947
28.3986325, -80.6490540
28.3986784, -80.6516132
28.3988892, -80.6541725
28.3992650, -80.6567318
28.3996623, -80.6586753
28.4000811, -80.6600029
28.4004751, -80.6612825
28.4008441, -80.6625142
28.4016760, -80.6644097
28.4029707, -80.6669690
28.4039103, -80.6686358
28.4044949, -80.6694102
28.4054652, -80.6706898
28.4068214, -80.6724747
28.4079455, -80.6737837
28.4088377, -80.6746166
28.4102811, -80.6758962
28.4122758, -80.6776226
28.4133999, -80.6785686
28.4136536, -80.6787343
28.4149045, -80.6794432
28.4171528, -80.6806955
28.4194011, -80.6817938
28.4216495, -80.6827381
28.4231591, -80.6833088
28.4239301, -80.6835058
28.4250543, -80.6837579
28.4265316, -80.6840651
28.4283944, -80.6842790
28.4306427, -80.6843995
28.4328910, -80.6843264
28.4351393, -80.6840595
28.4365319, -80.6838457
28.4370688, -80.6836848
28.4381930, -80.6833015
28.4399044, -80.6826958
28.4418842, -80.6817691
28.4441325, -80.6805214
28.4457414, -80.6795447
28.4467109, -80.6788387
28.4478351, -80.6779599
28.4491139, -80.6769080
28.4505344, -80.6756284
28.4520966, -80.6741209
28.4532208, -80.6730096
28.4539068, -80.6722943
28.4550646, -80.6710147
28.4566941, -80.6691706
28.4578183, -80.6678847
28.4584371, -80.6671570
28.4595084, -80.6658774
28.4610323, -80.6640458
28.4621564, -80.6626891
28.4628809, -80.6618071
28.4639316, -80.6605274
28.4653085, -80.6588501
28.4664327, -80.6574788
28.4673040, -80.6564134
28.4683555, -80.6551338
28.4695871, -80.6536399
28.4707113, -80.6522687
28.4717279, -80.6510202
28.4727744, -80.6497406
28.4738507, -80.6484297
28.4749749, -80.6470357
28.4761469, -80.6455585
28.4771636, -80.6442789
28.4780249, -80.6431968
28.4791491, -80.6417260
28.4805360, -80.6398666
28.4814907, -80.6385869
28.4820132, -80.6378871
28.4831373, -80.6362601
28.4848632, -80.6337059
28.4857278, -80.6324262
28.4857313, -80.6324211
28.4864918, -80.6311390
28.4880092, -80.6285797
28.4891317, -80.6265748
28.4898590, -80.6251243
28.4905093, -80.6238447
28.4910825, -80.6227359
28.4919093, -80.6209018
28.4929896, -80.6183425
28.4938272, -80.6161748
28.4944219, -80.6143985
28.4948621, -80.6131189
28.4951477, -80.6123358
28.4956465, -80.6106647
28.4963587, -80.6081054
28.4969936, -80.6055461
28.4975512, -80.6029868
28.4980530, -80.6004275
28.4984989, -80.5978682
28.4988454, -80.5957436
28.4990924, -80.5940536
28.4992965, -80.5927739
28.4994575, -80.5919046
28.4997718, -80.5901904
28.5002393, -80.5876311
28.5007737, -80.5850718
28.5013749, -80.5825125
28.5021176, -80.5799532
28.5030016, -80.5773939
28.5035109, -80.5759674
28.5036453, -80.5756737
28.5046387, -80.5743941
28.5064909, -80.5721285
28.5076151, -80.5708232
28.5080111, -80.5704780
28.5093333, -80.5698622
28.5115816, -80.5689756
28.5138299, -80.5684525
28.5160782, -80.5682928
28.5183265, -80.5683151
28.5205748, -80.5685193
28.5228231, -80.5688040
28.5250714, -80.5691694
28.5273197, -80.5695512
28.5295680, -80.5699495
28.5318163, -80.5703216
28.5340647, -80.5706674
28.5355487, -80.5708791
28.5362684, -80.5709568
28.5373925, -80.5710682
28.5389211, -80.5712132
28.5408096, -80.5713296
28.5430579, -80.5714175
28.5453062, -80.5714403
28.5475545, -80.5713980
28.5498028, -80.5712967
28.5520511, -80.5711363
28.5533055, -80.5710410
28.5535661, -80.5710108
28.5546902, -80.5708673
28.5566780, -80.5706106
28.5587960, -80.5702981
28.5610443, -80.5699297
28.5632926, -80.5695402
28.5655409, -80.5691297
28.5677892, -80.5687158
28.5700375, -80.5682985
28.5722858, -80.5678968
28.5745341, -80.5675105
28.5767824, -80.5671634
28.5790307, -80.5668555
28.5812790, -80.5666230
28.5835273, -80.5664658
28.5857756, -80.5663666
28.5880239, -80.5663254
28.5902723, -80.5665970
28.5925206, -80.5671814
28.5947689, -80.5682322
28.5970172, -80.5697494
28.5982549, -80.5706299
28.5984821, -80.5708738
28.5994210, -80.5722754
28.6010717, -80.5748346
28.6020822, -80.5765815
28.6024527, -80.5775159
28.6028974, -80.5787955
28.6034164, -80.5804204
28.6039061, -80.5825125
28.6043667, -80.5850718
28.6047527, -80.5876311
28.6050642, -80.5901904
28.6052895, -80.5927496
28.6054288, -80.5953089
28.6055300, -80.5978682
28.6055932, -80.6004275
28.6056134, -80.6029868
28.6055907, -80.6055461
28.6055335, -80.6081054
28.6054417, -80.6106647
28.6053213, -80.6132239
28.6051723, -80.6157832
28.6049993, -80.6183425
28.6048023, -80.6209018
28.6045849, -80.6234611
28.6043473, -80.6260204
28.6040928, -80.6285797
28.6038214, -80.6311390
28.6035362, -80.6336982
28.6032372, -80.6362575
28.6029753, -80.6384289
28.6027504, -80.6402124
28.6025914, -80.6414921
28.6024983, -80.6422679
28.6022867, -80.6439354
28.6019565, -80.6464947
28.6016194, -80.6490540
28.6012755, -80.6516132
28.6009279, -80.6541725
28.6005767, -80.6567318
28.6002254, -80.6592911
28.5998739, -80.6618504
28.5995263, -80.6644097
28.5991826, -80.6669690
28.5988472, -80.6695283
28.5985202, -80.6720875
28.5983028, -80.6738336
28.5981952, -80.6747664
28.5980464, -80.6760461
28.5978565, -80.6776725
28.5976333, -80.6797654
28.5973769, -80.6823247
28.5971508, -80.6848840
28.5969549, -80.6874433
28.5968048, -80.6900025
28.5967002, -80.6925618
28.5966660, -80.6951211
28.5967021, -80.6976804
28.5968526, -80.7002397
28.5971176, -80.7027990
28.5974729, -80.7049750
28.5979185, -80.7067678
28.5982657, -80.7080475
28.5985145, -80.7088140
28.5995224, -80.7104768
28.6012896, -80.7130361
28.6022893, -80.7144109
28.6025217, -80.7146011
28.6037621, -80.7152732
28.6060104, -80.7164270
28.6082587, -80.7172811
28.6105070, -80.7178355
28.6127553, -80.7182481
28.6150036, -80.7185189
28.6172519, -80.7187267
28.6195002, -80.7188717
28.6217485, -80.7189993
28.6239968, -80.7191097
28.6262333, -80.7192323
28.6284581, -80.7193670
28.6295823, -80.7194350
28.6296058, -80.7194363
28.6307417, -80.7195433
28.6329900, -80.7197560
28.6352383, -80.7200287
28.6374866, -80.7203614
28.6397349, -80.7207709
28.6419832, -80.7212574
28.6442315, -80.7218222
28.6464799, -80.7224652
28.6487282, -80.7231855
28.6509765, -80.7239830
28.6522056, -80.7244245
28.6524157, -80.7245101
28.6535398, -80.7250081
28.6555781, -80.7259185
28.6577214, -80.7269901
28.6599697, -80.7282231
28.6614345, -80.7290475
28.6621159, -80.7294635
28.6632400, -80.7302158
28.6648070, -80.7313043
28.6666298, -80.7325839
28.6687087, -80.7340547
28.6698328, -80.7348588
28.6700023, -80.7349962
28.6712112, -80.7359807
28.6734595, -80.7378123
28.6749384, -80.7390232
28.6756480, -80.7396135
28.6767722, -80.7406548
28.6783109, -80.7421472
28.6796738, -80.7434269
28.6808610, -80.7444938
28.6819851, -80.7455883
28.6830463, -80.7467105
28.6843070, -80.7479902
28.6857672, -80.7494273
28.6868914, -80.7506037
28.6876794, -80.7515195
28.6888453, -80.7527991
28.6903890, -80.7544426
28.6915131, -80.7557111
28.6922178, -80.7566047
28.6932959, -80.7578843
28.6947475, -80.7595501
28.6958716, -80.7608920
28.6966683, -80.7619102
28.6977371, -80.7631898
28.6990779, -80.7647310
28.7002021, -80.7661498
28.7011096, -80.7674465
28.7020360, -80.7687261
28.7029813, -80.7699888
28.7041054, -80.7716170
28.7054084, -80.7736107
28.7062765, -80.7748904
28.7067098, -80.7754559
28.7077643, -80.7770183
28.7094400, -80.7795776
28.7103475, -80.7809772
28.7104868, -80.7812173
28.7113304, -80.7824969
28.7128782, -80.7848162
28.7140024, -80.7865669
28.7147029, -80.7877492
28.7155026, -80.7890288
28.7164017, -80.7904059
28.7175258, -80.7922449
28.7188751, -80.7945460
28.7196483, -80.7958256
28.7198453, -80.7960838
28.7208375, -80.7974926
28.7226249, -80.8000519
28.7236505, -80.8015855
28.7239144, -80.8020933
28.7245623, -80.8033729
28.7255943, -80.8054244
28.7267184, -80.8077103
28.7279348, -80.8102307
28.7285553, -80.8115104
28.7285799, -80.8115492
28.7293414, -80.8128483
28.7308398, -80.8154076
28.7319516, -80.8173553
28.7326769, -80.8186914
28.7334096, -80.8199710
28.7341497, -80.8211942
28.7352370, -80.8230855
28.7366717, -80.8256448
28.7374258, -80.8270043
28.7374994, -80.8271640
28.7381591, -80.8284437
28.7394050, -80.8308432
28.7400279, -80.8320430
End:
Color: 245 245 245
Line: 2, 0, "KSC 54-ft Barnes Wind Analysis\nZero divergence contour\nDerived from KSC 54-ft tower winds"
28.3688143, -80.4813504
28.3699385, -80.4817351
28.3721868, -80.4825045
28.3740010, -80.4831619
28.3753811, -80.4837073
28.3765052, -80.4841608
28.3773734, -80.4845224
28.3789317, -80.4850730
28.3811800, -80.4858126
28.3834283, -80.4865617
28.3856766, -80.4873202
28.3877059, -80.4880493
28.3895162, -80.4887488
28.3906403, -80.4891831
28.3910783, -80.4893523
28.3924215, -80.4898192
28.3946698, -80.4905840
28.3969181, -80.4913200
28.3991664, -80.4920271
28.4014147, -80.4927234
28.4036630, -80.4934089
28.4052142, -80.4938680
28.4060682, -80.4941007
28.4071924, -80.4943939
28.4085867, -80.4947475
28.4104079, -80.4951905
28.4126562, -80.4957230
28.4149045, -80.4962550
28.4171528, -80.4967865
28.4194011, -80.4972836
28.4216495, -80.4977463
28.4238978, -80.4981799
28.4261461, -80.4985844
28.4283256, -80.4989239
28.4304363, -80.4991984
28.4315604, -80.4993440
28.4316980, -80.4993606
28.4328910, -80.4994392
28.4351393, -80.4995798
28.4373876, -80.4996380
28.4396359, -80.4996137
28.4413588, -80.4995351
28.4425565, -80.4994022
28.4436806, -80.4992620
28.4447313, -80.4991148
28.4463808, -80.4986838
28.4486291, -80.4979690
28.4508774, -80.4969329
28.4531257, -80.4955754
28.4544297, -80.4947267
28.4547893, -80.4943870
28.4559134, -80.4929388
28.4578021, -80.4903821
28.4587471, -80.4891025
28.4587485, -80.4890998
28.4592865, -80.4878189
28.4603613, -80.4852596
28.4611981, -80.4827003
28.4617970, -80.4801410
28.4621833, -80.4775817
28.4623568, -80.4750224
28.4625422, -80.4724632
28.4627394, -80.4699039
28.4628673, -80.4673446
28.4629259, -80.4647853
28.4629292, -80.4622260
28.4628772, -80.4596667
28.4627796, -80.4571074
28.4626365, -80.4545482
28.4624548, -80.4519889
28.4622347, -80.4494296
28.4620176, -80.4468703
28.4618035, -80.4443110
28.4615131, -80.4417517
28.4611466, -80.4391924
28.4607787, -80.4366331
28.4604095, -80.4340739
28.4600039, -80.4315146
28.4595619, -80.4289553
28.4591935, -80.4263960
28.4588986, -80.4238367
28.4587499, -80.4225534
28.4587476, -80.4225461
28.4583241, -80.4212665
28.4574795, -80.4187145
28.4565784, -80.4161588
28.4556210, -80.4135996
28.4551423, -80.4123199
End:
Color: 155 240 235
Line: 1, 0, "KSC 54-ft Barnes Wind Analysis\nDivergence: 1.0 x 10^-4 s^-1\nCool colors = divergence\nDerived from KSC 54-ft tower winds"
28.3103584, -80.7318724
28.3114826, -80.7318577
28.3137309, -80.7318283
28.3159792, -80.7317715
28.3182275, -80.7316871
28.3204758, -80.7317119
28.3227241, -80.7318457
28.3249724, -80.7319784
28.3272207, -80.7321099
28.3294690, -80.7321773
28.3317173, -80.7321808
28.3339656, -80.7322504
28.3362139, -80.7323863
28.3384622, -80.7325276
28.3407105, -80.7326742
28.3429588, -80.7328273
28.3452071, -80.7329868
28.3474554, -80.7331540
28.3497037, -80.7333289
28.3519520, -80.7335186
28.3542003, -80.7337230
28.3564486, -80.7339792
28.3586969, -80.7342872
28.3604398, -80.7345284
28.3616772, -80.7347028
28.3628013, -80.7348676
28.3638122, -80.7350226
28.3654418, -80.7352151
28.3676902, -80.7354450
28.3699385, -80.7357462
28.3721868, -80.7361186
28.3744351, -80.7365193
28.3766834, -80.7369483
28.3789317, -80.7374143
28.3811800, -80.7379173
28.3834283, -80.7384713
28.3856766, -80.7390764
28.3872084, -80.7395114
28.3880237, -80.7397762
28.3891479, -80.7401649
28.3905809, -80.7406775
28.3924215, -80.7414030
28.3946698, -80.7423414
28.3969181, -80.7433313
28.3991664, -80.7443728
28.4003487, -80.7449270
28.4004648, -80.7449938
28.4015890, -80.7456966
28.4037211, -80.7470353
28.4055891, -80.7483149
28.4071930, -80.7495355
28.4083172, -80.7504158
28.4089616, -80.7509557
28.4104079, -80.7522293
28.4126562, -80.7542365
28.4137867, -80.7552461
28.4137993, -80.7552583
28.4149234, -80.7564192
28.4171591, -80.7587289
28.4183820, -80.7600085
28.4185919, -80.7602581
28.4197160, -80.7616618
28.4217544, -80.7642194
28.4227742, -80.7654991
28.4227754, -80.7655007
28.4236504, -80.7667812
28.4253993, -80.7693404
28.4265228, -80.7709960
28.4270211, -80.7717477
28.4278151, -80.7730273
28.4289048, -80.7748349
28.4300289, -80.7767071
28.4311875, -80.7786441
28.4319356, -80.7799237
28.4322731, -80.7805461
28.4331269, -80.7821369
28.4344967, -80.7846962
28.4354521, -80.7864813
28.4359930, -80.7874922
28.4366389, -80.7887719
28.4373898, -80.7903202
28.4384013, -80.7923740
28.4396735, -80.7949333
28.4404222, -80.7964400
28.4406474, -80.7968941
28.4412336, -80.7981737
28.4421809, -80.8002789
28.4432559, -80.8026112
28.4444588, -80.8051705
28.4451093, -80.8065654
28.4452075, -80.8067961
28.4457072, -80.8080758
28.4466084, -80.8104044
28.4476431, -80.8128483
28.4488112, -80.8154076
28.4494848, -80.8168662
28.4496638, -80.8172241
28.4502549, -80.8185038
28.4512583, -80.8207051
28.4523109, -80.8230855
28.4534128, -80.8256448
28.4540353, -80.8270890
28.4541783, -80.8274183
28.4546927, -80.8286979
28.4555785, -80.8309280
28.4564327, -80.8333226
28.4572554, -80.8358819
28.4579367, -80.8380404
28.4584765, -80.8397981
28.4588585, -80.8410777
28.4590826, -80.8418793
28.4597761, -80.8435598
28.4609390, -80.8461191
28.4619511, -80.8483801
28.4628124, -80.8503429
28.4633505, -80.8516225
28.4635652, -80.8522190
28.4636726, -80.8525173
End:
Color: 155 240 235
Line: 1, 0, "KSC 54-ft Barnes Wind Analysis\nDivergence: 1.0 x 10^-4 s^-1\nCool colors = divergence\nDerived from KSC 54-ft tower winds"
28.3103584, -80.6896270
28.3114826, -80.6896256
28.3137309, -80.6896227
28.3159792, -80.6896532
28.3182275, -80.6897172
28.3204758, -80.6897670
28.3227241, -80.6898027
28.3249724, -80.6898539
28.3272207, -80.6899206
28.3294690, -80.6900045
28.3317173, -80.6901057
28.3339656, -80.6902261
28.3362139, -80.6903656
28.3384622, -80.6905265
28.3407105, -80.6907087
28.3429588, -80.6909143
28.3452071, -80.6911433
28.3474554, -80.6913781
28.3497037, -80.6916185
28.3519520, -80.6919007
28.3542003, -80.6922247
28.3564486, -80.6925943
28.3586969, -80.6930094
28.3605928, -80.6933731
28.3621361, -80.6936853
28.3632603, -80.6939166
28.3639652, -80.6940669
28.3654418, -80.6944248
28.3676902, -80.6949904
28.3699385, -80.6955649
28.3721868, -80.6961484
28.3744351, -80.6967593
28.3766834, -80.6973977
28.3788304, -80.6980277
28.3808760, -80.6986493
28.3820002, -80.6989946
28.3822028, -80.6990637
28.3834283, -80.6994944
28.3856766, -80.7002866
28.3879249, -80.7010559
28.3901732, -80.7018022
28.3924215, -80.7025302
28.3946698, -80.7032399
28.3961841, -80.7037158
28.3969644, -80.7039577
28.3980885, -80.7043401
28.3995565, -80.7048631
28.4014147, -80.7054605
28.4036630, -80.7061324
28.4059113, -80.7067507
28.4081596, -80.7073153
28.4104079, -80.7078276
28.4126562, -80.7082874
28.4149045, -80.7086851
28.4171528, -80.7090204
28.4182982, -80.7091904
28.4183407, -80.7091949
28.4194648, -80.7093314
28.4216707, -80.7095997
28.4238978, -80.7097951
28.4261461, -80.7099176
28.4283944, -80.7099671
28.4306427, -80.7099435
28.4328910, -80.7098456
28.4351393, -80.7096734
28.4369220, -80.7094897
28.4382392, -80.7092947
28.4393633, -80.7091341
28.4402945, -80.7090079
28.4418842, -80.7087031
28.4441325, -80.7082197
28.4463808, -80.7076395
28.4486291, -80.7069624
28.4508774, -80.7061788
28.4531257, -80.7052887
28.4546573, -80.7046524
28.4554722, -80.7042699
28.4565964, -80.7037054
28.4580298, -80.7029590
28.4598706, -80.7019226
28.4621189, -80.7005963
28.4636360, -80.6996899
28.4644218, -80.6992033
28.4655460, -80.6984449
28.4670084, -80.6974145
28.4688140, -80.6961349
28.4709628, -80.6946060
28.4720869, -80.6938016
28.4721865, -80.6937219
28.4733604, -80.6928713
28.4756087, -80.6912497
28.4773969, -80.6900100
28.4787250, -80.6891519
28.4798491, -80.6883920
28.4807694, -80.6877301
28.4823537, -80.6867279
28.4846020, -80.6853855
28.4863242, -80.6844368
28.4875205, -80.6838818
28.4886446, -80.6833306
28.4896967, -80.6827830
28.4913469, -80.6821062
28.4935952, -80.6813002
28.4958435, -80.6806683
28.4980918, -80.6802106
28.5003401, -80.6800091
28.5025884, -80.6800637
28.5048367, -80.6806181
28.5070850, -80.6816724
28.5085171, -80.6825507
28.5091330, -80.6832531
28.5100077, -80.6848840
28.5111412, -80.6874433
28.5119502, -80.6900025
28.5124346, -80.6925618
28.5126840, -80.6939053
28.5126985, -80.6940328
28.5128178, -80.6953125
28.5130419, -80.6977442
28.5132256, -80.7002397
28.5133690, -80.7027990
28.5134925, -80.7053583
28.5135961, -80.7079176
28.5136956, -80.7104768
28.5137908, -80.7130361
28.5138921, -80.7155954
28.5139995, -80.7181547
28.5141205, -80.7207140
28.5142552, -80.7232733
28.5144093, -80.7258326
28.5145830, -80.7283919
28.5147807, -80.7309511
28.5150023, -80.7335104
28.5152507, -80.7360697
28.5155260, -80.7386290
28.5158292, -80.7411883
28.5161604, -80.7437476
28.5165185, -80.7463069
28.5169035, -80.7488661
28.5171226, -80.7502931
28.5171758, -80.7505877
28.5174179, -80.7518674
28.5178490, -80.7541320
28.5183364, -80.7565440
28.5188802, -80.7591033
28.5194435, -80.7616626
28.5200263, -80.7642219
28.5206204, -80.7667812
28.5212259, -80.7693404
28.5215713, -80.7707841
28.5216564, -80.7711121
28.5220039, -80.7723917
28.5226137, -80.7746230
28.5232712, -80.7770183
28.5239764, -80.7795776
28.5246717, -80.7821369
28.5253571, -80.7846962
28.5258238, -80.7864293
28.5260716, -80.7873364
28.5264283, -80.7886161
28.5268938, -80.7902683
28.5274792, -80.7923740
28.5281845, -80.7949333
28.5288518, -80.7974926
28.5294812, -80.8000519
28.5300200, -80.8021984
28.5304681, -80.8039322
28.5308018, -80.8052118
28.5310209, -80.8060374
28.5314343, -80.8077297
28.5320419, -80.8102890
28.5323457, -80.8115687
End:
Color: 75 225 235
Line: 2, 0, "KSC 54-ft Barnes Wind Analysis\nDivergence: 2.0 x 10^-4 s^-1\nCool colors = divergence\nDerived from KSC 54-ft tower winds"
28.4872510, -80.8320430
28.4868697, -80.8310502
28.4861073, -80.8290646
28.4856070, -80.8277850
28.4853688, -80.8272113
28.4847263, -80.8256448
28.4836796, -80.8230855
28.4826745, -80.8205998
28.4817112, -80.8181878
28.4811977, -80.8169081
28.4811340, -80.8167609
28.4805693, -80.8154076
28.4795036, -80.8128483
28.4784714, -80.8102890
28.4774728, -80.8077297
28.4769133, -80.8062994
28.4767930, -80.8059979
28.4762553, -80.8047183
28.4753001, -80.8024604
28.4743026, -80.8000519
28.4732626, -80.7974926
28.4726160, -80.7958988
28.4723629, -80.7952705
28.4718231, -80.7939909
28.4709968, -80.7920599
28.4700563, -80.7898147
28.4690018, -80.7872555
28.4682908, -80.7855217
28.4679234, -80.7846136
28.4673838, -80.7833340
28.4666721, -80.7816828
28.4657872, -80.7795776
28.4647291, -80.7770183
28.4639608, -80.7751414
28.4634823, -80.7739469
28.4629489, -80.7726673
28.4623606, -80.7713025
28.4615534, -80.7693404
28.4605274, -80.7667812
28.4596974, -80.7646580
28.4590634, -80.7629711
28.4585695, -80.7616915
28.4582157, -80.7608191
28.4575957, -80.7591033
28.4567094, -80.7565440
28.4559022, -80.7539847
28.4551740, -80.7514254
28.4546699, -80.7493128
28.4543899, -80.7476468
28.4541667, -80.7463671
28.4540005, -80.7454739
28.4539740, -80.7437476
28.4540871, -80.7411883
28.4541702, -80.7398375
28.4542233, -80.7396953
28.4549262, -80.7384157
28.4562790, -80.7359986
28.4574031, -80.7344244
28.4582987, -80.7336931
28.4598706, -80.7327903
28.4621189, -80.7317160
28.4643672, -80.7310002
28.4666155, -80.7306428
28.4688638, -80.7305854
28.4711121, -80.7308279
28.4733604, -80.7313990
28.4756087, -80.7322987
28.4774118, -80.7332589
28.4787696, -80.7342797
28.4798938, -80.7351514
28.4807843, -80.7358741
28.4819934, -80.7371537
28.4835212, -80.7389903
28.4846453, -80.7403717
28.4853658, -80.7412977
28.4862215, -80.7425774
28.4872123, -80.7442106
28.4883365, -80.7461252
28.4895940, -80.7483211
28.4903119, -80.7496008
28.4904901, -80.7499641
28.4912077, -80.7514254
28.4924647, -80.7539847
28.4934997, -80.7561049
28.4943128, -80.7577860
28.4949136, -80.7590657
28.4953021, -80.7599439
28.4960682, -80.7616626
28.4972118, -80.7642219
28.4981417, -80.7662943
28.4988578, -80.7678798
28.4994252, -80.7691595
28.4998438, -80.7701332
28.5006097, -80.7718997
28.5017228, -80.7744590
28.5026377, -80.7765511
28.5033542, -80.7781759
28.5039133, -80.7794556
28.5043148, -80.7803900
28.5050692, -80.7821369
28.5061765, -80.7846962
28.5070999, -80.7868237
28.5078394, -80.7885195
28.5083948, -80.7897991
28.5087661, -80.7906626
28.5095013, -80.7923740
28.5106005, -80.7949333
28.5115390, -80.7971206
28.5123168, -80.7989358
28.5128641, -80.8002154
28.5131809, -80.8009595
28.5138612, -80.8026112
28.5149051, -80.8051705
28.5158709, -80.8074979
28.5167585, -80.8095934
28.5172985, -80.8108730
28.5174906, -80.8113368
28.5175867, -80.8115687
End:

; Barnes frame 2026-10-07 01:50Z; stations=22
TimeRange: 2026-10-07T01:50:00 2026-10-07T01:55:00
Color: 255 220 75
Line: 1, 0, "KSC 54-ft Barnes Wind Analysis\nConvergence: 1.0 x 10^-4 s^-1\nWarm colors = convergence\nDerived from KSC 54-ft tower winds"
28.3207367, -80.8473911
28.3211931, -80.8461116
28.3221058, -80.8435525
28.3230604, -80.8409935
28.3240568, -80.8384344
28.3245890, -80.8370851
28.3246572, -80.8369455
28.3252817, -80.8356660
28.3264627, -80.8332465
28.3273397, -80.8307572
28.3279125, -80.8281982
28.3284462, -80.8263192
28.3289406, -80.8251204
28.3295498, -80.8238408
28.3302738, -80.8224806
28.3312070, -80.8205210
28.3323494, -80.8179619
28.3331115, -80.8160798
28.3334934, -80.8148745
28.3339225, -80.8135950
28.3343986, -80.8122412
28.3352057, -80.8102847
28.3363439, -80.8077256
28.3372300, -80.8057564
28.3378640, -80.8043771
28.3384715, -80.8030975
28.3390525, -80.8019178
28.3399052, -80.8000484
28.3410297, -80.7974894
28.3418634, -80.7955935
28.3424062, -80.7943608
28.3430315, -80.7930813
28.3437393, -80.7917549
28.3447782, -80.7898122
28.3461480, -80.7872531
28.3469183, -80.7858457
28.3470889, -80.7855898
28.3480383, -80.7843103
28.3497664, -80.7820071
28.3508906, -80.7802832
28.3514108, -80.7791387
28.3521593, -80.7778592
28.3531363, -80.7764446
28.3542604, -80.7749178
28.3555318, -80.7732786
28.3567571, -80.7719991
28.3579365, -80.7710792
28.3590607, -80.7701413
28.3601296, -80.7691855
28.3617882, -80.7690698
28.3640365, -80.7697943
28.3652122, -80.7702722
28.3653152, -80.7705035
28.3657406, -80.7718987
28.3664884, -80.7744578
28.3670142, -80.7770169
28.3673180, -80.7795759
28.3675166, -80.7821350
28.3676102, -80.7846941
28.3675439, -80.7872531
28.3673180, -80.7898122
28.3671412, -80.7923712
28.3670137, -80.7949303
28.3669638, -80.7974894
28.3669916, -80.8000484
28.3668717, -80.8026075
28.3666041, -80.8051666
28.3663038, -80.8077256
28.3659708, -80.8102847
28.3656434, -80.8126780
28.3653216, -80.8149055
28.3651331, -80.8161850
28.3650781, -80.8165166
28.3648207, -80.8179619
28.3643611, -80.8205210
28.3638975, -80.8230800
28.3634298, -80.8256391
28.3628732, -80.8281982
28.3622279, -80.8307572
28.3616356, -80.8333163
28.3610966, -80.8358753
28.3607863, -80.8374166
28.3607048, -80.8379401
28.3604998, -80.8392196
28.3601713, -80.8412552
28.3596198, -80.8435525
28.3588454, -80.8461116
28.3583080, -80.8486707
28.3580076, -80.8512297
28.3576142, -80.8537888
28.3571280, -80.8563479
28.3567055, -80.8584906
28.3563468, -80.8602169
28.3561675, -80.8610801
End:
Color: 255 220 75
Line: 1, 0, "KSC 54-ft Barnes Wind Analysis\nConvergence: 1.0 x 10^-4 s^-1\nWarm colors = convergence\nDerived from KSC 54-ft tower winds"
28.6771177, -80.5403034
28.6767645, -80.5415829
28.6760580, -80.5441420
28.6756352, -80.5456675
28.6754962, -80.5461596
28.6751201, -80.5474391
28.6745070, -80.5495061
28.6738366, -80.5518192
28.6731090, -80.5543782
28.6723938, -80.5569373
28.6716911, -80.5594964
28.6712373, -80.5611532
28.6710325, -80.5619079
28.6706724, -80.5631874
28.6701570, -80.5649918
28.6695495, -80.5671736
28.6688497, -80.5697326
28.6681641, -80.5722917
28.6674927, -80.5748507
28.6669761, -80.5768379
28.6666143, -80.5782533
28.6662788, -80.5795328
28.6659695, -80.5806765
28.6654844, -80.5825279
28.6648234, -80.5850870
28.6641797, -80.5876461
28.6635533, -80.5902051
28.6629410, -80.5927642
28.6623429, -80.5953233
28.6620171, -80.5967225
28.6619636, -80.5969620
28.6616631, -80.5982415
28.6611158, -80.6005611
28.6605626, -80.6030005
28.6600036, -80.6055595
28.6594648, -80.6081186
28.6589461, -80.6106777
28.6584476, -80.6132367
28.6579691, -80.6157958
28.6576575, -80.6175044
28.6575126, -80.6183627
28.6572876, -80.6196422
28.6569824, -80.6213430
28.6566308, -80.6234730
28.6562329, -80.6260320
28.6558677, -80.6285911
28.6555353, -80.6311502
28.6552396, -80.6337092
28.6549808, -80.6362683
28.6547650, -80.6388274
28.6545922, -80.6413864
28.6544714, -80.6439455
28.6544025, -80.6465046
28.6543981, -80.6490636
28.6544580, -80.6516227
28.6545991, -80.6541818
28.6548214, -80.6567408
28.6551471, -80.6592999
28.6555760, -80.6618589
28.6561367, -80.6644180
28.6568292, -80.6669771
28.6572416, -80.6684335
28.6573740, -80.6687874
28.6579080, -80.6700669
28.6588437, -80.6722721
28.6599678, -80.6745056
28.6612805, -80.6767672
28.6620398, -80.6780467
28.6622459, -80.6783441
28.6633701, -80.6797142
28.6654123, -80.6821569
28.6664955, -80.6834365
28.6666195, -80.6835528
28.6677437, -80.6844908
28.6698679, -80.6862505
28.6715549, -80.6875300
28.6728048, -80.6883294
28.6739289, -80.6890299
28.6749274, -80.6896314
28.6765508, -80.6904420
28.6787991, -80.6914617
28.6810474, -80.6923093
28.6832957, -80.6929848
28.6853390, -80.6934537
28.6871774, -80.6937161
28.6883015, -80.6938767
28.6887115, -80.6939355
28.6900406, -80.6939423
28.6922889, -80.6938971
28.6934532, -80.6938677
28.6935334, -80.6938541
28.6946576, -80.6936327
28.6968256, -80.6932035
28.6990338, -80.6925561
28.7012821, -80.6916902
28.7034551, -80.6906253
28.7055526, -80.6893612
28.7066768, -80.6886707
28.7068275, -80.6885538
28.7080270, -80.6873604
28.7102753, -80.6850904
28.7114717, -80.6838693
28.7116162, -80.6836971
28.7124455, -80.6823315
28.7139595, -80.6797724
28.7150114, -80.6776604
28.7156012, -80.6759953
28.7160447, -80.6747158
28.7163419, -80.6738218
28.7167263, -80.6720952
28.7171978, -80.6695361
28.7175203, -80.6669771
28.7176938, -80.6644180
28.7177693, -80.6618589
28.7177468, -80.6592999
28.7176637, -80.6567408
28.7175199, -80.6541818
28.7173431, -80.6516227
28.7171334, -80.6490636
28.7169113, -80.6465046
28.7166769, -80.6439455
28.7164454, -80.6413864
28.7162169, -80.6388274
28.7160511, -80.6368985
28.7159478, -80.6355997
28.7158532, -80.6343202
28.7157673, -80.6330599
28.7156564, -80.6311502
28.7155205, -80.6285911
28.7154099, -80.6260320
28.7153247, -80.6234730
28.7152712, -80.6209139
28.7152495, -80.6183548
28.7152523, -80.6157958
28.7152795, -80.6132367
28.7153353, -80.6106777
28.7154198, -80.6081186
28.7155318, -80.6055595
28.7156712, -80.6030005
28.7157797, -80.6012123
28.7158573, -80.6001951
28.7159606, -80.5989156
28.7160895, -80.5973737
28.7162891, -80.5953233
28.7165594, -80.5927642
28.7168563, -80.5902051
28.7171797, -80.5876461
28.7175195, -80.5850870
28.7178758, -80.5825279
28.7182492, -80.5799689
28.7186398, -80.5774098
28.7190451, -80.5748507
28.7194651, -80.5722917
28.7198545, -80.5699901
28.7202133, -80.5679460
28.7204431, -80.5666665
28.7205439, -80.5661515
28.7208626, -80.5646145
28.7213991, -80.5620554
28.7219420, -80.5594964
28.7224912, -80.5569373
28.7227658, -80.5556578
End:
Color: 245 245 245
Line: 2, 0, "KSC 54-ft Barnes Wind Analysis\nZero divergence contour\nDerived from KSC 54-ft tower winds"
28.2460044, -80.6836110
28.2465655, -80.6843193
28.2476877, -80.6857359
28.2492649, -80.6870154
28.2512971, -80.6881579
28.2524212, -80.6888213
28.2526374, -80.6890057
28.2528297, -80.6890057
28.2529982, -80.6888213
28.2541223, -80.6874791
28.2562022, -80.6849790
28.2583662, -80.6839755
28.2606145, -80.6844686
28.2624819, -80.6844391
28.2639684, -80.6838870
28.2650925, -80.6834874
28.2658544, -80.6832403
28.2673595, -80.6832169
28.2696078, -80.6834171
28.2707704, -80.6835407
28.2708473, -80.6835876
28.2719715, -80.6842451
28.2741428, -80.6855133
28.2763527, -80.6861943
28.2786010, -80.6862881
28.2808493, -80.6868278
28.2830976, -80.6878136
28.2847242, -80.6884121
28.2857290, -80.6886235
28.2868532, -80.6888900
28.2880966, -80.6892118
28.2889050, -80.6892118
28.2892784, -80.6888900
28.2904025, -80.6876211
28.2922775, -80.6854049
28.2934059, -80.6841254
28.2937878, -80.6837825
28.2947881, -80.6823315
28.2964070, -80.6797724
28.2972454, -80.6772133
28.2973033, -80.6746543
28.2970065, -80.6720952
28.2963550, -80.6695361
28.2956254, -80.6669771
28.2948175, -80.6644180
28.2941139, -80.6624215
28.2935146, -80.6609875
28.2929630, -80.6597080
28.2924592, -80.6585829
28.2915512, -80.6567408
28.2902389, -80.6541818
28.2893667, -80.6524854
28.2889345, -80.6516519
28.2882638, -80.6503724
28.2873547, -80.6486469
28.2862306, -80.6465997
28.2848913, -80.6442308
28.2841699, -80.6429513
28.2840663, -80.6427611
28.2832473, -80.6413864
28.2817128, -80.6388274
28.2809456, -80.6375478
End:
Color: 245 245 245
Line: 2, 0, "KSC 54-ft Barnes Wind Analysis\nZero divergence contour\nDerived from KSC 54-ft tower winds"
28.3112014, -80.6138696
28.3123187, -80.6146711
28.3145533, -80.6162739
28.3156774, -80.6170805
28.3156911, -80.6170910
28.3168221, -80.6179557
28.3190704, -80.6196747
28.3207559, -80.6209490
28.3218785, -80.6217786
28.3230026, -80.6226317
28.3241283, -80.6235082
28.3258123, -80.6247877
28.3280545, -80.6264703
28.3291786, -80.6273140
28.3291847, -80.6273188
28.3303120, -80.6282028
28.3325603, -80.6299659
28.3342036, -80.6312430
28.3352420, -80.6320341
28.3363661, -80.6329127
28.3375761, -80.6338787
28.3392070, -80.6351582
28.3412589, -80.6367513
28.3423830, -80.6376277
28.3425794, -80.6377876
28.3438018, -80.6387727
28.3460501, -80.6405832
28.3475493, -80.6417828
28.3482993, -80.6423716
28.3494234, -80.6432827
28.3509217, -80.6445163
28.3525068, -80.6457958
28.3541787, -80.6471213
28.3553028, -80.6480250
28.3558793, -80.6485067
28.3572916, -80.6496645
28.3595399, -80.6514984
28.3608168, -80.6525370
28.3611223, -80.6527805
28.3622465, -80.6537236
28.3641893, -80.6553663
28.3657116, -80.6566458
28.3668135, -80.6575622
28.3679377, -80.6585314
28.3690841, -80.6595534
28.3705351, -80.6608329
28.3722907, -80.6623700
28.3734148, -80.6633742
28.3739075, -80.6638457
28.3752616, -80.6651253
28.3774770, -80.6672128
28.3786011, -80.6682739
28.3786340, -80.6683086
28.3797747, -80.6695085
28.3820230, -80.6718737
28.3832231, -80.6731359
28.3833751, -80.6732951
28.3844560, -80.6746543
28.3864658, -80.6772133
28.3875140, -80.6785606
28.3876005, -80.6786960
28.3883881, -80.6799755
28.3898768, -80.6823992
28.3910010, -80.6844736
28.3917605, -80.6861987
28.3923133, -80.6874783
28.3926591, -80.6883122
28.3932301, -80.6900087
28.3940262, -80.6925677
28.3947137, -80.6951268
28.3952926, -80.6976859
28.3958246, -80.7002449
28.3963097, -80.7028040
28.3965734, -80.7041941
28.3966157, -80.7044154
28.3968445, -80.7056949
28.3972597, -80.7080327
28.3976938, -80.7104812
28.3981469, -80.7130402
28.3986076, -80.7155993
28.3990759, -80.7181584
28.3995521, -80.7207174
28.4000362, -80.7232765
28.4004921, -80.7256804
28.4009197, -80.7279292
28.4011625, -80.7292088
28.4012205, -80.7295190
28.4014794, -80.7309537
28.4019392, -80.7335128
28.4023844, -80.7360718
28.4028149, -80.7386309
28.4032247, -80.7411900
28.4036136, -80.7437490
28.4039844, -80.7463081
28.4043371, -80.7488671
28.4046585, -80.7514262
28.4049488, -80.7539853
28.4052142, -80.7565443
28.4054548, -80.7591034
28.4055888, -80.7605685
28.4056164, -80.7609397
28.4057183, -80.7622192
28.4058947, -80.7644071
28.4060686, -80.7667806
28.4062399, -80.7693397
28.4064023, -80.7718987
28.4065558, -80.7744578
28.4066988, -80.7770169
28.4068313, -80.7795759
28.4069595, -80.7821350
28.4070836, -80.7846941
28.4071743, -80.7872531
28.4072316, -80.7898122
28.4073085, -80.7923712
28.4074049, -80.7949303
28.4075065, -80.7974894
28.4076133, -80.8000484
28.4077191, -80.8026075
28.4078240, -80.8051666
28.4080322, -80.8077256
28.4083436, -80.8102847
28.4086128, -80.8128438
28.4088397, -80.8154028
28.4088262, -80.8179619
28.4085722, -80.8205210
28.4087352, -80.8230800
28.4093151, -80.8256391
28.4097355, -80.8275786
28.4099963, -80.8288985
28.4102643, -80.8301781
28.4105394, -80.8314172
28.4107968, -80.8333163
28.4110365, -80.8358753
28.4112537, -80.8384344
28.4114483, -80.8409935
28.4115180, -80.8435525
28.4114628, -80.8461116
28.4114032, -80.8486707
28.4113393, -80.8512297
28.4114281, -80.8537888
28.4116695, -80.8563479
28.4121405, -80.8589069
28.4128410, -80.8614660
28.4135492, -80.8639689
28.4142653, -80.8664157
28.4146445, -80.8676953
28.4146866, -80.8678075
28.4147622, -80.8691432
28.4148710, -80.8717023
28.4149254, -80.8729818
End:
Color: 245 245 245
Line: 2, 0, "KSC 54-ft Barnes Wind Analysis\nZero divergence contour\nDerived from KSC 54-ft tower winds"
28.5209717, -80.4328227
28.5210785, -80.4341022
28.5212922, -80.4366613
28.5215355, -80.4392203
28.5218086, -80.4417794
28.5220943, -80.4442073
28.5223928, -80.4465041
28.5225574, -80.4477836
28.5225884, -80.4480459
28.5227770, -80.4494566
28.5231233, -80.4520156
28.5234324, -80.4545747
28.5237042, -80.4571338
28.5240430, -80.4596928
28.5244489, -80.4622519
28.5249346, -80.4648110
28.5255002, -80.4673700
28.5260388, -80.4699291
28.5265503, -80.4724882
28.5268642, -80.4740581
28.5269805, -80.4746388
28.5272302, -80.4759184
28.5276134, -80.4778967
28.5280539, -80.4801654
28.5285517, -80.4827244
28.5290364, -80.4852835
28.5295082, -80.4878425
28.5299806, -80.4904016
28.5304534, -80.4929607
28.5309012, -80.4954474
28.5313238, -80.4978617
28.5315480, -80.4991413
28.5315736, -80.4992860
28.5318115, -80.5006379
28.5322615, -80.5031969
28.5327479, -80.5057560
28.5332706, -80.5083151
28.5337404, -80.5108741
28.5341572, -80.5134332
28.5345286, -80.5159923
28.5348547, -80.5185513
28.5352140, -80.5211104
28.5356067, -80.5236695
28.5358603, -80.5253198
28.5359746, -80.5260613
28.5361819, -80.5273408
28.5364822, -80.5291583
28.5368479, -80.5313466
28.5372789, -80.5339057
28.5377183, -80.5364648
28.5381658, -80.5390238
28.5386293, -80.5415829
28.5391087, -80.5441420
28.5396158, -80.5467010
28.5401505, -80.5492601
28.5404455, -80.5506536
28.5405007, -80.5508816
28.5408394, -80.5521612
28.5414614, -80.5544922
28.5421887, -80.5569373
28.5430214, -80.5594964
28.5438346, -80.5617005
28.5446282, -80.5635497
28.5451956, -80.5648292
28.5455369, -80.5655391
28.5465510, -80.5671736
28.5482380, -80.5697326
28.5491915, -80.5711295
28.5494116, -80.5713642
28.5506458, -80.5724861
28.5528941, -80.5744951
28.5542326, -80.5756573
28.5546613, -80.5759726
28.5557854, -80.5766126
28.5576050, -80.5775773
28.5596390, -80.5785523
28.5618873, -80.5795376
28.5638164, -80.5803348
28.5654265, -80.5809439
28.5665506, -80.5813480
28.5671889, -80.5815471
28.5686322, -80.5819852
28.5708805, -80.5826623
28.5731288, -80.5833473
28.5753771, -80.5840402
28.5776254, -80.5847654
28.5798737, -80.5855229
28.5813177, -80.5860178
28.5819574, -80.5862503
28.5830816, -80.5867038
28.5846902, -80.5873785
28.5866186, -80.5883184
28.5888669, -80.5895236
28.5904989, -80.5904658
28.5915145, -80.5911450
28.5926387, -80.5920622
28.5938713, -80.5932174
28.5950890, -80.5944969
28.5962917, -80.5959008
28.5974159, -80.5975788
28.5984615, -80.5995307
28.5991275, -80.6008103
28.5994140, -80.6014174
28.5999521, -80.6030005
28.6007418, -80.6055595
28.6013585, -80.6081186
28.6018023, -80.6106777
28.6021375, -80.6132367
28.6023640, -80.6157958
28.6025180, -80.6183548
28.6025993, -80.6209139
28.6026297, -80.6234730
28.6026091, -80.6260320
28.6025513, -80.6285911
28.6024562, -80.6311502
28.6023332, -80.6337092
28.6021822, -80.6362683
28.6020097, -80.6388274
28.6018158, -80.6413864
28.6016055, -80.6439455
28.6013786, -80.6465046
28.6011393, -80.6490636
28.6008873, -80.6516227
28.6006262, -80.6541818
28.6003558, -80.6567408
28.6000791, -80.6592999
28.5997963, -80.6618589
28.5995100, -80.6644180
28.5992203, -80.6669771
28.5990526, -80.6684619
28.5990071, -80.6688726
28.5988694, -80.6701521
28.5986398, -80.6723005
28.5983904, -80.6746543
28.5981215, -80.6772133
28.5978583, -80.6797724
28.5976011, -80.6823315
28.5973553, -80.6848905
28.5971209, -80.6874496
28.5969058, -80.6900087
28.5967100, -80.6925677
28.5965451, -80.6951268
28.5964110, -80.6976859
28.5963263, -80.7002449
28.5962908, -80.7028040
28.5963365, -80.7053630
28.5964633, -80.7079221
28.5967312, -80.7104812
28.5971401, -80.7130402
28.5977545, -80.7154636
28.5985744, -80.7177513
28.5990567, -80.7190309
28.5992015, -80.7193022
28.6003256, -80.7205486
28.6024291, -80.7227701
28.6037677, -80.7240496
28.6043413, -80.7243872
28.6054654, -80.7249247
28.6071402, -80.7256620
28.6091017, -80.7263367
28.6113500, -80.7269490
28.6135983, -80.7274700
28.6158466, -80.7278997
28.6180949, -80.7283045
28.6203432, -80.7286843
28.6225554, -80.7290741
28.6247314, -80.7294742
28.6258556, -80.7296811
28.6259278, -80.7296949
28.6270881, -80.7299894
28.6293364, -80.7305647
28.6315847, -80.7312233
28.6338330, -80.7319651
28.6360813, -80.7327783
28.6383296, -80.7336629
28.6398115, -80.7342769
28.6405271, -80.7346205
28.6416512, -80.7352112
28.6431840, -80.7360489
28.6450745, -80.7371641
28.6473228, -80.7385569
28.6486771, -80.7394176
28.6491373, -80.7397461
28.6502614, -80.7406445
28.6520495, -80.7421125
28.6536081, -80.7433921
28.6549370, -80.7444831
28.6560611, -80.7454618
28.6569805, -80.7463282
28.6583012, -80.7476077
28.6600233, -80.7493004
28.6611475, -80.7504375
28.6616737, -80.7510193
28.6628176, -80.7522988
28.6645790, -80.7542761
28.6657032, -80.7555744
28.6661900, -80.7561936
28.6672687, -80.7574732
28.6689394, -80.7594130
28.6700636, -80.7607566
28.6706412, -80.7615040
28.6716902, -80.7627835
28.6732105, -80.7645952
28.6743346, -80.7659742
28.6750626, -80.7669205
28.6760941, -80.7682000
28.6774290, -80.7698128
28.6785532, -80.7712361
28.6794666, -80.7724699
28.6804546, -80.7737494
28.6815172, -80.7750747
28.6826414, -80.7764685
28.6838270, -80.7779310
28.6848940, -80.7792105
28.6858424, -80.7803071
28.6869665, -80.7816905
28.6882665, -80.7833607
28.6892946, -80.7846402
28.6900509, -80.7855291
28.6911751, -80.7869035
28.6926671, -80.7887634
28.6936728, -80.7900429
28.6941923, -80.7907421
28.6953165, -80.7923080
28.6970453, -80.7947405
28.6979664, -80.7960201
28.6980798, -80.7961466
28.6992039, -80.7974842
28.7013388, -80.8000328
28.7024104, -80.8013123
28.7024188, -80.8013228
28.7033812, -80.8026075
28.7052976, -80.8051666
28.7064176, -80.8066709
28.7067411, -80.8071204
28.7076751, -80.8083999
28.7092195, -80.8105095
28.7103437, -80.8119462
28.7110476, -80.8127100
28.7122091, -80.8139895
28.7138283, -80.8157848
28.7149525, -80.8174780
28.7155816, -80.8190692
28.7161034, -80.8203488
28.7165181, -80.8213166
28.7175957, -80.8230800
28.7193364, -80.8256391
28.7202532, -80.8269901
28.7203462, -80.8271332
28.7211923, -80.8284127
28.7227913, -80.8308287
28.7239155, -80.8325506
28.7245647, -80.8335782
28.7253878, -80.8348578
28.7263848, -80.8363892
28.7268833, -80.8371549
End:
Color: 245 245 245
Line: 2, 0, "KSC 54-ft Barnes Wind Analysis\nZero divergence contour\nDerived from KSC 54-ft tower winds"
28.4280625, -80.5761766
28.4280963, -80.5762693
28.4285438, -80.5775488
28.4294050, -80.5800152
28.4302070, -80.5825279
28.4309496, -80.5850870
28.4316148, -80.5876461
28.4322024, -80.5902051
28.4325247, -80.5916084
28.4325814, -80.5918560
28.4328536, -80.5931355
28.4333413, -80.5954470
28.4337615, -80.5978823
28.4341143, -80.6004414
28.4343848, -80.6030005
28.4345731, -80.6055595
28.4346899, -80.6081186
28.4347354, -80.6106777
28.4347151, -80.6132367
28.4346291, -80.6157958
28.4344832, -80.6183548
28.4342773, -80.6209139
28.4340196, -80.6234730
28.4337103, -80.6260320
28.4333620, -80.6285911
28.4329746, -80.6311502
28.4327382, -80.6326818
28.4326526, -80.6331861
28.4324388, -80.6344656
28.4320968, -80.6365204
28.4317146, -80.6388274
28.4312921, -80.6413864
28.4309090, -80.6439455
28.4305655, -80.6465046
28.4303115, -80.6490636
28.4301470, -80.6516227
28.4301420, -80.6541818
28.4302965, -80.6567408
28.4307182, -80.6592999
28.4314072, -80.6618589
28.4319663, -80.6635239
28.4323953, -80.6642947
28.4331768, -80.6655742
28.4343107, -80.6673625
28.4354348, -80.6687786
28.4365492, -80.6698226
28.4380821, -80.6711022
28.4400335, -80.6726172
28.4411576, -80.6734566
28.4414545, -80.6736203
28.4427272, -80.6742429
28.4449755, -80.6753244
28.4472238, -80.6763005
28.4494721, -80.6771711
28.4513553, -80.6778280
28.4528736, -80.6782712
28.4539977, -80.6785828
28.4547278, -80.6787627
28.4562170, -80.6790534
28.4584653, -80.6794548
28.4607136, -80.6797816
28.4629619, -80.6800336
28.4652102, -80.6801961
28.4674585, -80.6802689
28.4697068, -80.6802456
28.4719551, -80.6801262
28.4742034, -80.6798969
28.4764517, -80.6795579
28.4784215, -80.6791645
28.4801128, -80.6787168
28.4812370, -80.6784123
28.4817940, -80.6782510
28.4831966, -80.6776874
28.4854449, -80.6767212
28.4876896, -80.6755223
28.4899307, -80.6740906
28.4910548, -80.6733721
28.4910621, -80.6733668
28.4921899, -80.6722638
28.4944382, -80.6700631
28.4956994, -80.6687862
28.4959736, -80.6684331
28.4969396, -80.6669771
28.4985972, -80.6644180
28.4995842, -80.6628395
28.4999007, -80.6622414
28.5004896, -80.6609619
28.5013508, -80.6590009
28.5022304, -80.6567408
28.5031283, -80.6541818
28.5038218, -80.6520345
28.5043110, -80.6502990
28.5046596, -80.6490194
28.5048678, -80.6481959
28.5052316, -80.6465046
28.5057510, -80.6439455
28.5062016, -80.6413864
28.5065834, -80.6388274
28.5068889, -80.6362683
28.5071180, -80.6337092
28.5072496, -80.6311502
28.5072836, -80.6285911
28.5071805, -80.6260320
28.5069402, -80.6234730
28.5064945, -80.6209139
28.5058434, -80.6183548
28.5052773, -80.6165395
28.5047961, -80.6154677
28.5041199, -80.6141882
28.5032488, -80.6127009
28.5021246, -80.6111682
28.5007475, -80.6095902
28.4994826, -80.6083107
28.4983298, -80.6073296
28.4972057, -80.6064482
28.4961101, -80.6056666
28.4944382, -80.6046405
28.4921899, -80.6033700
28.4905174, -80.6024813
28.4894208, -80.6019744
28.4882966, -80.6014498
28.4871449, -80.6009074
28.4854449, -80.6001672
28.4831966, -80.5992290
28.4809483, -80.5983261
28.4787000, -80.5974585
28.4772757, -80.5969192
28.4766752, -80.5967083
28.4755511, -80.5962575
28.4739032, -80.5955669
28.4719551, -80.5947594
28.4697068, -80.5938351
28.4674875, -80.5929008
28.4652973, -80.5919567
28.4641731, -80.5914687
28.4641151, -80.5914367
28.4629619, -80.5908772
28.4607136, -80.5897902
28.4584653, -80.5886877
28.4562170, -80.5875699
28.4547431, -80.5868499
28.4540435, -80.5865277
28.4529193, -80.5858845
28.4513706, -80.5849204
28.4494721, -80.5837449
28.4472238, -80.5823579
28.4458934, -80.5815604
28.4454809, -80.5813524
28.4443568, -80.5806110
28.4425209, -80.5793363
28.4406241, -80.5780568
28.4386663, -80.5767724
28.4375422, -80.5760069
28.4372517, -80.5757601
28.4359823, -80.5749370
28.4337340, -80.5735377
28.4314856, -80.5731635
28.4292373, -80.5738144
28.4280963, -80.5746375
28.4280625, -80.5756327
28.4280625, -80.5761766
End:
Color: 155 240 235
Line: 1, 0, "KSC 54-ft Barnes Wind Analysis\nDivergence: 1.0 x 10^-4 s^-1\nCool colors = divergence\nDerived from KSC 54-ft tower winds"
28.3201946, -80.5891579
28.3212849, -80.5897396
28.3234656, -80.5909030
28.3245897, -80.5915014
28.3246574, -80.5915350
28.3258154, -80.5920219
28.3280637, -80.5929620
28.3303120, -80.5939033
28.3325603, -80.5948457
28.3344997, -80.5956384
28.3361301, -80.5962813
28.3372543, -80.5967117
28.3378721, -80.5969295
28.3393052, -80.5973188
28.3415535, -80.5978797
28.3438018, -80.5983170
28.3460501, -80.5986308
28.3482984, -80.5986726
28.3505467, -80.5984425
28.3522507, -80.5978963
28.3534103, -80.5970340
28.3538526, -80.5953233
28.3535774, -80.5927642
28.3529976, -80.5907766
28.3521131, -80.5893605
28.3513565, -80.5880810
28.3507279, -80.5869380
28.3496037, -80.5854252
28.3479841, -80.5835424
28.3469203, -80.5822628
28.3464124, -80.5815866
28.3452882, -80.5803918
28.3435478, -80.5786787
28.3422903, -80.5773991
28.3415156, -80.5765532
28.3403914, -80.5754843
28.3389178, -80.5741924
28.3375166, -80.5729129
28.3361878, -80.5716457
28.3350636, -80.5706398
28.3341442, -80.5698950
28.3336844, -80.5695226
End:
Color: 155 240 235
Line: 1, 0, "KSC 54-ft Barnes Wind Analysis\nDivergence: 1.0 x 10^-4 s^-1\nCool colors = divergence\nDerived from KSC 54-ft tower winds"
28.4730793, -80.8504755
28.4728725, -80.8497044
28.4724591, -80.8481622
28.4718406, -80.8461116
28.4710170, -80.8435525
28.4703016, -80.8409935
28.4696943, -80.8384344
28.4691886, -80.8365113
28.4687847, -80.8352242
28.4683576, -80.8339446
28.4679074, -80.8326727
28.4672598, -80.8307572
28.4664149, -80.8281982
28.4655791, -80.8256391
28.4647524, -80.8230800
28.4642758, -80.8216114
28.4641493, -80.8212333
28.4636848, -80.8199537
28.4628821, -80.8177728
28.4620404, -80.8154028
28.4611594, -80.8128438
28.4604365, -80.8107060
28.4598718, -80.8089896
28.4594350, -80.8077100
28.4591260, -80.8068674
28.4584946, -80.8051666
28.4575408, -80.8026075
28.4566116, -80.8000484
28.4557068, -80.7974894
28.4552141, -80.7960996
28.4551332, -80.7958790
28.4546168, -80.7945994
28.4536646, -80.7922610
28.4526902, -80.7898122
28.4516936, -80.7872531
28.4510455, -80.7855890
28.4507460, -80.7848197
28.4502137, -80.7835402
28.4494485, -80.7817504
28.4485333, -80.7795759
28.4474682, -80.7770169
28.4467266, -80.7752343
28.4463086, -80.7742283
28.4457524, -80.7729487
28.4450578, -80.7713957
28.4441518, -80.7693397
28.4430343, -80.7667806
28.4422574, -80.7649947
28.4418212, -80.7639820
28.4412491, -80.7627024
28.4405414, -80.7611561
28.4396244, -80.7591034
28.4384983, -80.7565443
28.4377280, -80.7547737
28.4373136, -80.7537915
28.4367575, -80.7525119
28.4360596, -80.7509351
28.4351889, -80.7488671
28.4341452, -80.7463081
28.4333700, -80.7443274
28.4328632, -80.7429251
28.4323927, -80.7416455
28.4319584, -80.7404888
28.4313541, -80.7386309
28.4305797, -80.7360718
28.4299340, -80.7335128
28.4294169, -80.7309537
28.4290976, -80.7283946
28.4289763, -80.7258356
28.4292039, -80.7232765
28.4297803, -80.7207174
28.4307038, -80.7185204
28.4319745, -80.7166853
28.4330419, -80.7154058
28.4339062, -80.7146818
28.4350303, -80.7139649
28.4364144, -80.7132551
28.4382306, -80.7126142
28.4404789, -80.7120423
28.4427272, -80.7116708
28.4449755, -80.7114998
28.4472238, -80.7114602
28.4494721, -80.7115520
28.4517204, -80.7117398
28.4539687, -80.7120237
28.4562170, -80.7123852
28.4584653, -80.7128241
28.4607136, -80.7133416
28.4629619, -80.7139378
28.4641515, -80.7142568
28.4642823, -80.7142988
28.4654064, -80.7146594
28.4675239, -80.7153388
28.4697068, -80.7161292
28.4719551, -80.7170307
28.4740533, -80.7179706
28.4760013, -80.7189488
28.4771254, -80.7195164
28.4774257, -80.7196735
28.4787000, -80.7204397
28.4809483, -80.7218153
28.4827546, -80.7230163
28.4841188, -80.7240428
28.4852430, -80.7249176
28.4861270, -80.7256406
28.4875199, -80.7269202
28.4894216, -80.7287562
28.4905457, -80.7298585
28.4908924, -80.7302272
28.4919870, -80.7315067
28.4938295, -80.7336971
28.4949536, -80.7350604
28.4953594, -80.7355965
28.4962809, -80.7368761
28.4977180, -80.7388990
28.4988422, -80.7405482
28.4996533, -80.7418238
28.5004576, -80.7431033
28.5012549, -80.7443868
28.5023658, -80.7463081
28.5037900, -80.7488671
28.5045155, -80.7501712
28.5045422, -80.7502203
28.5052484, -80.7514998
28.5066342, -80.7540098
28.5077583, -80.7561342
28.5086209, -80.7578730
28.5092629, -80.7591526
28.5096844, -80.7599728
28.5105264, -80.7616625
28.5117888, -80.7642215
28.5127022, -80.7661114
28.5132666, -80.7673321
28.5138737, -80.7686117
28.5145236, -80.7699500
28.5154322, -80.7718987
28.5165995, -80.7744578
28.5173986, -80.7762333
28.5178298, -80.7772253
28.5184038, -80.7785048
28.5191208, -80.7800719
28.5200221, -80.7821350
28.5211079, -80.7846941
28.5218735, -80.7865292
28.5223192, -80.7876404
28.5228449, -80.7889199
28.5234507, -80.7903678
28.5242513, -80.7923712
28.5252466, -80.7949303
28.5260678, -80.7971171
28.5267150, -80.7989316
28.5271729, -80.8002111
28.5274417, -80.8009557
28.5280256, -80.8026075
28.5289248, -80.8051666
28.5297573, -80.8077256
28.5305231, -80.8102847
28.5309061, -80.8115642
End:
Color: 75 225 235
Line: 2, 0, "KSC 54-ft Barnes Wind Analysis\nDivergence: 2.0 x 10^-4 s^-1\nCool colors = divergence\nDerived from KSC 54-ft tower winds"
28.4882511, -80.8320368
28.4878306, -80.8309002
28.4869896, -80.8286272
28.4865124, -80.8273476
28.4863991, -80.8270616
28.4858425, -80.8256391
28.4848426, -80.8230800
28.4838508, -80.8205210
28.4828673, -80.8179619
28.4822998, -80.8164821
28.4821483, -80.8160816
28.4816448, -80.8148020
28.4807895, -80.8126435
28.4798780, -80.8102847
28.4789105, -80.8077256
28.4782141, -80.8058865
28.4777886, -80.8047672
28.4772892, -80.8034876
28.4767157, -80.8020479
28.4759339, -80.8000484
28.4749436, -80.7974894
28.4741061, -80.7953103
28.4734216, -80.7935112
28.4729276, -80.7922317
28.4726243, -80.7914717
28.4719800, -80.7898122
28.4709945, -80.7872531
28.4700220, -80.7847019
28.4690624, -80.7821586
28.4685795, -80.7808790
28.4685733, -80.7808633
28.4680943, -80.7795759
28.4671425, -80.7770169
28.4662134, -80.7744578
28.4653070, -80.7718987
28.4646619, -80.7700364
28.4642780, -80.7688707
28.4638471, -80.7675911
28.4633693, -80.7661978
28.4627627, -80.7642215
28.4620275, -80.7616625
28.4613760, -80.7591034
28.4608081, -80.7565443
28.4603993, -80.7539853
28.4601495, -80.7514262
28.4604172, -80.7488671
28.4612024, -80.7463081
28.4622177, -80.7445495
28.4634633, -80.7435915
28.4652102, -80.7431012
28.4674585, -80.7430786
28.4697068, -80.7434984
28.4719551, -80.7443606
28.4731644, -80.7448509
28.4733346, -80.7449693
28.4744587, -80.7457406
28.4765368, -80.7471648
28.4781919, -80.7484443
28.4794239, -80.7495792
28.4805480, -80.7506078
28.4815643, -80.7515302
28.4827878, -80.7528097
28.4842183, -80.7544464
28.4853425, -80.7557279
28.4861602, -80.7566540
28.4871752, -80.7579336
28.4883874, -80.7595665
28.4895115, -80.7610803
28.4905476, -80.7624749
28.4914488, -80.7637544
28.4922149, -80.7649189
28.4933391, -80.7666412
28.4948212, -80.7689215
28.4956463, -80.7702011
28.4958142, -80.7704798
28.4966580, -80.7718987
28.4981776, -80.7744578
28.4992178, -80.7762093
28.4997785, -80.7771531
28.5005105, -80.7784326
28.5014136, -80.7800478
28.5025377, -80.7820874
28.5038829, -80.7845512
28.5045809, -80.7858307
28.5046316, -80.7859260
28.5053303, -80.7872531
28.5066771, -80.7898122
28.5077759, -80.7919168
28.5086267, -80.7935669
28.5092817, -80.7948464
28.5097408, -80.7957554
28.5105987, -80.7974894
28.5118553, -80.8000484
28.5127499, -80.8018829
28.5132825, -80.8029926
28.5138886, -80.8042721
28.5145683, -80.8057214
28.5155027, -80.8077256
28.5166919, -80.8102847
28.5172865, -80.8115642
End:
Color: 75 225 235
Line: 1, 0, "KSC 54-ft Barnes Wind Analysis\nDivergence: 3.0 x 10^-4 s^-1\nCool colors = divergence\nDerived from KSC 54-ft tower winds"
28.4986113, -80.8166824
28.4985323, -80.8154028
28.4983743, -80.8128438
28.4987362, -80.8111235
28.4996180, -80.8102420
28.5003167, -80.8102420
28.5008322, -80.8111235
28.5010899, -80.8115642
End:

; Barnes frame 2026-10-07 01:55Z; stations=21
TimeRange: 2026-10-07T01:55:00 2026-10-07T02:00:00
Color: 255 220 75
Line: 1, 0, "KSC 54-ft Barnes Wind Analysis\nConvergence: 1.0 x 10^-4 s^-1\nWarm colors = convergence\nDerived from KSC 54-ft tower winds"
28.6066090, -80.4890985
28.6059523, -80.4903782
28.6046390, -80.4929375
28.6036462, -80.4948599
28.6029740, -80.4961455
28.6023115, -80.4974251
28.6016587, -80.4986988
28.6006719, -80.5006153
28.5993512, -80.5031746
28.5985535, -80.5047158
28.5982787, -80.5052389
28.5976206, -80.5065186
28.5965791, -80.5085547
28.5954550, -80.5107347
28.5942481, -80.5130585
28.5935847, -80.5143382
28.5934646, -80.5145737
28.5927534, -80.5159710
28.5914511, -80.5185303
28.5903869, -80.5206067
28.5895610, -80.5222001
28.5889040, -80.5234797
28.5884157, -80.5244456
28.5875246, -80.5262082
28.5862307, -80.5287675
28.5853507, -80.5305020
28.5848846, -80.5314118
28.5842423, -80.5326915
28.5834239, -80.5343410
28.5823767, -80.5364453
28.5811008, -80.5390046
28.5803859, -80.5404392
28.5802319, -80.5407491
28.5796250, -80.5420287
28.5785653, -80.5442781
28.5774411, -80.5466625
28.5762526, -80.5491818
28.5756489, -80.5504614
28.5756301, -80.5505014
28.5750387, -80.5518011
28.5738746, -80.5543603
28.5727599, -80.5568492
28.5716944, -80.5592675
28.5711317, -80.5605471
28.5710717, -80.5606881
28.5705476, -80.5620382
28.5695594, -80.5645975
28.5686042, -80.5671568
28.5676818, -80.5697161
28.5670817, -80.5714598
28.5668039, -80.5723880
28.5664324, -80.5736677
28.5659671, -80.5752987
28.5654853, -80.5773939
28.5649871, -80.5799532
28.5646626, -80.5825125
28.5645118, -80.5850718
28.5646847, -80.5876311
28.5651813, -80.5901904
28.5657385, -80.5920002
28.5663562, -80.5930606
28.5677249, -80.5943403
28.5698445, -80.5958391
28.5709686, -80.5966161
28.5710973, -80.5966713
28.5722858, -80.5967685
28.5745341, -80.5969077
28.5760908, -80.5968802
28.5769557, -80.5966858
28.5780799, -80.5964253
28.5794632, -80.5960987
28.5812790, -80.5954271
28.5835273, -80.5944104
28.5856134, -80.5932941
28.5875371, -80.5920780
28.5886613, -80.5913623
28.5889858, -80.5911468
28.5902723, -80.5901282
28.5925206, -80.5883065
28.5939265, -80.5871346
28.5944900, -80.5866125
28.5956142, -80.5855274
28.5972989, -80.5838794
28.5985605, -80.5825997
28.5993988, -80.5816885
28.6005230, -80.5804254
28.6019329, -80.5788105
28.6030452, -80.5775308
28.6038596, -80.5765865
28.6049838, -80.5752338
28.6064176, -80.5734728
28.6074447, -80.5721932
28.6080651, -80.5713949
28.6091893, -80.5698886
28.6108172, -80.5676745
28.6117574, -80.5663948
28.6120099, -80.5660497
28.6130280, -80.5645975
28.6148117, -80.5620382
28.6158096, -80.5606007
28.6160217, -80.5602849
28.6168841, -80.5590053
28.6183967, -80.5567617
28.6195209, -80.5550673
28.6202565, -80.5539220
28.6210857, -80.5526424
28.6220085, -80.5512284
28.6231327, -80.5494524
28.6244582, -80.5473143
28.6252550, -80.5460347
28.6255229, -80.5456134
28.6264419, -80.5441232
28.6280118, -80.5415639
28.6290020, -80.5399387
28.6294124, -80.5392476
28.6301737, -80.5379680
28.6312859, -80.5360998
28.6324101, -80.5341657
28.6335461, -80.5321657
28.6342877, -80.5308860
28.6346348, -80.5303267
28.6355757, -80.5287675
28.6371104, -80.5262082
28.6380610, -80.5246118
28.6384275, -80.5239783
28.6391720, -80.5226987
28.6402943, -80.5207729
28.6414185, -80.5187989
28.6425444, -80.5167766
28.6432627, -80.5154970
28.6435734, -80.5149599
28.6437287, -80.5146914
End:
Color: 245 245 245
Line: 2, 0, "KSC 54-ft Barnes Wind Analysis\nZero divergence contour\nDerived from KSC 54-ft tower winds"
28.5771383, -80.4686242
28.5767683, -80.4694805
28.5760283, -80.4711932
28.5754755, -80.4724728
28.5751099, -80.4733195
28.5743877, -80.4750224
28.5733090, -80.4775817
28.5723676, -80.4798034
28.5715636, -80.4816876
28.5710198, -80.4829672
28.5707359, -80.4836424
28.5700719, -80.4852596
28.5690277, -80.4878189
28.5680455, -80.4902497
28.5671252, -80.4925520
28.5666148, -80.4938317
28.5665144, -80.4940886
28.5659539, -80.4954967
28.5649334, -80.4980560
28.5639230, -80.5006153
28.5629227, -80.5031746
28.5623590, -80.5046165
28.5622320, -80.5049409
28.5617399, -80.5062206
28.5608829, -80.5084554
28.5599719, -80.5108525
28.5590071, -80.5134118
28.5583114, -80.5152607
28.5578850, -80.5163993
28.5574129, -80.5176790
28.5568949, -80.5190996
28.5561889, -80.5210896
28.5552950, -80.5236489
28.5544299, -80.5260955
28.5535934, -80.5284295
28.5531354, -80.5297092
28.5530556, -80.5299345
28.5525614, -80.5313268
28.5516527, -80.5338860
28.5507590, -80.5364453
28.5498802, -80.5390046
28.5492503, -80.5408364
28.5488692, -80.5419406
28.5484352, -80.5432203
28.5479485, -80.5446753
28.5472730, -80.5466825
28.5464089, -80.5492418
28.5455487, -80.5518011
28.5446923, -80.5543603
28.5442435, -80.5556994
28.5442025, -80.5558181
28.5437691, -80.5570977
28.5429432, -80.5595383
28.5420935, -80.5620382
28.5412201, -80.5645975
28.5405089, -80.5666651
28.5399599, -80.5682410
28.5395148, -80.5695206
28.5391734, -80.5705040
28.5385411, -80.5722754
28.5376176, -80.5748346
28.5366779, -80.5773939
28.5357218, -80.5799532
28.5352300, -80.5812687
28.5352025, -80.5813403
28.5346861, -80.5826200
28.5336808, -80.5851076
28.5326222, -80.5876311
28.5315102, -80.5901904
28.5308887, -80.5916165
28.5307577, -80.5919095
28.5301174, -80.5931892
28.5289677, -80.5954554
28.5278436, -80.5975540
28.5267449, -80.5994849
28.5259791, -80.6007645
28.5255461, -80.6013929
28.5244220, -80.6028650
28.5226066, -80.6051807
28.5215722, -80.6064603
28.5213187, -80.6067039
28.5201946, -80.6076779
28.5181998, -80.6093822
28.5164401, -80.6106619
28.5149154, -80.6115168
28.5137913, -80.6121307
28.5130676, -80.6125034
28.5115816, -80.6131013
28.5093333, -80.6139244
28.5070850, -80.6146142
28.5048367, -80.6151705
28.5025884, -80.6156586
28.5003401, -80.6160783
28.4980918, -80.6164698
28.4958435, -80.6168330
28.4946463, -80.6170267
28.4945002, -80.6170508
28.4933761, -80.6172402
28.4912738, -80.6175948
28.4890986, -80.6179833
28.4868503, -80.6184055
28.4846020, -80.6188740
28.4823537, -80.6193887
28.4801054, -80.6199775
28.4778571, -80.6206403
28.4759462, -80.6212741
28.4743729, -80.6218790
28.4732487, -80.6223271
28.4725738, -80.6226184
28.4711121, -80.6233876
28.4688638, -80.6246346
28.4670419, -80.6257686
28.4656463, -80.6267896
28.4645222, -80.6276864
28.4636694, -80.6284591
28.4624610, -80.6297387
28.4608968, -80.6315253
28.4597726, -80.6329704
28.4590885, -80.6340740
28.4583658, -80.6353537
28.4576046, -80.6368093
28.4568228, -80.6388168
28.4560206, -80.6413761
28.4554646, -80.6439354
28.4551548, -80.6464947
28.4550559, -80.6490540
28.4551679, -80.6516132
28.4554630, -80.6541725
28.4559413, -80.6567318
28.4565768, -80.6592911
28.4573693, -80.6618504
28.4580107, -80.6637221
28.4585012, -80.6649061
28.4590490, -80.6661857
28.4596541, -80.6675610
28.4606311, -80.6695283
28.4619801, -80.6720875
28.4628017, -80.6736139
28.4630959, -80.6741074
28.4639161, -80.6753870
28.4652621, -80.6774528
28.4663863, -80.6791296
28.4672885, -80.6804174
28.4682415, -80.6816970
28.4692452, -80.6829686
28.4703693, -80.6843647
28.4716140, -80.6858854
28.4727279, -80.6871650
28.4737110, -80.6882036
28.4748351, -80.6893873
28.4761003, -80.6907162
28.4774229, -80.6919959
28.4788028, -80.6932263
28.4799270, -80.6942370
28.4807953, -80.6950280
28.4823537, -80.6962861
28.4846020, -80.6980112
28.4857625, -80.6988953
28.4858353, -80.6989385
28.4869595, -80.6996492
28.4891350, -80.7010274
28.4913411, -80.7023070
28.4935779, -80.7034881
28.4947020, -80.7040820
28.4947136, -80.7040886
28.4958435, -80.7045538
28.4980918, -80.7054775
28.5003401, -80.7062895
28.5025884, -80.7069897
28.5048367, -80.7075750
28.5070850, -80.7080452
28.5093333, -80.7083923
28.5115816, -80.7086164
28.5138299, -80.7086934
28.5160782, -80.7086233
28.5183265, -80.7083429
28.5205748, -80.7078522
28.5228231, -80.7069817
28.5250714, -80.7057314
28.5264733, -80.7048493
28.5270288, -80.7043355
28.5280244, -80.7027990
28.5294600, -80.7002397
28.5303064, -80.6984607
28.5305636, -80.6974620
28.5308597, -80.6961823
28.5311946, -80.6946218
28.5314976, -80.6925618
28.5317685, -80.6900025
28.5319724, -80.6874433
28.5321094, -80.6848840
28.5322329, -80.6823247
28.5323430, -80.6797654
28.5324740, -80.6772061
28.5326260, -80.6746468
28.5328265, -80.6720875
28.5330754, -80.6695283
28.5334000, -80.6669690
28.5338005, -80.6644097
28.5342977, -80.6619030
28.5348918, -80.6594489
28.5352052, -80.6581693
28.5352380, -80.6580641
28.5358774, -80.6567318
28.5371236, -80.6541725
28.5382314, -80.6522331
28.5392007, -80.6509134
28.5405114, -80.6496338
28.5421633, -80.6483941
28.5432874, -80.6476196
28.5438838, -80.6473101
28.5453062, -80.6470134
28.5475545, -80.6467295
28.5498028, -80.6468246
28.5520511, -80.6472988
28.5532963, -80.6475955
28.5535385, -80.6477147
28.5546627, -80.6484325
28.5566688, -80.6497488
28.5583278, -80.6510285
28.5596398, -80.6522714
28.5607640, -80.6535103
28.5617003, -80.6547452
28.5625919, -80.6560248
28.5634389, -80.6573493
28.5644512, -80.6592911
28.5656288, -80.6618504
28.5663295, -80.6634768
28.5665532, -80.6641704
28.5669574, -80.6654500
28.5675419, -80.6673157
28.5681186, -80.6695283
28.5686872, -80.6720875
28.5691715, -80.6746468
28.5695715, -80.6772061
28.5699043, -80.6797654
28.5701699, -80.6823247
28.5703799, -80.6848840
28.5705343, -80.6874433
28.5706420, -80.6900025
28.5707030, -80.6925618
28.5707259, -80.6951211
28.5707108, -80.6976804
28.5706690, -80.7002397
28.5706004, -80.7027990
28.5705231, -80.7053583
28.5704371, -80.7079176
28.5703725, -80.7104768
28.5703293, -80.7130361
28.5703586, -80.7155954
28.5704604, -80.7181547
28.5706739, -80.7204832
28.5709991, -80.7225808
28.5712027, -80.7238604
28.5712849, -80.7243221
28.5717926, -80.7258326
28.5727259, -80.7283919
28.5738090, -80.7305817
28.5750419, -80.7324020
28.5759362, -80.7336816
28.5764922, -80.7344206
28.5776163, -80.7356729
28.5793087, -80.7374386
28.5804932, -80.7387183
28.5811700, -80.7395119
28.5822941, -80.7408537
28.5838657, -80.7427439
28.5848573, -80.7440235
28.5852690, -80.7446927
28.5860814, -80.7463069
28.5872946, -80.7488661
28.5882129, -80.7512035
28.5888364, -80.7533190
28.5891962, -80.7545987
28.5892925, -80.7550425
28.5894934, -80.7565440
28.5897989, -80.7591033
28.5900197, -80.7616626
28.5901558, -80.7642219
28.5901885, -80.7667812
28.5901176, -80.7693404
28.5901101, -80.7718997
28.5901659, -80.7744590
28.5900905, -80.7770183
28.5898838, -80.7795776
28.5897376, -80.7821369
28.5896518, -80.7846962
28.5895830, -80.7872555
28.5895312, -80.7898147
28.5895003, -80.7923740
28.5894903, -80.7949333
28.5895163, -80.7974926
28.5895782, -80.8000519
28.5896587, -80.8026112
28.5897579, -80.8051705
28.5898760, -80.8077297
28.5900129, -80.8102890
28.5901695, -80.8128483
28.5903460, -80.8154076
28.5905432, -80.8179669
28.5907612, -80.8205262
28.5909771, -80.8230855
28.5911909, -80.8256448
28.5912577, -80.8282040
28.5911777, -80.8307633
28.5913765, -80.8333226
28.5918542, -80.8358819
28.5923161, -80.8384412
28.5927620, -80.8410005
28.5930632, -80.8435598
28.5932195, -80.8461191
28.5932976, -80.8473987
End:
Color: 155 240 235
Line: 1, 0, "KSC 54-ft Barnes Wind Analysis\nDivergence: 1.0 x 10^-4 s^-1\nCool colors = divergence\nDerived from KSC 54-ft tower winds"
28.3103584, -80.6136619
28.3114826, -80.6141944
28.3137309, -80.6152593
28.3155508, -80.6161095
28.3169425, -80.6167451
28.3180667, -80.6172811
28.3189233, -80.6177176
28.3204758, -80.6184877
28.3227241, -80.6195913
28.3249667, -80.6206527
28.3272036, -80.6216719
28.3283277, -80.6221844
28.3283391, -80.6221902
28.3294690, -80.6227597
28.3317173, -80.6238928
28.3339656, -80.6249833
28.3362139, -80.6260313
28.3377511, -80.6267415
28.3385772, -80.6271138
28.3397014, -80.6276613
28.3411236, -80.6283838
28.3429588, -80.6292850
28.3452071, -80.6303649
28.3471380, -80.6312832
28.3487515, -80.6320401
28.3498757, -80.6325890
28.3505105, -80.6329297
28.3519520, -80.6336727
28.3542003, -80.6348178
28.3564486, -80.6358973
28.3586969, -80.6369110
28.3598878, -80.6374477
28.3600213, -80.6375074
28.3611454, -80.6380870
28.3632603, -80.6391866
28.3654418, -80.6402927
28.3676902, -80.6414053
28.3691754, -80.6421351
28.3698974, -80.6424822
28.3710216, -80.6431011
28.3725478, -80.6439919
28.3744351, -80.6450470
28.3766834, -80.6462664
28.3782543, -80.6471006
28.3791479, -80.6475498
28.3802720, -80.6482206
28.3816268, -80.6491133
28.3834283, -80.6502710
28.3856766, -80.6516938
28.3870128, -80.6525272
28.3874370, -80.6527710
28.3885611, -80.6537224
28.3903853, -80.6553814
28.3918287, -80.6566611
28.3928915, -80.6575613
28.3939946, -80.6592911
28.3951382, -80.6618504
28.3955924, -80.6644097
28.3953572, -80.6669690
28.3947084, -80.6695283
28.3936459, -80.6720875
28.3926604, -80.6741332
28.3917517, -80.6756653
28.3910268, -80.6769450
28.3904856, -80.6779722
28.3894092, -80.6797654
28.3877974, -80.6823247
28.3869438, -80.6836762
28.3868484, -80.6838201
28.3860289, -80.6850997
28.3844853, -80.6875152
28.3833611, -80.6893444
28.3826565, -80.6905873
28.3819197, -80.6918669
28.3811509, -80.6931833
28.3802121, -80.6951211
28.3791034, -80.6976804
28.3783636, -80.6997576
28.3779929, -80.7013526
28.3776922, -80.7026323
28.3774615, -80.7035965
28.3774033, -80.7053583
28.3775174, -80.7079176
28.3776327, -80.7093694
28.3777492, -80.7097137
28.3781540, -80.7109933
28.3788469, -80.7132083
28.3799038, -80.7155954
28.3813246, -80.7181547
28.3821023, -80.7195217
28.3822368, -80.7196965
28.3831792, -80.7209762
28.3849294, -80.7233607
28.3860536, -80.7248289
28.3865517, -80.7253808
28.3876200, -80.7266604
28.3892585, -80.7286678
28.3903826, -80.7300038
28.3909924, -80.7306684
28.3921572, -80.7319481
28.3938769, -80.7338427
28.3950010, -80.7350642
28.3955296, -80.7356123
28.3967664, -80.7368920
28.3987114, -80.7389031
28.3998356, -80.7400619
28.4001389, -80.7403683
28.4013635, -80.7416480
28.4035095, -80.7439008
28.4046336, -80.7450812
28.4047360, -80.7451892
28.4059092, -80.7464688
28.4081534, -80.7489201
28.4092775, -80.7501481
28.4092817, -80.7501528
28.4104079, -80.7514035
28.4126562, -80.7539002
28.4138066, -80.7551775
28.4138591, -80.7552354
28.4149832, -80.7565079
28.4171791, -80.7589951
28.4183077, -80.7602747
28.4183692, -80.7603469
28.4194521, -80.7616626
28.4215565, -80.7642219
28.4226499, -80.7655537
28.4227324, -80.7656581
28.4237170, -80.7669377
28.4256039, -80.7693926
28.4267281, -80.7708630
28.4270895, -80.7713489
28.4280135, -80.7726285
28.4295002, -80.7747020
28.4306243, -80.7762842
28.4313860, -80.7773752
28.4322559, -80.7786548
28.4332341, -80.7801231
28.4343582, -80.7818280
28.4356284, -80.7837695
28.4364543, -80.7850491
28.4368359, -80.7856669
28.4377961, -80.7872555
28.4393349, -80.7898147
28.4402682, -80.7913753
28.4405961, -80.7919371
28.4413043, -80.7932167
28.4423930, -80.7952142
28.4435171, -80.7972677
28.4446768, -80.7993773
28.4453710, -80.8006569
28.4455998, -80.8011067
28.4463497, -80.8026112
28.4476208, -80.8051705
28.4486306, -80.8072919
28.4493790, -80.8089754
28.4499323, -80.8102551
28.4502903, -80.8111308
28.4510671, -80.8128483
28.4522627, -80.8154076
28.4532078, -80.8173472
28.4539025, -80.8186670
28.4545489, -80.8199466
28.4551471, -80.8211861
28.4559966, -80.8230855
28.4570975, -80.8256448
28.4579226, -80.8275578
28.4584718, -80.8288246
28.4590033, -80.8301043
28.4595169, -80.8313967
28.4602759, -80.8333226
28.4612804, -80.8358819
28.4621032, -80.8384412
28.4627443, -80.8410005
28.4631094, -80.8423655
28.4631985, -80.8425363
28.4638756, -80.8438160
28.4651408, -80.8462045
28.4660737, -80.8486783
28.4666744, -80.8512376
28.4669747, -80.8525173
End:
Color: 155 240 235
Line: 1, 0, "KSC 54-ft Barnes Wind Analysis\nDivergence: 1.0 x 10^-4 s^-1\nCool colors = divergence\nDerived from KSC 54-ft tower winds"
28.3373380, -80.5457569
28.3384622, -80.5464027
28.3407105, -80.5476943
28.3427237, -80.5488854
28.3445017, -80.5499761
28.3456258, -80.5506598
28.3460961, -80.5509365
28.3474554, -80.5517440
28.3497037, -80.5530821
28.3515786, -80.5542233
28.3530799, -80.5551678
28.3542041, -80.5558666
28.3549510, -80.5563200
28.3564486, -80.5572409
28.3586969, -80.5586294
28.3603709, -80.5596824
28.3614705, -80.5603998
28.3625946, -80.5611247
28.3637433, -80.5618568
28.3654418, -80.5629587
28.3676902, -80.5644302
28.3690781, -80.5653437
28.3696057, -80.5656993
28.3707299, -80.5664446
28.3724506, -80.5675795
28.3743316, -80.5688592
28.3763729, -80.5702835
28.3774971, -80.5710679
28.3777040, -80.5712123
28.3789317, -80.5720732
28.3811800, -80.5736507
28.3828714, -80.5748582
28.3840059, -80.5756956
28.3851300, -80.5765304
28.3862438, -80.5773625
28.3879021, -80.5786422
28.3901049, -80.5803693
28.3912291, -80.5812514
28.3912746, -80.5812884
28.3924215, -80.5822291
28.3946698, -80.5840734
28.3961876, -80.5853345
28.3969749, -80.5860124
28.3980990, -80.5870215
28.3995600, -80.5883616
28.4009260, -80.5896412
28.4021968, -80.5908604
28.4033209, -80.5919897
28.4042984, -80.5930290
28.4054722, -80.5943086
28.4068423, -80.5958286
28.4079665, -80.5971583
28.4088447, -80.5982978
28.4098072, -80.5995775
28.4108540, -80.6009973
28.4119781, -80.6027388
28.4131796, -80.6048021
28.4139176, -80.6060818
28.4141921, -80.6065777
28.4148518, -80.6081054
28.4158967, -80.6106647
28.4167390, -80.6132239
28.4173788, -80.6157832
28.4178432, -80.6182976
28.4181324, -80.6207671
28.4182819, -80.6220467
28.4182917, -80.6221365
28.4182936, -80.6234611
28.4182875, -80.6260204
28.4182826, -80.6273201
28.4182788, -80.6273603
28.4181385, -80.6286400
28.4178614, -80.6311590
28.4174800, -80.6336982
28.4169943, -80.6362575
28.4164550, -80.6388168
28.4158623, -80.6413761
28.4152815, -80.6439354
28.4147129, -80.6464947
28.4142665, -80.6489499
28.4139424, -80.6513011
28.4137536, -80.6525808
28.4137001, -80.6527889
28.4137001, -80.6532737
28.4137536, -80.6540353
28.4138278, -80.6553149
28.4139227, -80.6571126
28.4145091, -80.6592911
28.4155871, -80.6618504
28.4166638, -80.6636611
28.4177393, -80.6647231
28.4188274, -80.6660028
28.4199282, -80.6675000
28.4210524, -80.6687384
28.4221999, -80.6697179
28.4234706, -80.6709975
28.4248646, -80.6725773
28.4259887, -80.6737205
28.4268430, -80.6744272
28.4281422, -80.6757069
28.4298862, -80.6775595
28.4310104, -80.6786973
28.4315147, -80.6791204
28.4327911, -80.6804000
28.4348396, -80.6825362
28.4359637, -80.6836907
28.4361635, -80.6838635
28.4373876, -80.6851214
28.4396359, -80.6874645
28.4407782, -80.6886577
28.4408144, -80.6887012
28.4419385, -80.6898808
28.4441506, -80.6921966
28.4453604, -80.6934762
28.4455680, -80.6937197
28.4466921, -80.6949141
28.4487329, -80.6970593
28.4499332, -80.6983389
28.4502930, -80.6987530
28.4514172, -80.6999567
28.4533056, -80.7019499
28.4544998, -80.7032295
28.4549998, -80.7037956
28.4561239, -80.7050073
28.4578723, -80.7068648
28.4590593, -80.7081444
28.4596848, -80.7088463
28.4608090, -80.7100704
28.4624317, -80.7118167
28.4636059, -80.7130963
28.4643315, -80.7139093
28.4654556, -80.7151510
28.4669783, -80.7168215
28.4681333, -80.7181012
28.4689206, -80.7189900
28.4700448, -80.7202581
28.4715058, -80.7219056
28.4726331, -80.7231852
28.4734268, -80.7240970
28.4745510, -80.7254034
28.4760056, -80.7271045
28.4770965, -80.7283841
28.4778236, -80.7292424
28.4789477, -80.7306017
28.4804689, -80.7324620
28.4815153, -80.7337417
28.4820869, -80.7344406
28.4832111, -80.7358695
28.4848878, -80.7380283
28.4858833, -80.7393080
28.4861976, -80.7397084
28.4872979, -80.7411883
28.4891843, -80.7437476
28.4901513, -80.7450609
28.4901989, -80.7451281
28.4911157, -80.7464078
28.4929018, -80.7488998
28.4940260, -80.7504924
28.4944882, -80.7511857
28.4953585, -80.7524653
28.4966370, -80.7543313
28.4977611, -80.7560337
28.4987310, -80.7575724
28.4995510, -80.7588520
28.5002212, -80.7598726
28.5013247, -80.7616626
28.5028614, -80.7642219
28.5036505, -80.7655372
28.5036919, -80.7656085
28.5044694, -80.7668881
28.5059831, -80.7693761
28.5071072, -80.7712839
28.5078418, -80.7726116
28.5085708, -80.7738913
28.5092940, -80.7751229
28.5103427, -80.7770183
28.5117167, -80.7795776
28.5124792, -80.7810032
28.5126302, -80.7812950
28.5133308, -80.7825747
28.5145810, -80.7848421
28.5157052, -80.7869843
28.5167033, -80.7890014
28.5173465, -80.7902811
28.5176347, -80.7908233
28.5184261, -80.7923740
28.5197207, -80.7949333
28.5207007, -80.7969170
28.5213662, -80.7983252
28.5219908, -80.7996049
28.5225746, -80.8007560
28.5234551, -80.8026112
28.5246324, -80.8051705
28.5254647, -80.8070352
28.5259520, -80.8082054
28.5265063, -80.8094851
28.5271277, -80.8108741
28.5274384, -80.8115687
End:
Color: 155 240 235
Line: 1, 0, "KSC 54-ft Barnes Wind Analysis\nDivergence: 1.0 x 10^-4 s^-1\nCool colors = divergence\nDerived from KSC 54-ft tower winds"
28.5216990, -80.4378392
28.5216834, -80.4378576
28.5216523, -80.4378944
28.5205281, -80.4390595
28.5183110, -80.4413529
28.5170882, -80.4426326
28.5168597, -80.4428984
28.5157356, -80.4440875
28.5137157, -80.4461996
28.5125082, -80.4474793
28.5121130, -80.4479264
28.5109889, -80.4491121
28.5091357, -80.4510365
28.5079180, -80.4523161
28.5073355, -80.4529510
28.5062114, -80.4541175
28.5045455, -80.4558154
28.5033003, -80.4570951
28.5024758, -80.4579564
28.5013517, -80.4590947
28.4999278, -80.4605098
28.4986436, -80.4617895
28.4974989, -80.4629336
28.4963748, -80.4640399
28.4952711, -80.4651083
28.4939425, -80.4663879
28.4923889, -80.4678788
28.4912647, -80.4689535
28.4905701, -80.4696120
28.4892015, -80.4708916
28.4871591, -80.4727924
28.4860350, -80.4738397
28.4858291, -80.4740333
28.4846020, -80.4751629
28.4823537, -80.4772285
28.4810589, -80.4784113
28.4807178, -80.4787113
28.4795936, -80.4796836
28.4776865, -80.4813282
28.4761784, -80.4826078
28.4750694, -80.4835226
28.4739452, -80.4845790
28.4728059, -80.4857770
28.4715758, -80.4870567
28.4702548, -80.4884179
28.4691306, -80.4896086
28.4682033, -80.4906289
28.4670316, -80.4919085
28.4656155, -80.4934476
28.4644913, -80.4947765
28.4636592, -80.4958952
28.4627083, -80.4971748
28.4616386, -80.4986154
28.4605145, -80.5004308
28.4593358, -80.5026211
28.4586484, -80.5039008
28.4584523, -80.5042698
28.4578972, -80.5057339
28.4569831, -80.5082932
28.4562906, -80.5108525
28.4558196, -80.5134118
28.4555205, -80.5159710
28.4553931, -80.5185303
28.4553966, -80.5210896
28.4555310, -80.5236489
28.4557713, -80.5262082
28.4561176, -80.5287675
28.4565394, -80.5313268
28.4570367, -80.5338860
28.4576058, -80.5364453
28.4582466, -80.5390046
28.4586118, -80.5404301
28.4587016, -80.5407218
28.4590680, -80.5420015
28.4597111, -80.5442691
28.4604606, -80.5466825
28.4613162, -80.5492418
28.4621188, -80.5514892
28.4628683, -80.5534247
28.4633595, -80.5547044
28.4635923, -80.5553281
28.4642747, -80.5569196
28.4654068, -80.5594789
28.4664145, -80.5615768
28.4672980, -80.5632132
28.4679959, -80.5644928
28.4685082, -80.5654157
28.4696324, -80.5671127
28.4713683, -80.5695838
28.4722707, -80.5708634
28.4723396, -80.5709516
28.4734638, -80.5720760
28.4756432, -80.5742365
28.4769922, -80.5755161
28.4775108, -80.5759149
28.4786349, -80.5766266
28.4803646, -80.5776512
28.4823537, -80.5785611
28.4846020, -80.5793563
28.4868503, -80.5798570
28.4890986, -80.5800632
28.4913469, -80.5799483
28.4935952, -80.5795126
28.4958435, -80.5787266
28.4980918, -80.5775906
28.4994843, -80.5767955
28.5000211, -80.5763413
28.5011452, -80.5752380
28.5028568, -80.5734853
28.5039927, -80.5722057
28.5045530, -80.5713990
28.5055612, -80.5697161
28.5070171, -80.5671568
28.5078611, -80.5656292
28.5080931, -80.5651334
28.5085950, -80.5638538
28.5093666, -80.5617903
28.5101538, -80.5594789
28.5109566, -80.5569196
28.5116950, -80.5543937
28.5123688, -80.5519011
28.5127136, -80.5506215
28.5127294, -80.5505548
28.5129988, -80.5492418
28.5135219, -80.5466825
28.5140232, -80.5441232
28.5145029, -80.5415639
28.5149710, -80.5390046
28.5154278, -80.5364453
28.5158808, -80.5338860
28.5163300, -80.5313268
28.5167166, -80.5291081
28.5170404, -80.5272301
28.5172569, -80.5259505
28.5173658, -80.5252692
28.5176222, -80.5236489
28.5180258, -80.5210896
28.5184358, -80.5185303
28.5188522, -80.5159710
28.5192849, -80.5134118
28.5197340, -80.5108525
28.5202112, -80.5082932
28.5207166, -80.5057339
28.5211517, -80.5033399
28.5215166, -80.5011112
28.5217245, -80.4998316
28.5217755, -80.4995010
28.5220380, -80.4980560
28.5225120, -80.4954967
28.5229991, -80.4929375
28.5234993, -80.4903782
28.5240133, -80.4878189
28.5245412, -80.4852596
28.5250941, -80.4827003
28.5256720, -80.4801410
28.5260196, -80.4785992
28.5261369, -80.4780750
28.5264021, -80.4767953
28.5268150, -80.4747603
28.5272886, -80.4724632
28.5278229, -80.4699039
28.5283747, -80.4673446
28.5289440, -80.4647853
28.5295411, -80.4622260
28.5301660, -80.4596667
28.5305318, -80.4581385
28.5306387, -80.4576412
28.5308794, -80.4563616
28.5312539, -80.4542995
28.5316945, -80.4519889
28.5322013, -80.4494296
28.5324547, -80.4481499
End:
Color: 75 225 235
Line: 2, 0, "KSC 54-ft Barnes Wind Analysis\nDivergence: 2.0 x 10^-4 s^-1\nCool colors = divergence\nDerived from KSC 54-ft tower winds"
28.4902227, -80.8309401
28.4897982, -80.8299362
28.4889493, -80.8279283
28.4879980, -80.8256448
28.4869444, -80.8230855
28.4862447, -80.8214067
28.4858990, -80.8206085
28.4853339, -80.8193289
28.4845496, -80.8175678
28.4836092, -80.8154076
28.4825127, -80.8128483
28.4817807, -80.8111394
28.4814133, -80.8102808
28.4808640, -80.8090011
28.4801331, -80.8073004
28.4791966, -80.8051705
28.4780546, -80.8026112
28.4772959, -80.8009156
28.4769206, -80.8000836
28.4763342, -80.7988040
28.4755368, -80.7970766
28.4745387, -80.7949333
28.4733400, -80.7923740
28.4726145, -80.7908283
28.4723624, -80.7902962
28.4717459, -80.7890166
28.4707653, -80.7869894
28.4696411, -80.7847111
28.4683735, -80.7821817
28.4677319, -80.7809021
28.4677163, -80.7808722
28.4670553, -80.7795776
28.4657489, -80.7770183
28.4646326, -80.7748645
28.4637062, -80.7731161
28.4630189, -80.7718365
28.4625705, -80.7710256
28.4616429, -80.7693404
28.4602361, -80.7667812
28.4593361, -80.7651460
28.4589430, -80.7644351
28.4582148, -80.7631555
28.4571514, -80.7613071
28.4560273, -80.7593706
28.4548423, -80.7573458
28.4540849, -80.7560662
28.4537550, -80.7555316
28.4528415, -80.7539847
28.4513443, -80.7514254
28.4503851, -80.7497609
28.4499639, -80.7489911
28.4492324, -80.7477115
28.4481908, -80.7459220
28.4470666, -80.7439138
28.4458600, -80.7416869
28.4451600, -80.7404072
28.4449666, -80.7400748
28.4443864, -80.7386290
28.4434193, -80.7360697
28.4429446, -80.7335104
28.4429624, -80.7309511
28.4435426, -80.7293470
28.4446853, -80.7286981
28.4463808, -80.7285865
28.4486291, -80.7290122
28.4499427, -80.7293367
28.4503216, -80.7295599
28.4514457, -80.7302255
28.4533151, -80.7313335
28.4552992, -80.7326131
28.4573980, -80.7340644
28.4585221, -80.7348412
28.4586717, -80.7349434
28.4598706, -80.7359719
28.4621189, -80.7379268
28.4634945, -80.7391553
28.4639974, -80.7396575
28.4651215, -80.7407547
28.4668670, -80.7424467
28.4681351, -80.7437264
28.4689260, -80.7445936
28.4700501, -80.7457994
28.4715076, -80.7473437
28.4726592, -80.7486234
28.4735050, -80.7496383
28.4746292, -80.7509578
28.4760317, -80.7525819
28.4770910, -80.7538616
28.4778072, -80.7547968
28.4789314, -80.7562328
28.4804635, -80.7581695
28.4814504, -80.7594492
28.4818921, -80.7600717
28.4830162, -80.7616251
28.4848228, -80.7641094
28.4857510, -80.7653891
28.4858007, -80.7654640
28.4866621, -80.7667812
28.4883351, -80.7693404
28.4894344, -80.7710030
28.4899600, -80.7717690
28.4907723, -80.7730486
28.4918716, -80.7748420
28.4929957, -80.7766452
28.4941448, -80.7784583
28.4949371, -80.7797380
28.4953727, -80.7804841
28.4963365, -80.7821369
28.4978284, -80.7846962
28.4987347, -80.7862420
28.4990555, -80.7867743
28.4997713, -80.7880540
28.5008821, -80.7900809
28.5020062, -80.7921040
28.5031438, -80.7941231
28.5038559, -80.7954028
28.5041426, -80.7959429
28.5049546, -80.7974926
28.5062920, -80.8000519
28.5072727, -80.8019005
28.5078970, -80.8030385
28.5085692, -80.8043182
28.5092892, -80.8057395
28.5102993, -80.8077297
28.5115993, -80.8102890
28.5122494, -80.8115687
End:

; Barnes frame 2026-10-07 02:00Z; stations=21
TimeRange: 2026-10-07T02:00:00 2026-10-07T02:05:00
Color: 255 190 20
Line: 2, 0, "KSC 54-ft Barnes Wind Analysis\nConvergence: 2.0 x 10^-4 s^-1\nWarm colors = convergence\nDerived from KSC 54-ft tower winds"
28.6161277, -80.5028665
28.6159316, -80.5032634
28.6155393, -80.5040573
28.6147149, -80.5057339
28.6134583, -80.5082932
28.6125303, -80.5101048
28.6119309, -80.5111689
28.6112927, -80.5124485
28.6106159, -80.5139438
28.6096087, -80.5159710
28.6082711, -80.5185303
28.6074854, -80.5200227
28.6072515, -80.5204482
28.6066826, -80.5217278
28.6057788, -80.5238616
28.6046547, -80.5261798
28.6033102, -80.5286824
28.6026254, -80.5299621
28.6026005, -80.5300188
28.6021110, -80.5313268
28.6011572, -80.5338860
28.6000455, -80.5364426
28.5987760, -80.5389963
28.5981402, -80.5402760
28.5981381, -80.5402815
28.5978066, -80.5415639
28.5971459, -80.5441232
28.5966980, -80.5466825
28.5964629, -80.5492418
28.5967943, -80.5509145
28.5976923, -80.5517006
28.5985470, -80.5517006
28.5993584, -80.5509145
28.6004826, -80.5499585
28.6019195, -80.5488326
28.6031951, -80.5475529
28.6043095, -80.5461195
28.6054336, -80.5447897
28.6065676, -80.5435634
28.6075887, -80.5422838
28.6084971, -80.5409508
28.6096213, -80.5394301
28.6109612, -80.5377216
28.6119013, -80.5364420
28.6124417, -80.5355911
28.6135658, -80.5339642
28.6152738, -80.5315613
28.6161754, -80.5302817
28.6162707, -80.5301253
28.6170964, -80.5287675
28.6186522, -80.5262082
28.6197287, -80.5245030
28.6203258, -80.5236520
28.6210995, -80.5223723
28.6220499, -80.5206641
28.6231741, -80.5187980
28.6244720, -80.5167739
28.6252759, -80.5154943
28.6255859, -80.5149590
28.6265473, -80.5134118
28.6281602, -80.5108525
28.6289667, -80.5095728
End:
Color: 255 220 75
Line: 1, 0, "KSC 54-ft Barnes Wind Analysis\nConvergence: 1.0 x 10^-4 s^-1\nWarm colors = convergence\nDerived from KSC 54-ft tower winds"
28.6026379, -80.4872028
28.6023924, -80.4876767
28.6019015, -80.4886246
28.6010006, -80.4903782
28.5996898, -80.4929375
28.5988111, -80.4946533
28.5983646, -80.4955256
28.5977043, -80.4968053
28.5968303, -80.4984922
28.5957420, -80.5006153
28.5944392, -80.5031746
28.5937520, -80.5045239
28.5936805, -80.5046632
28.5930186, -80.5059429
28.5917663, -80.5083628
28.5906422, -80.5105506
28.5896461, -80.5125063
28.5889924, -80.5137859
28.5886811, -80.5143896
28.5878707, -80.5159710
28.5865610, -80.5185303
28.5855925, -80.5204266
28.5849652, -80.5216599
28.5843116, -80.5229396
28.5836319, -80.5242656
28.5826463, -80.5262082
28.5813550, -80.5287675
28.5805707, -80.5303218
28.5802935, -80.5308710
28.5796461, -80.5321507
28.5786286, -80.5341607
28.5775044, -80.5364065
28.5762737, -80.5388882
28.5756390, -80.5401678
28.5756006, -80.5402455
28.5749602, -80.5415639
28.5737178, -80.5441232
28.5726129, -80.5463935
28.5716454, -80.5483749
28.5710197, -80.5496545
28.5707359, -80.5502325
28.5699915, -80.5518011
28.5687864, -80.5543603
28.5678042, -80.5564708
28.5670448, -80.5581324
28.5664591, -80.5594120
28.5660472, -80.5603097
28.5652833, -80.5620382
28.5641673, -80.5645975
28.5632491, -80.5667480
28.5625287, -80.5684898
28.5619981, -80.5697695
28.5616573, -80.5705870
28.5610027, -80.5722754
28.5600343, -80.5748346
28.5591122, -80.5773939
28.5582364, -80.5799532
28.5577668, -80.5813480
28.5577035, -80.5815784
28.5573461, -80.5828580
28.5566945, -80.5851870
28.5561116, -80.5876311
28.5555976, -80.5901904
28.5552256, -80.5927496
28.5549957, -80.5953089
28.5549903, -80.5978682
28.5552092, -80.6004275
28.5557962, -80.6029868
28.5567511, -80.6055461
28.5573394, -80.6069881
28.5575610, -80.6073128
28.5587960, -80.6084866
28.5610443, -80.6105096
28.5624083, -80.6116268
28.5628881, -80.6118385
28.5640122, -80.6122675
28.5657808, -80.6129139
28.5677892, -80.6133761
28.5700375, -80.6136541
28.5722858, -80.6137175
28.5745341, -80.6135662
28.5767824, -80.6132270
28.5790307, -80.6126998
28.5804844, -80.6123132
28.5811434, -80.6120673
28.5822675, -80.6116428
28.5838568, -80.6110398
28.5857756, -80.6101563
28.5880239, -80.6089923
28.5897650, -80.6080142
28.5909988, -80.6072219
28.5921230, -80.6064876
28.5931375, -80.6058112
28.5947689, -80.6045931
28.5970172, -80.6028332
28.5982145, -80.6018917
28.5983608, -80.6017687
28.5994850, -80.6007760
28.6015869, -80.5989138
28.6030030, -80.5976341
28.6037332, -80.5969371
28.6048573, -80.5958150
28.6063755, -80.5942680
28.6076093, -80.5929883
28.6085587, -80.5919761
28.6096829, -80.5907467
28.6109817, -80.5892999
28.6121318, -80.5880203
28.6131331, -80.5869077
28.6142572, -80.5856035
28.6155042, -80.5841076
28.6165704, -80.5828280
28.6174557, -80.5817646
28.6185798, -80.5803566
28.6199428, -80.5786041
28.6209452, -80.5773245
28.6215868, -80.5765177
28.6227110, -80.5750306
28.6243176, -80.5728631
28.6252712, -80.5715835
28.6255716, -80.5711916
28.6266423, -80.5697161
28.6284832, -80.5671568
28.6294571, -80.5657991
28.6295641, -80.5656429
28.6304769, -80.5643633
28.6321955, -80.5619601
28.6333197, -80.5603608
28.6338493, -80.5595653
28.6347143, -80.5582857
28.6359146, -80.5565219
28.6370387, -80.5548201
28.6380868, -80.5531803
28.6389294, -80.5519007
28.6395665, -80.5509812
28.6406907, -80.5493156
28.6423018, -80.5469040
28.6431598, -80.5456243
28.6432645, -80.5454767
28.6441500, -80.5441232
28.6458164, -80.5415639
28.6468882, -80.5398929
28.6473654, -80.5391102
28.6481806, -80.5378306
28.6493339, -80.5360540
28.6504581, -80.5342561
28.6515531, -80.5324369
28.6523387, -80.5311573
28.6528149, -80.5304172
28.6538302, -80.5287675
28.6553844, -80.5262082
28.6562704, -80.5247424
28.6564883, -80.5243700
28.6565972, -80.5241838
End:
Color: 255 220 75
Line: 1, 0, "KSC 54-ft Barnes Wind Analysis\nConvergence: 1.0 x 10^-4 s^-1\nWarm colors = convergence\nDerived from KSC 54-ft tower winds"
28.6857678, -80.8525173
28.6854710, -80.8512376
28.6848774, -80.8486783
28.6843297, -80.8462781
28.6838278, -80.8440368
28.6835438, -80.8427572
28.6834778, -80.8424391
28.6831903, -80.8410005
28.6826815, -80.8384412
28.6821793, -80.8358819
28.6816836, -80.8333226
28.6811939, -80.8307633
28.6807100, -80.8282040
28.6802488, -80.8256448
28.6798104, -80.8230855
28.6794635, -80.8210648
28.6792080, -80.8195828
28.6789852, -80.8183032
28.6787949, -80.8172259
28.6784235, -80.8154076
28.6778710, -80.8128483
28.6774628, -80.8102890
28.6771989, -80.8077297
28.6769180, -80.8051705
28.6766199, -80.8026112
28.6763279, -80.8000519
28.6760420, -80.7974926
28.6757787, -80.7949333
28.6755381, -80.7923740
28.6753225, -80.7898147
28.6751319, -80.7872555
28.6749348, -80.7846962
28.6747311, -80.7821369
28.6746337, -80.7795776
28.6746424, -80.7770183
28.6746632, -80.7744590
28.6746963, -80.7718997
28.6747760, -80.7693404
28.6749023, -80.7667812
28.6750782, -80.7642219
28.6753035, -80.7616626
28.6755770, -80.7591033
28.6758985, -80.7565440
28.6762621, -80.7539847
28.6766676, -80.7514254
28.6770978, -80.7488661
28.6775528, -80.7463069
28.6780322, -80.7437476
28.6785361, -80.7411883
28.6788611, -80.7394757
28.6790072, -80.7386099
28.6793313, -80.7373302
28.6798334, -80.7356368
28.6804726, -80.7335104
28.6812489, -80.7309511
28.6819584, -80.7283919
28.6826012, -80.7258326
28.6830861, -80.7237792
28.6834133, -80.7222319
28.6838838, -80.7209522
28.6844978, -80.7199403
28.6853489, -80.7181547
28.6864372, -80.7155954
28.6872544, -80.7134431
28.6878004, -80.7116978
28.6886290, -80.7116978
28.6897401, -80.7134431
28.6908642, -80.7155397
28.6920015, -80.7179876
28.6925776, -80.7192673
28.6925927, -80.7193787
28.6927982, -80.7207140
28.6931941, -80.7232733
28.6936203, -80.7258326
28.6940767, -80.7283919
28.6945759, -80.7309511
28.6951178, -80.7335104
28.6957098, -80.7360697
28.6963519, -80.7386290
28.6967714, -80.7402321
28.6969683, -80.7408791
28.6972552, -80.7421588
28.6976323, -80.7440711
28.6981298, -80.7463069
28.6987475, -80.7488661
28.6994045, -80.7514254
28.7001007, -80.7539847
28.7007275, -80.7564061
28.7012847, -80.7586895
28.7015900, -80.7599691
28.7016435, -80.7602450
28.7019976, -80.7616626
28.7026524, -80.7642219
28.7033340, -80.7667812
28.7040424, -80.7693404
28.7047714, -80.7718997
28.7055212, -80.7744590
28.7059370, -80.7758691
28.7060189, -80.7761300
28.7063804, -80.7774097
28.7070213, -80.7797081
28.7077358, -80.7821369
28.7085237, -80.7846962
28.7092130, -80.7872555
28.7098037, -80.7898147
28.7102134, -80.7914763
28.7104421, -80.7922402
28.7107985, -80.7935198
28.7112823, -80.7953152
28.7118790, -80.7974926
28.7125886, -80.8000519
28.7133109, -80.8026112
28.7140460, -80.8051705
28.7145734, -80.8070117
28.7148932, -80.8081350
28.7152396, -80.8094147
28.7156126, -80.8108507
28.7161630, -80.8128483
28.7168909, -80.8154076
28.7176280, -80.8179669
28.7183742, -80.8205262
28.7189479, -80.8224958
28.7193491, -80.8238759
28.7197091, -80.8251555
28.7200279, -80.8263348
28.7205368, -80.8282040
28.7212357, -80.8307633
28.7219423, -80.8333226
28.7226564, -80.8358819
28.7232717, -80.8380621
28.7237881, -80.8398632
28.7240463, -80.8407638
End:
Color: 245 245 245
Line: 2, 0, "KSC 54-ft Barnes Wind Analysis\nZero divergence contour\nDerived from KSC 54-ft tower winds"
28.5830694, -80.8422801
28.5829844, -80.8410005
28.5828143, -80.8384412
28.5829549, -80.8358819
28.5834062, -80.8333226
28.5836804, -80.8307633
28.5837777, -80.8282040
28.5838662, -80.8256448
28.5839461, -80.8230855
28.5840596, -80.8205262
28.5842067, -80.8179669
28.5843617, -80.8154076
28.5845246, -80.8128483
28.5846174, -80.8114411
28.5846401, -80.8111861
28.5847639, -80.8099064
28.5849889, -80.8076022
28.5852273, -80.8051705
28.5854794, -80.8026112
28.5857739, -80.8000519
28.5861108, -80.7974926
28.5864939, -80.7949333
28.5869231, -80.7923740
28.5873455, -80.7898147
28.5877611, -80.7872555
28.5881893, -80.7846962
28.5886301, -80.7821369
28.5889249, -80.7804384
28.5890737, -80.7796008
28.5893047, -80.7783212
28.5896178, -80.7765995
28.5899644, -80.7744590
28.5903443, -80.7718997
28.5907554, -80.7693404
28.5911975, -80.7667812
28.5915821, -80.7642219
28.5919092, -80.7616626
28.5921818, -80.7591033
28.5924000, -80.7565440
28.5925297, -80.7539847
28.5925710, -80.7514254
28.5924759, -80.7488661
28.5922442, -80.7463069
28.5918137, -80.7437476
28.5911843, -80.7411883
28.5904392, -80.7389225
28.5895785, -80.7369502
28.5889557, -80.7356706
28.5885709, -80.7350836
28.5874468, -80.7337081
28.5855833, -80.7315441
28.5843966, -80.7302644
28.5838869, -80.7298691
28.5827627, -80.7290064
28.5810242, -80.7276761
28.5792129, -80.7263964
28.5773291, -80.7251674
28.5762049, -80.7244105
28.5758405, -80.7241255
28.5745341, -80.7229848
28.5722858, -80.7209883
28.5710415, -80.7198511
28.5708010, -80.7195733
28.5699569, -80.7181547
28.5685091, -80.7155954
28.5675052, -80.7134113
28.5669451, -80.7116024
28.5665705, -80.7103227
28.5663815, -80.7095724
28.5660731, -80.7079176
28.5656453, -80.7053583
28.5652884, -80.7027990
28.5650024, -80.7002397
28.5647342, -80.6976804
28.5644836, -80.6951211
28.5642145, -80.6925618
28.5639268, -80.6900025
28.5635931, -80.6874433
28.5632134, -80.6848840
28.5628098, -80.6825738
28.5623822, -80.6805128
28.5621158, -80.6792332
28.5620104, -80.6787349
28.5615547, -80.6772061
28.5607488, -80.6746468
28.5598025, -80.6720875
28.5587156, -80.6695283
28.5580471, -80.6680401
28.5577969, -80.6676231
28.5569219, -80.6663435
28.5554219, -80.6642012
28.5542977, -80.6627411
28.5535494, -80.6619632
28.5520511, -80.6607275
28.5498028, -80.6590340
28.5485560, -80.6581433
28.5483107, -80.6580554
28.5471866, -80.6577451
28.5451835, -80.6572122
28.5430579, -80.6570226
28.5408096, -80.6571761
28.5392329, -80.6574425
28.5383278, -80.6578218
28.5372037, -80.6583875
28.5358604, -80.6591397
28.5341685, -80.6604193
28.5321279, -80.6622265
28.5310038, -80.6632377
28.5307961, -80.6634530
28.5296510, -80.6647326
28.5275687, -80.6670766
28.5264445, -80.6683390
28.5262786, -80.6685198
28.5250714, -80.6696605
28.5228231, -80.6717613
28.5214962, -80.6729505
28.5210905, -80.6732283
28.5199664, -80.6738948
28.5181237, -80.6749500
28.5160782, -80.6758226
28.5138299, -80.6765124
28.5115816, -80.6769795
28.5093333, -80.6772238
28.5070850, -80.6773060
28.5048367, -80.6772260
28.5025884, -80.6770148
28.5003401, -80.6766725
28.4980918, -80.6762106
28.4958435, -80.6756292
28.4935952, -80.6749269
28.4913469, -80.6741038
28.4900641, -80.6736109
28.4897468, -80.6734484
28.4886226, -80.6728977
28.4866916, -80.6719587
28.4846020, -80.6707840
28.4823537, -80.6693736
28.4810989, -80.6685634
28.4808378, -80.6683536
28.4797137, -80.6674286
28.4777265, -80.6657885
28.4762818, -80.6645089
28.4753797, -80.6635897
28.4742556, -80.6623721
28.4729094, -80.6608562
28.4718484, -80.6595766
28.4710727, -80.6585332
28.4699486, -80.6568066
28.4684760, -80.6543968
28.4676994, -80.6531172
28.4676189, -80.6529677
28.4670951, -80.6516132
28.4661282, -80.6490540
28.4654111, -80.6464947
28.4649439, -80.6439354
28.4647763, -80.6413761
28.4649084, -80.6388168
28.4653994, -80.6362575
28.4662493, -80.6336982
28.4669406, -80.6319946
28.4674733, -80.6311465
28.4684042, -80.6298669
28.4697334, -80.6281556
28.4708575, -80.6268940
28.4717767, -80.6260820
28.4733604, -80.6249162
28.4756087, -80.6233966
28.4769514, -80.6225229
28.4773883, -80.6222953
28.4785124, -80.6217945
28.4803238, -80.6210207
28.4823537, -80.6202791
28.4846020, -80.6195699
28.4868503, -80.6189535
28.4890986, -80.6184299
28.4913469, -80.6179667
28.4935952, -80.6175638
28.4952157, -80.6172875
28.4962085, -80.6171377
28.4973326, -80.6169753
28.4985882, -80.6168001
28.5003401, -80.6165519
28.5025884, -80.6162307
28.5048367, -80.6158565
28.5070850, -80.6154294
28.5093333, -80.6148781
28.5115816, -80.6142028
28.5136535, -80.6133849
28.5155488, -80.6124245
28.5166730, -80.6118541
28.5170259, -80.6116736
28.5183265, -80.6107090
28.5205748, -80.6089604
28.5219692, -80.6077710
28.5225096, -80.6071408
28.5236337, -80.6057940
28.5253416, -80.6037307
28.5263484, -80.6024511
28.5266539, -80.6019551
28.5275887, -80.6004275
28.5291529, -80.5978682
28.5301243, -80.5962696
28.5305029, -80.5956316
28.5311734, -80.5943519
28.5321357, -80.5924306
28.5332460, -80.5901904
28.5345042, -80.5876311
28.5351472, -80.5863230
28.5351749, -80.5862660
28.5357424, -80.5849864
28.5368497, -80.5824840
28.5379732, -80.5799532
28.5391129, -80.5773939
28.5396827, -80.5761143
28.5396827, -80.5761143
28.5402156, -80.5748346
28.5412813, -80.5722754
28.5423611, -80.5697161
28.5434549, -80.5671568
28.5440469, -80.5657702
28.5441370, -80.5655564
28.5446619, -80.5642768
28.5456216, -80.5619313
28.5466432, -80.5594789
28.5477266, -80.5569196
28.5483708, -80.5553956
28.5485760, -80.5549069
28.5491054, -80.5536272
28.5499589, -80.5515567
28.5509316, -80.5492418
28.5520235, -80.5466825
28.5527209, -80.5450474
28.5530238, -80.5443366
28.5535634, -80.5430570
28.5543396, -80.5412085
28.5552830, -80.5390046
28.5563936, -80.5364453
28.5571296, -80.5347598
28.5574911, -80.5339479
28.5580545, -80.5326682
28.5588199, -80.5309208
28.5597557, -80.5287675
28.5608618, -80.5262082
28.5616033, -80.5245040
28.5619801, -80.5236550
28.5625434, -80.5223753
28.5632934, -80.5206651
28.5642483, -80.5185303
28.5654082, -80.5159710
28.5661573, -80.5143198
28.5664958, -80.5135766
28.5670703, -80.5122970
28.5678808, -80.5104809
28.5688781, -80.5082932
28.5700624, -80.5057339
28.5707814, -80.5041807
28.5710349, -80.5036336
28.5716172, -80.5023539
28.5725284, -80.5003418
28.5735878, -80.4980560
28.5747953, -80.4954967
28.5754639, -80.4940792
28.5755935, -80.4938034
28.5761815, -80.4925238
28.5772279, -80.4902403
28.5783521, -80.4878456
28.5795539, -80.4853398
28.5801673, -80.4840601
28.5801922, -80.4840067
28.5807891, -80.4827003
28.5819580, -80.4801410
28.5830697, -80.4777178
28.5841242, -80.4754306
28.5847112, -80.4741510
28.5848306, -80.4738789
28.5848902, -80.4737428
End:
Color: 155 240 235
Line: 1, 0, "KSC 54-ft Barnes Wind Analysis\nDivergence: 1.0 x 10^-4 s^-1\nCool colors = divergence\nDerived from KSC 54-ft tower winds"
28.3058618, -80.7564178
28.3069859, -80.7565040
28.3092342, -80.7566764
28.3114826, -80.7566236
28.3137309, -80.7563457
28.3159792, -80.7563001
28.3182275, -80.7564868
28.3204758, -80.7567441
28.3227241, -80.7570719
28.3249724, -80.7572735
28.3272207, -80.7573488
28.3294690, -80.7573665
28.3317173, -80.7573264
28.3339656, -80.7573763
28.3362139, -80.7575163
28.3384622, -80.7577175
28.3407105, -80.7579801
28.3429588, -80.7581649
28.3452071, -80.7582718
28.3474554, -80.7583603
28.3497037, -80.7584303
28.3519520, -80.7585684
28.3542003, -80.7587744
28.3564486, -80.7589901
28.3586969, -80.7592156
28.3609452, -80.7594903
28.3631935, -80.7598142
28.3651379, -80.7600778
28.3667782, -80.7602812
28.3679024, -80.7604313
28.3685103, -80.7605281
28.3699385, -80.7607881
28.3721868, -80.7612113
28.3744351, -80.7616178
28.3766834, -80.7620077
28.3789317, -80.7623891
28.3811800, -80.7627621
28.3834283, -80.7632257
28.3856766, -80.7637801
28.3879249, -80.7644073
28.3901732, -80.7651072
28.3913470, -80.7654683
28.3914464, -80.7654904
28.3925706, -80.7657896
28.3947195, -80.7663659
28.3969181, -80.7669571
28.3991664, -80.7675631
28.4014147, -80.7682815
28.4036630, -80.7691121
28.4054669, -80.7698006
28.4068263, -80.7703469
28.4079504, -80.7708274
28.4088393, -80.7712420
28.4104079, -80.7720727
28.4126562, -80.7733196
28.4146094, -80.7743919
28.4162674, -80.7752898
28.4173916, -80.7759315
28.4179819, -80.7763171
28.4194011, -80.7772260
28.4216495, -80.7786581
28.4232812, -80.7797449
28.4242965, -80.7804865
28.4254206, -80.7813529
28.4266537, -80.7823443
28.4281757, -80.7836240
28.4299868, -80.7851919
28.4311110, -80.7861797
28.4315482, -80.7865876
28.4328342, -80.7878673
28.4349690, -80.7900187
28.4360932, -80.7911548
28.4362067, -80.7912757
28.4373190, -80.7925553
28.4394300, -80.7949938
28.4405542, -80.7962953
28.4406914, -80.7964598
28.4416767, -80.7977395
28.4435100, -80.8001342
28.4446342, -80.8016084
28.4450492, -80.8021623
28.4459436, -80.8034419
28.4473174, -80.8054474
28.4484416, -80.8071352
28.4493160, -80.8085054
28.4500990, -80.8097851
28.4507906, -80.8109741
28.4519147, -80.8128032
28.4534715, -80.8152724
28.4542756, -80.8165520
28.4543271, -80.8166422
28.4551237, -80.8179669
28.4566653, -80.8205262
28.4577637, -80.8223813
28.4584189, -80.8235323
28.4591110, -80.8248119
28.4598400, -80.8262202
28.4608831, -80.8282040
28.4622404, -80.8307633
28.4630000, -80.8321966
28.4631621, -80.8325038
28.4637854, -80.8337834
28.4648700, -80.8360355
28.4659941, -80.8384361
28.4671578, -80.8409853
28.4677418, -80.8422650
28.4677460, -80.8422751
28.4683851, -80.8435598
28.4696592, -80.8461191
28.4704698, -80.8486783
28.4708167, -80.8512376
28.4709902, -80.8525173
End:
Color: 155 240 235
Line: 1, 0, "KSC 54-ft Barnes Wind Analysis\nDivergence: 1.0 x 10^-4 s^-1\nCool colors = divergence\nDerived from KSC 54-ft tower winds"
28.3058618, -80.6639499
28.3069859, -80.6638346
28.3092342, -80.6636041
28.3114826, -80.6634255
28.3137309, -80.6632988
28.3159792, -80.6632229
28.3182275, -80.6631979
28.3195886, -80.6631715
28.3200624, -80.6631439
28.3211866, -80.6630647
28.3229610, -80.6629341
28.3249724, -80.6627797
28.3272207, -80.6626017
28.3294690, -80.6624153
28.3317173, -80.6622204
28.3339656, -80.6620142
28.3362139, -80.6617968
28.3384622, -80.6615647
28.3407105, -80.6613180
28.3429588, -80.6610527
28.3452071, -80.6607688
28.3474554, -80.6604227
28.3497037, -80.6600145
28.3519520, -80.6595954
28.3542003, -80.6591657
28.3564486, -80.6587524
28.3586969, -80.6583555
28.3599821, -80.6581207
28.3603041, -80.6580479
28.3614283, -80.6577179
28.3633546, -80.6571307
28.3654418, -80.6564122
28.3676902, -80.6555622
28.3699385, -80.6546282
28.3721868, -80.6536101
28.3734163, -80.6530491
28.3736270, -80.6529449
28.3747512, -80.6521765
28.3767887, -80.6507437
28.3785648, -80.6494640
28.3800792, -80.6483376
28.3812034, -80.6473652
28.3819372, -80.6465469
28.3830731, -80.6452672
28.3846110, -80.6435262
28.3857351, -80.6420521
28.3864455, -80.6408447
28.3872601, -80.6395651
28.3881788, -80.6382131
28.3893029, -80.6363032
28.3906325, -80.6338353
28.3913341, -80.6325556
28.3914075, -80.6324643
28.3925316, -80.6312140
28.3947065, -80.6288048
28.3960236, -80.6275251
28.3964828, -80.6273751
28.3976069, -80.6270853
28.3993960, -80.6266559
28.4014147, -80.6266156
28.4036630, -80.6269645
28.4048699, -80.6271792
28.4050354, -80.6272598
28.4061596, -80.6277398
28.4082424, -80.6286193
28.4104079, -80.6298046
28.4126562, -80.6312958
28.4138773, -80.6321357
28.4140712, -80.6323243
28.4151954, -80.6332722
28.4172498, -80.6349794
28.4186473, -80.6362591
28.4193879, -80.6371111
28.4205121, -80.6382568
28.4220198, -80.6396961
28.4232119, -80.6409757
28.4240885, -80.6420957
28.4252126, -80.6433867
28.4265843, -80.6448485
28.4276690, -80.6461282
28.4284666, -80.6472256
28.4295907, -80.6486229
28.4310415, -80.6503201
28.4320643, -80.6515997
28.4326592, -80.6524618
28.4337834, -80.6539419
28.4354367, -80.6560400
28.4364169, -80.6573197
28.4367239, -80.6577809
28.4378192, -80.6592911
28.4397027, -80.6618504
28.4406733, -80.6631666
28.4407311, -80.6632396
28.4416306, -80.6645193
28.4433718, -80.6670055
28.4444959, -80.6685948
28.4450031, -80.6692872
28.4458916, -80.6705668
28.4471615, -80.6724337
28.4482857, -80.6740679
28.4492641, -80.6754692
28.4501461, -80.6767489
28.4509317, -80.6779068
28.4520559, -80.6795494
28.4535185, -80.6816766
28.4544006, -80.6829562
28.4547022, -80.6833883
28.4557506, -80.6848840
28.4575460, -80.6874433
28.4585194, -80.6888303
28.4586708, -80.6890451
28.4596026, -80.6903247
28.4613149, -80.6926692
28.4624391, -80.6942102
28.4629751, -80.6949478
28.4639339, -80.6962274
28.4653154, -80.6980492
28.4664396, -80.6995411
28.4673063, -80.7007032
28.4682834, -80.7019828
28.4693710, -80.7033800
28.4704951, -80.7048486
28.4716559, -80.7063885
28.4726323, -80.7076682
28.4734243, -80.7086875
28.4745485, -80.7101820
28.4760048, -80.7121516
28.4769541, -80.7134312
28.4773964, -80.7140209
28.4785155, -80.7155954
28.4803115, -80.7181547
28.4812144, -80.7194418
28.4812245, -80.7194567
28.4820794, -80.7207364
28.4837793, -80.7232807
28.4849035, -80.7249951
28.4854519, -80.7258796
28.4862418, -80.7271592
28.4872733, -80.7288341
28.4883975, -80.7307468
28.4896143, -80.7328976
28.4903385, -80.7341772
28.4905702, -80.7345858
28.4913808, -80.7360697
28.4927704, -80.7386290
28.4937787, -80.7405252
28.4944058, -80.7417584
28.4950616, -80.7430380
28.4957461, -80.7443642
28.4967106, -80.7463069
28.4979551, -80.7488661
28.4987370, -80.7504831
28.4990563, -80.7511578
28.4996753, -80.7524374
28.5005940, -80.7543221
28.5016356, -80.7565440
28.5028003, -80.7591033
28.5034651, -80.7605653
28.5036301, -80.7609299
28.5042304, -80.7622095
28.5052662, -80.7644042
28.5063441, -80.7667812
28.5074642, -80.7693404
28.5080705, -80.7707253
28.5081629, -80.7709357
28.5087524, -80.7722154
28.5098389, -80.7745642
28.5109280, -80.7770183
28.5120196, -80.7795776
28.5126005, -80.7809391
28.5126707, -80.7811027
28.5132505, -80.7823824
28.5143401, -80.7847780
28.5154191, -80.7872555
28.5164875, -80.7898147
28.5170668, -80.7912026
28.5171572, -80.7914190
28.5177248, -80.7926987
28.5187697, -80.7950415
28.5198174, -80.7974926
28.5208681, -80.8000519
28.5214699, -80.8015204
28.5216226, -80.8018980
28.5221740, -80.8031777
28.5231240, -80.8053593
28.5241009, -80.8077297
28.5251048, -80.8102890
28.5256068, -80.8115687
End:
Color: 155 240 235
Line: 1, 0, "KSC 54-ft Barnes Wind Analysis\nDivergence: 1.0 x 10^-4 s^-1\nCool colors = divergence\nDerived from KSC 54-ft tower winds"
28.5152966, -80.4327942
28.5146489, -80.4339995
28.5133535, -80.4364101
28.5126658, -80.4376898
28.5125858, -80.4378384
28.5118577, -80.4391924
28.5104814, -80.4417517
28.5093972, -80.4437565
28.5086052, -80.4452068
28.5079060, -80.4464864
28.5072997, -80.4475954
28.5062947, -80.4494296
28.5048911, -80.4519889
28.5040701, -80.4534839
28.5038317, -80.4539148
28.5031231, -80.4551945
28.5019441, -80.4573229
28.5008199, -80.4593517
28.4997506, -80.4612809
28.4990389, -80.4625605
28.4986848, -80.4631906
28.4977974, -80.4647853
28.4963769, -80.4673446
28.4954299, -80.4690549
28.4949562, -80.4699161
28.4942458, -80.4711958
28.4932989, -80.4728938
28.4921747, -80.4749424
28.4908734, -80.4773416
28.4901782, -80.4786212
28.4900891, -80.4787813
28.4893515, -80.4801410
28.4879655, -80.4827003
28.4868859, -80.4847001
28.4861127, -80.4861405
28.4854292, -80.4874201
28.4848352, -80.4885391
28.4839499, -80.4903782
28.4827732, -80.4929375
28.4819460, -80.4947475
28.4814684, -80.4958084
28.4808833, -80.4970881
28.4801910, -80.4985865
28.4793148, -80.5006153
28.4782547, -80.5031746
28.4774767, -80.5051302
28.4769808, -80.5064821
28.4765045, -80.5077617
28.4760478, -80.5089691
28.4754099, -80.5108525
28.4745909, -80.5134118
28.4738481, -80.5159710
28.4731817, -80.5185303
28.4726954, -80.5205487
28.4723893, -80.5220263
28.4721198, -80.5233059
28.4718869, -80.5243877
28.4715650, -80.5262082
28.4711543, -80.5287675
28.4708181, -80.5313268
28.4705565, -80.5338860
28.4703631, -80.5364453
28.4702379, -80.5390046
28.4701831, -80.5415639
28.4701988, -80.5441232
28.4702858, -80.5466825
28.4704443, -80.5492418
28.4707016, -80.5518011
28.4710579, -80.5543603
28.4714861, -80.5567165
28.4719862, -80.5588696
28.4722845, -80.5601492
28.4723808, -80.5605554
28.4728750, -80.5620382
28.4737672, -80.5645975
28.4748432, -80.5670319
28.4761030, -80.5693413
28.4768115, -80.5706210
28.4769688, -80.5708708
28.4780930, -80.5721330
28.4801840, -80.5744076
28.4814071, -80.5756872
28.4817622, -80.5759719
28.4828863, -80.5766599
28.4847795, -80.5777512
28.4868503, -80.5786627
28.4890986, -80.5793943
28.4913469, -80.5798504
28.4935952, -80.5800311
28.4958435, -80.5799274
28.4980918, -80.5795395
28.5003401, -80.5788549
28.5025884, -80.5778736
28.5041539, -80.5770658
28.5050366, -80.5764315
28.5061607, -80.5755434
28.5075263, -80.5744016
28.5088175, -80.5731220
28.5100342, -80.5717045
28.5111583, -80.5702990
28.5121899, -80.5689056
28.5130494, -80.5676259
28.5137368, -80.5664601
28.5147430, -80.5645975
28.5160683, -80.5620382
28.5168487, -80.5605020
28.5170845, -80.5599889
28.5176082, -80.5587093
28.5184200, -80.5566631
28.5192933, -80.5543603
28.5202280, -80.5518011
28.5209463, -80.5497871
28.5214481, -80.5483184
28.5218696, -80.5470387
28.5222108, -80.5459481
28.5227615, -80.5441232
28.5235216, -80.5415639
28.5242766, -80.5390046
28.5250266, -80.5364453
28.5256001, -80.5344751
28.5259971, -80.5330938
28.5263566, -80.5318142
28.5266787, -80.5306361
28.5271922, -80.5287675
28.5278971, -80.5262082
28.5286178, -80.5236489
28.5293541, -80.5210896
28.5299648, -80.5190248
28.5304497, -80.5174545
28.5308413, -80.5161748
28.5311396, -80.5151859
28.5316656, -80.5134118
28.5324194, -80.5108525
28.5331731, -80.5082932
28.5339269, -80.5057339
28.5345250, -80.5037692
28.5349675, -80.5023991
28.5353754, -80.5011195
28.5357486, -80.4999303
28.5363468, -80.4980560
28.5371699, -80.4954967
28.5380129, -80.4929375
28.5388760, -80.4903782
28.5394020, -80.4888401
28.5395909, -80.4883233
28.5400433, -80.4870437
28.5407592, -80.4850012
28.5415940, -80.4827003
28.5425479, -80.4801410
28.5433141, -80.4781055
28.5438927, -80.4765938
28.5443761, -80.4753142
28.5447642, -80.4742666
28.5454461, -80.4724632
28.5464217, -80.4699039
28.5473518, -80.4675348
28.5482363, -80.4653560
28.5487533, -80.4640764
28.5489028, -80.4636959
28.5494863, -80.4622260
28.5505040, -80.4596667
28.5515534, -80.4571169
28.5526346, -80.4545767
28.5531752, -80.4533065
End:
Color: 75 225 235
Line: 2, 0, "KSC 54-ft Barnes Wind Analysis\nDivergence: 2.0 x 10^-4 s^-1\nCool colors = divergence\nDerived from KSC 54-ft tower winds"
28.3103584, -80.7293958
28.3114826, -80.7293339
28.3137309, -80.7292101
28.3159792, -80.7291422
28.3182275, -80.7291304
28.3204758, -80.7291331
28.3227241, -80.7291504
28.3249724, -80.7291553
28.3272207, -80.7291477
28.3294690, -80.7290821
28.3317173, -80.7289584
28.3339656, -80.7288882
28.3362139, -80.7288715
28.3384622, -80.7288559
28.3407105, -80.7288416
28.3429588, -80.7288286
28.3452071, -80.7288170
28.3474554, -80.7288071
28.3497037, -80.7287988
28.3519520, -80.7288049
28.3542003, -80.7288253
28.3564486, -80.7288575
28.3586969, -80.7289017
28.3609452, -80.7289196
28.3631935, -80.7289112
28.3654418, -80.7289079
28.3676902, -80.7289096
28.3699385, -80.7289270
28.3721868, -80.7289603
28.3744351, -80.7289979
28.3766834, -80.7290399
28.3789317, -80.7290980
28.3811800, -80.7291720
28.3834283, -80.7292365
28.3856766, -80.7292913
28.3879249, -80.7293810
28.3901732, -80.7295055
28.3917192, -80.7295937
28.3925629, -80.7296456
28.3936871, -80.7297158
28.3950917, -80.7298045
28.3969181, -80.7299301
28.3991664, -80.7300929
28.4014147, -80.7302919
28.4036630, -80.7305271
28.4059113, -80.7307827
28.4081596, -80.7310587
28.4104079, -80.7313592
28.4126562, -80.7316842
28.4149045, -80.7320517
28.4171528, -80.7324618
28.4194011, -80.7329184
28.4216495, -80.7334215
28.4237817, -80.7339523
28.4257979, -80.7345108
28.4269221, -80.7348234
28.4271542, -80.7348902
28.4283944, -80.7352869
28.4306427, -80.7360135
28.4328910, -80.7368195
28.4351393, -80.7377049
28.4371526, -80.7385879
28.4389308, -80.7394684
28.4400550, -80.7400298
28.4405250, -80.7402721
28.4418842, -80.7410465
28.4441325, -80.7423527
28.4459441, -80.7435112
28.4473190, -80.7445219
28.4484432, -80.7453657
28.4493166, -80.7460426
28.4507643, -80.7473223
28.4527863, -80.7492046
28.4539105, -80.7502583
28.4541367, -80.7504833
28.4552758, -80.7517630
28.4573278, -80.7540972
28.4584520, -80.7553853
28.4586483, -80.7556271
28.4596151, -80.7569068
28.4613524, -80.7592242
28.4624766, -80.7607617
28.4629876, -80.7615193
28.4638360, -80.7627990
28.4650217, -80.7646007
28.4661459, -80.7664123
28.4672084, -80.7682338
28.4679582, -80.7695134
28.4683952, -80.7702512
28.4693059, -80.7718997
28.4706903, -80.7744590
28.4715960, -80.7761415
28.4720229, -80.7769473
28.4727171, -80.7782269
28.4736788, -80.7799805
28.4747624, -80.7821369
28.4759680, -80.7846962
28.4766114, -80.7860581
28.4766924, -80.7862226
28.4773497, -80.7875022
28.4785832, -80.7898970
28.4797073, -80.7922331
28.4807221, -80.7945106
28.4813003, -80.7957902
28.4814420, -80.7960721
28.4821299, -80.7974926
28.4833640, -80.8000519
28.4844174, -80.8023401
28.4852899, -80.8043572
28.4858570, -80.8056369
28.4861188, -80.8061790
28.4868535, -80.8077297
28.4880614, -80.8102890
28.4890546, -80.8124892
28.4898334, -80.8143301
28.4903926, -80.8156098
28.4907323, -80.8163281
28.4914679, -80.8179669
28.4925995, -80.8205262
28.4931653, -80.8218058
End:
Color: 75 225 235
Line: 2, 0, "KSC 54-ft Barnes Wind Analysis\nDivergence: 2.0 x 10^-4 s^-1\nCool colors = divergence\nDerived from KSC 54-ft tower winds"
28.3103584, -80.6905371
28.3114826, -80.6905090
28.3137309, -80.6904528
28.3159792, -80.6904010
28.3182275, -80.6903536
28.3204758, -80.6902783
28.3227241, -80.6901752
28.3249724, -80.6900721
28.3272207, -80.6899691
28.3294690, -80.6898659
28.3317173, -80.6897624
28.3339656, -80.6896584
28.3362139, -80.6895539
28.3384622, -80.6894483
28.3407105, -80.6893418
28.3429588, -80.6892337
28.3452071, -80.6891241
28.3474554, -80.6889931
28.3497037, -80.6888405
28.3510144, -80.6887539
28.3513875, -80.6887333
28.3525117, -80.6886711
28.3543869, -80.6885674
28.3564486, -80.6884596
28.3586969, -80.6883476
28.3609452, -80.6882218
28.3631935, -80.6880824
28.3654418, -80.6879451
28.3676902, -80.6878098
28.3699385, -80.6876541
28.3721868, -80.6874779
28.3744351, -80.6873002
28.3766834, -80.6871212
28.3789317, -80.6869416
28.3811800, -80.6867615
28.3834283, -80.6865701
28.3856766, -80.6863673
28.3879249, -80.6861626
28.3901732, -80.6859559
28.3924215, -80.6857494
28.3946698, -80.6855429
28.3969181, -80.6853584
28.3991664, -80.6851959
28.4014147, -80.6850696
28.4036630, -80.6849796
28.4059113, -80.6849524
28.4081596, -80.6849882
28.4104079, -80.6851279
28.4126562, -80.6853714
28.4149045, -80.6857535
28.4171528, -80.6862742
28.4194011, -80.6869822
28.4216495, -80.6878775
28.4229460, -80.6884246
28.4232907, -80.6886235
28.4244148, -80.6893002
28.4263184, -80.6904547
28.4281403, -80.6917344
28.4298805, -80.6931391
28.4310046, -80.6940632
28.4315128, -80.6945065
28.4327865, -80.6957862
28.4348260, -80.6979021
28.4359501, -80.6990783
28.4361590, -80.6993148
28.4372004, -80.7005944
28.4390742, -80.7029172
28.4401984, -80.7043296
28.4405728, -80.7048315
28.4415044, -80.7061111
28.4429933, -80.7081685
28.4441174, -80.7097522
28.4448769, -80.7108621
28.4457558, -80.7121417
28.4467542, -80.7135911
28.4478784, -80.7152499
28.4491283, -80.7171182
28.4499914, -80.7183979
28.4504678, -80.7190889
28.4515818, -80.7207140
28.4533335, -80.7232733
28.4542195, -80.7245689
28.4542397, -80.7246008
28.4550977, -80.7258804
28.4567935, -80.7284078
28.4579176, -80.7300750
28.4584702, -80.7308820
28.4593583, -80.7321617
28.4605821, -80.7339139
28.4617062, -80.7354808
28.4627308, -80.7368623
28.4636603, -80.7381420
28.4644946, -80.7393198
28.4656188, -80.7408379
28.4670327, -80.7426965
28.4679818, -80.7439761
28.4684660, -80.7446768
28.4695902, -80.7462053
28.4713542, -80.7485614
28.4723028, -80.7498410
28.4724357, -80.7500442
28.4733559, -80.7514254
28.4750633, -80.7539847
28.4761210, -80.7555334
28.4765289, -80.7560713
28.4773418, -80.7573510
28.4785595, -80.7593723
28.4796836, -80.7611232
28.4807142, -80.7626038
28.4815328, -80.7638834
28.4821395, -80.7649621
28.4832552, -80.7667812
28.4848802, -80.7693404
28.4857010, -80.7706323
28.4857178, -80.7706567
28.4863843, -80.7719363
28.4877006, -80.7744712
28.4888247, -80.7764940
28.4897567, -80.7780046
28.4904837, -80.7792843
28.4910055, -80.7803329
28.4919541, -80.7821369
28.4933295, -80.7846962
28.4941927, -80.7862681
28.4945438, -80.7868527
28.4951837, -80.7881323
28.4961125, -80.7901070
28.4972367, -80.7922954
28.4985562, -80.7946975
28.4992522, -80.7959771
28.4993248, -80.7961344
28.4999394, -80.7974926
28.5010959, -80.8000519
28.5021837, -80.8022778
28.5032029, -80.8041705
28.5038614, -80.8054501
28.5041592, -80.8061168
28.5048808, -80.8077297
28.5060260, -80.8102890
28.5065986, -80.8115687
End:

; Barnes frame 2026-10-07 02:05Z; stations=22
TimeRange: 2026-10-07T02:05:00 2026-10-07T02:10:00
Color: 255 190 20
Line: 2, 0, "KSC 54-ft Barnes Wind Analysis\nConvergence: 2.0 x 10^-4 s^-1\nWarm colors = convergence\nDerived from KSC 54-ft tower winds"
28.6116311, -80.4979995
28.6110811, -80.4992293
28.6099810, -80.5016889
28.6088568, -80.5039872
28.6077086, -80.5061241
28.6070276, -80.5074038
28.6068137, -80.5078261
28.6060949, -80.5093169
28.6048712, -80.5118761
28.6038540, -80.5139479
28.6030433, -80.5155321
28.6024055, -80.5168118
28.6019405, -80.5177868
28.6010896, -80.5195540
28.5998526, -80.5221132
28.5989609, -80.5239323
28.5984145, -80.5250112
28.5977959, -80.5262909
28.5971051, -80.5277712
28.5961371, -80.5297911
28.5948917, -80.5323503
28.5941130, -80.5339459
28.5938008, -80.5345776
28.5932114, -80.5358573
28.5923447, -80.5377848
28.5912952, -80.5400282
28.5900628, -80.5425874
28.5893720, -80.5440265
28.5892227, -80.5443452
28.5886774, -80.5456249
28.5877361, -80.5478654
28.5866998, -80.5502652
28.5855684, -80.5528245
28.5849149, -80.5543187
28.5847393, -80.5547477
28.5842582, -80.5560273
28.5834717, -80.5581576
28.5826139, -80.5605023
28.5816849, -80.5630616
28.5809540, -80.5651940
28.5804212, -80.5668996
28.5800392, -80.5681792
28.5798079, -80.5690329
28.5795501, -80.5707394
28.5792657, -80.5732987
28.5793814, -80.5756956
28.5798971, -80.5779301
28.5812790, -80.5792055
28.5835273, -80.5795220
28.5857756, -80.5790153
28.5880239, -80.5776855
28.5898752, -80.5764100
28.5913295, -80.5751889
28.5924537, -80.5742527
28.5932477, -80.5736015
28.5945656, -80.5723219
28.5964074, -80.5704138
28.5975315, -80.5692630
28.5979381, -80.5688695
28.5990822, -80.5675899
28.6009640, -80.5654241
28.6020881, -80.5641347
28.6024547, -80.5637216
28.6034784, -80.5624419
28.6051594, -80.5602958
28.6062835, -80.5588716
28.6068509, -80.5581695
28.6078188, -80.5568898
28.6091873, -80.5550327
28.6103114, -80.5535214
28.6111912, -80.5523559
28.6121231, -80.5510762
28.6131072, -80.5496825
28.6142313, -80.5481046
28.6154956, -80.5463426
28.6164008, -80.5450630
28.6169468, -80.5442657
28.6180710, -80.5426342
28.6197732, -80.5401683
28.6206557, -80.5388887
28.6207183, -80.5387952
28.6215985, -80.5374689
28.6232963, -80.5349096
28.6243891, -80.5332692
28.6248770, -80.5325478
28.6257110, -80.5312681
28.6268911, -80.5294303
28.6280153, -80.5277021
28.6290835, -80.5260834
28.6299225, -80.5248038
28.6305324, -80.5238632
28.6316505, -80.5221132
28.6332767, -80.5195540
28.6340959, -80.5182646
28.6341081, -80.5182451
28.6349134, -80.5169654
28.6365119, -80.5144257
28.6373111, -80.5131558
End:
Color: 255 220 75
Line: 1, 0, "KSC 54-ft Barnes Wind Analysis\nConvergence: 1.0 x 10^-4 s^-1\nWarm colors = convergence\nDerived from KSC 54-ft tower winds"
28.6015361, -80.4875631
28.6008959, -80.4888427
28.5996155, -80.4914020
28.5987668, -80.4931209
28.5983498, -80.4939996
28.5977329, -80.4952793
28.5969161, -80.4969598
28.5958472, -80.4990798
28.5945262, -80.5016391
28.5938105, -80.5030284
28.5937000, -80.5032477
28.5930488, -80.5045273
28.5918569, -80.5068673
28.5907328, -80.5091003
28.5896763, -80.5112266
28.5890377, -80.5125062
28.5888171, -80.5129393
28.5880597, -80.5144354
28.5867656, -80.5169947
28.5857518, -80.5190099
28.5850183, -80.5204810
28.5843744, -80.5217606
28.5838203, -80.5228488
28.5829020, -80.5246725
28.5816197, -80.5272318
28.5807726, -80.5289236
28.5803608, -80.5297479
28.5797142, -80.5310276
28.5788328, -80.5327625
28.5777554, -80.5349096
28.5764821, -80.5374689
28.5757987, -80.5388436
28.5757051, -80.5390338
28.5750684, -80.5403134
28.5738887, -80.5426825
28.5727645, -80.5449361
28.5716959, -80.5470741
28.5710543, -80.5483538
28.5708396, -80.5487750
28.5700971, -80.5502652
28.5688268, -80.5528245
28.5678100, -80.5548860
28.5670467, -80.5564497
28.5664176, -80.5577293
28.5659228, -80.5587249
28.5650563, -80.5605023
28.5638182, -80.5630616
28.5629414, -80.5648873
28.5624261, -80.5659793
28.5618148, -80.5672590
28.5611074, -80.5687262
28.5601617, -80.5707394
28.5589776, -80.5732987
28.5582071, -80.5749857
28.5578503, -80.5758003
28.5572774, -80.5770800
28.5564884, -80.5788246
28.5555555, -80.5809765
28.5544786, -80.5835358
28.5537489, -80.5853267
28.5533665, -80.5863492
28.5528719, -80.5876288
28.5522652, -80.5891656
28.5515393, -80.5912136
28.5506942, -80.5937729
28.5499461, -80.5963322
28.5492949, -80.5988914
28.5488967, -80.6007869
28.5487513, -80.6020185
28.5485915, -80.6032982
28.5484172, -80.6046258
28.5484172, -80.6063413
28.5485915, -80.6084446
28.5487042, -80.6097242
28.5487554, -80.6101802
28.5494303, -80.6116878
28.5507288, -80.6142471
28.5518274, -80.6159678
28.5527260, -80.6168499
28.5542994, -80.6179569
28.5565477, -80.6192886
28.5582381, -80.6201272
28.5593705, -80.6204726
28.5604947, -80.6207947
28.5616105, -80.6210935
28.5632926, -80.6213607
28.5655409, -80.6215963
28.5677892, -80.6216734
28.5700375, -80.6215920
28.5722858, -80.6213649
28.5745341, -80.6209920
28.5758052, -80.6207655
28.5760989, -80.6206853
28.5772231, -80.6203771
28.5791776, -80.6198408
28.5812790, -80.6191334
28.5835273, -80.6182551
28.5857459, -80.6172436
28.5879346, -80.6160990
28.5890588, -80.6155107
28.5891183, -80.6154786
28.5902723, -80.6147791
28.5925206, -80.6134122
28.5944441, -80.6121486
28.5960430, -80.6109883
28.5971672, -80.6101611
28.5978166, -80.6096670
28.5992655, -80.6084774
28.6015138, -80.6065923
28.6027417, -80.6055598
28.6029493, -80.6053797
28.6040735, -80.6043494
28.6061142, -80.6024690
28.6074878, -80.6011894
28.6081943, -80.6005105
28.6093185, -80.5993678
28.6108603, -80.5977612
28.6120855, -80.5964816
28.6129943, -80.5955289
28.6141184, -80.5943291
28.6154580, -80.5928821
28.6166486, -80.5916025
28.6176902, -80.5904901
28.6188144, -80.5892287
28.6200210, -80.5878181
28.6211350, -80.5865384
28.6221563, -80.5853898
28.6232805, -80.5840726
28.6245075, -80.5825871
28.6255915, -80.5813074
28.6265326, -80.5802337
28.6276568, -80.5788905
28.6289640, -80.5772776
28.6300334, -80.5759980
28.6308651, -80.5750515
28.6319892, -80.5737014
28.6334059, -80.5719475
28.6344755, -80.5706678
28.6351982, -80.5698625
28.6363224, -80.5685276
28.6378480, -80.5666633
28.6389374, -80.5653836
28.6395905, -80.5646887
28.6407146, -80.5634004
28.6423098, -80.5615188
28.6434543, -80.5602391
28.6441482, -80.5595615
28.6452723, -80.5583697
28.6468268, -80.5566636
28.6480902, -80.5553839
28.6490626, -80.5545308
28.6501868, -80.5534625
28.6514627, -80.5521793
28.6530044, -80.5508997
28.6548120, -80.5496236
28.6559361, -80.5488024
28.6563769, -80.5484358
28.6577214, -80.5481725
28.6599697, -80.5480123
28.6612667, -80.5481956
28.6616125, -80.5487223
28.6620799, -80.5502652
28.6626689, -80.5528245
28.6629697, -80.5553838
28.6629823, -80.5579431
28.6628839, -80.5605023
28.6626743, -80.5630616
28.6624108, -80.5656209
28.6620933, -80.5681802
28.6617459, -80.5707394
28.6613686, -80.5732987
28.6611584, -80.5746998
28.6611154, -80.5749426
28.6608565, -80.5762222
28.6603818, -80.5785387
28.6598844, -80.5809765
28.6593645, -80.5835358
28.6588506, -80.5860951
28.6583426, -80.5886544
28.6578405, -80.5912136
28.6573442, -80.5937729
28.6569713, -80.5957219
28.6567219, -80.5970605
28.6564678, -80.5983401
28.6562089, -80.5995608
28.6558057, -80.6014507
28.6552582, -80.6040100
28.6547290, -80.6065693
28.6542180, -80.6091285
28.6537252, -80.6116878
28.6532505, -80.6142471
28.6527933, -80.6168064
28.6523536, -80.6193656
28.6521254, -80.6206956
28.6521089, -80.6207964
28.6518748, -80.6220760
28.6514231, -80.6245346
28.6509904, -80.6270435
28.6505767, -80.6296027
28.6501910, -80.6321620
28.6498333, -80.6347213
28.6495041, -80.6372805
28.6492033, -80.6398398
28.6489320, -80.6423991
28.6486903, -80.6449584
28.6484803, -80.6475176
28.6483018, -80.6500769
28.6481579, -80.6526362
28.6480484, -80.6551955
28.6479814, -80.6577547
28.6479568, -80.6603140
28.6479714, -80.6628733
28.6480251, -80.6654326
28.6481340, -80.6679918
28.6482980, -80.6705511
28.6485119, -80.6731104
28.6487757, -80.6756696
28.6490969, -80.6782289
28.6494757, -80.6807882
28.6499366, -80.6833475
28.6504796, -80.6859067
28.6510885, -80.6884293
28.6517632, -80.6909151
28.6521104, -80.6921947
28.6521299, -80.6922682
28.6525479, -80.6935846
28.6533644, -80.6961438
28.6542721, -80.6987031
28.6552710, -80.7012624
28.6559772, -80.7030108
28.6563905, -80.7039485
28.6569748, -80.7052281
28.6577300, -80.7068497
28.6587842, -80.7089402
28.6601374, -80.7114995
28.6608840, -80.7129025
28.6610239, -80.7131492
28.6618026, -80.7144289
28.6632202, -80.7167414
28.6643444, -80.7185482
28.6651751, -80.7198494
28.6660376, -80.7211291
28.6669319, -80.7223872
28.6680561, -80.7239428
28.6694101, -80.7257961
28.6703849, -80.7270757
28.6709806, -80.7277817
28.6721048, -80.7291328
28.6737574, -80.7311289
28.6748656, -80.7324085
28.6754295, -80.7329717
28.6765537, -80.7340941
28.6782381, -80.7357756
28.6796757, -80.7370552
28.6808667, -80.7379330
28.6819908, -80.7387891
28.6830482, -80.7396236
28.6847010, -80.7406657
28.6869493, -80.7419153
28.6888318, -80.7427777
28.6903485, -80.7432528
28.6914727, -80.7436136
28.6922043, -80.7438600
28.6936942, -80.7441011
28.6959425, -80.7443368
28.6981908, -80.7443582
28.7004391, -80.7441653
28.7022284, -80.7439242
28.7035585, -80.7436350
28.7046827, -80.7434004
28.7056008, -80.7432204
28.7071841, -80.7427891
28.7094324, -80.7421063
28.7116807, -80.7413508
28.7139290, -80.7405224
28.7161321, -80.7396741
28.7182901, -80.7388059
28.7194142, -80.7383545
28.7195046, -80.7383199
28.7206739, -80.7378929
28.7229222, -80.7370736
28.7251705, -80.7362632
28.7274188, -80.7354616
28.7296671, -80.7346774
28.7319154, -80.7339106
28.7332515, -80.7334587
28.7336754, -80.7333218
28.7347995, -80.7329683
28.7366240, -80.7323982
28.7386603, -80.7318240
28.7409086, -80.7312456
28.7431569, -80.7306961
28.7454052, -80.7301756
28.7476535, -80.7296021
28.7499018, -80.7289758
28.7514437, -80.7285307
28.7522791, -80.7282667
28.7534033, -80.7279065
28.7548162, -80.7274500
28.7566467, -80.7269630
28.7588951, -80.7264456
28.7611434, -80.7259676
28.7633917, -80.7255291
28.7656400, -80.7250561
28.7678883, -80.7245488
28.7701366, -80.7240294
28.7723849, -80.7234980
28.7738190, -80.7231782
28.7744389, -80.7230702
28.7755630, -80.7228686
28.7771914, -80.7225734
28.7791298, -80.7222536
28.7813781, -80.7219091
28.7836264, -80.7215268
28.7858747, -80.7211069
28.7881230, -80.7206940
28.7903713, -80.7202879
28.7926196, -80.7198881
28.7948679, -80.7194946
28.7971162, -80.7191069
28.7993645, -80.7187248
28.8014515, -80.7183748
28.8033770, -80.7180567
28.8045012, -80.7178690
28.8048239, -80.7178116
28.8049853, -80.7177829
End:
Color: 255 220 75
Line: 1, 0, "KSC 54-ft Barnes Wind Analysis\nConvergence: 1.0 x 10^-4 s^-1\nWarm colors = convergence\nDerived from KSC 54-ft tower winds"
28.7206306, -80.5541042
28.7204307, -80.5553838
28.7200311, -80.5579431
28.7197608, -80.5597430
28.7196201, -80.5607835
28.7194556, -80.5620631
28.7192672, -80.5635819
28.7190434, -80.5656209
28.7187841, -80.5681802
28.7185560, -80.5707394
28.7183590, -80.5732987
28.7181726, -80.5758580
28.7179968, -80.5784173
28.7178401, -80.5809765
28.7177027, -80.5835358
28.7176750, -80.5860951
28.7177571, -80.5886544
28.7178892, -80.5912136
28.7180712, -80.5937729
28.7183133, -80.5963322
28.7186156, -80.5988914
28.7189625, -80.6014169
28.7193540, -80.6039086
28.7195560, -80.6051882
28.7195685, -80.6052558
28.7198887, -80.6065693
28.7205166, -80.6091285
28.7212344, -80.6116878
28.7220421, -80.6142471
28.7228461, -80.6165547
28.7236462, -80.6186108
28.7241616, -80.6198904
28.7243922, -80.6203937
28.7251971, -80.6219249
28.7265763, -80.6244842
28.7275851, -80.6262763
28.7282237, -80.6273013
28.7291024, -80.6285810
28.7302212, -80.6301152
28.7313454, -80.6315708
28.7324748, -80.6329476
28.7336051, -80.6342273
28.7347362, -80.6354097
28.7358604, -80.6365320
28.7369776, -80.6375943
28.7384510, -80.6388739
28.7402807, -80.6403709
28.7414048, -80.6412784
28.7418235, -80.6415963
28.7431569, -80.6425061
28.7454052, -80.6440076
28.7471770, -80.6451283
28.7484724, -80.6458681
28.7495965, -80.6464960
28.7505495, -80.6470121
28.7521501, -80.6477875
28.7543984, -80.6488223
28.7566467, -80.6498003
28.7588951, -80.6507218
28.7601503, -80.6512260
28.7604125, -80.6513130
28.7615366, -80.6516768
28.7635227, -80.6523172
28.7656400, -80.6529868
28.7678883, -80.6536856
28.7701366, -80.6542586
28.7723849, -80.6547058
28.7746332, -80.6551451
28.7768815, -80.6555764
28.7784027, -80.6559629
28.7791968, -80.6563044
28.7803210, -80.6567828
28.7817752, -80.6573982
28.7836264, -80.6579172
28.7858747, -80.6583400
28.7881230, -80.6587417
28.7903713, -80.6591223
28.7926196, -80.6594844
28.7948679, -80.6598280
28.7971162, -80.6601552
28.7993645, -80.6604661
28.8016128, -80.6607623
28.8038611, -80.6610439
28.8049853, -80.6611848
End:
Color: 245 245 245
Line: 2, 0, "KSC 54-ft Barnes Wind Analysis\nZero divergence contour\nDerived from KSC 54-ft tower winds"
28.3148550, -80.6013390
28.3159792, -80.6017749
28.3182275, -80.6026467
28.3204758, -80.6033893
28.3227241, -80.6040027
28.3244814, -80.6045545
28.3257478, -80.6050446
28.3268720, -80.6054730
28.3278539, -80.6058398
28.3294690, -80.6063992
28.3317173, -80.6071511
28.3339656, -80.6079013
28.3362139, -80.6086498
28.3383720, -80.6093701
28.3404400, -80.6100621
28.3415642, -80.6104366
28.3417445, -80.6104934
28.3429588, -80.6108642
28.3452071, -80.6115488
28.3474554, -80.6121932
28.3497037, -80.6127973
28.3519520, -80.6134116
28.3542003, -80.6140362
28.3562810, -80.6146430
28.3581941, -80.6152322
28.3593183, -80.6155734
28.3596535, -80.6156667
28.3609452, -80.6159596
28.3631935, -80.6164519
28.3654418, -80.6169118
28.3676902, -80.6173393
28.3699385, -80.6177207
28.3721868, -80.6180562
28.3744351, -80.6183268
28.3766834, -80.6185323
28.3789317, -80.6186353
28.3811800, -80.6186356
28.3834283, -80.6184399
28.3856766, -80.6180481
28.3878605, -80.6172709
28.3899799, -80.6161081
28.3911040, -80.6146014
28.3912329, -80.6127508
28.3913100, -80.6114712
28.3913354, -80.6107625
28.3913354, -80.6103843
28.3913100, -80.6103366
28.3907085, -80.6090570
28.3895308, -80.6065454
28.3884067, -80.6045010
28.3873361, -80.6029238
28.3864958, -80.6016442
28.3858860, -80.6006621
28.3847618, -80.5991150
28.3831234, -80.5970030
28.3821406, -80.5957233
28.3818135, -80.5952761
28.3806894, -80.5939189
28.3787681, -80.5916515
28.3776881, -80.5903719
28.3774493, -80.5900800
28.3763251, -80.5888229
28.3743157, -80.5866007
28.3731622, -80.5853210
28.3728649, -80.5849840
28.3717407, -80.5837730
28.3697898, -80.5816882
28.3685916, -80.5804085
28.3681462, -80.5799341
28.3670221, -80.5787858
28.3652192, -80.5769637
28.3639494, -80.5756840
28.3632127, -80.5749469
28.3620885, -80.5738393
28.3605769, -80.5723611
28.3592648, -80.5710815
28.3581524, -80.5700004
28.3570282, -80.5689034
28.3558924, -80.5677907
28.3545802, -80.5665111
28.3530917, -80.5650645
28.3519675, -80.5639776
28.3512078, -80.5632504
28.3498212, -80.5619707
28.3478079, -80.5601387
28.3466837, -80.5591142
28.3464488, -80.5588973
28.3452071, -80.5577907
28.3429588, -80.5557944
28.3416337, -80.5546233
28.3412316, -80.5542772
28.3401075, -80.5532957
28.3382612, -80.5516788
28.3367889, -80.5503991
28.3356907, -80.5494568
28.3351416, -80.5489856
End:
Color: 245 245 245
Line: 2, 0, "KSC 54-ft Barnes Wind Analysis\nZero divergence contour\nDerived from KSC 54-ft tower winds"
28.4190742, -80.8765726
28.4196310, -80.8752930
28.4207445, -80.8727337
28.4216694, -80.8709707
28.4224055, -80.8700040
28.4230464, -80.8687244
28.4235920, -80.8671318
28.4243918, -80.8650559
28.4254458, -80.8624966
28.4262971, -80.8606981
28.4269459, -80.8596605
28.4276938, -80.8583808
28.4285410, -80.8568592
28.4295453, -80.8548188
28.4307066, -80.8522595
28.4314072, -80.8506087
28.4316469, -80.8498663
28.4319905, -80.8485866
28.4324379, -80.8467698
28.4331400, -80.8445817
28.4340968, -80.8420224
28.4349972, -80.8399949
28.4358414, -80.8384992
28.4364930, -80.8372195
28.4369522, -80.8361560
28.4375332, -80.8343446
28.4382358, -80.8317853
28.4390232, -80.8292260
28.4398955, -80.8266668
28.4404387, -80.8251227
28.4406529, -80.8245939
28.4411078, -80.8233143
28.4418033, -80.8212838
28.4426529, -80.8189890
28.4436567, -80.8164297
28.4444331, -80.8144988
28.4449821, -80.8131962
28.4455010, -80.8119166
28.4459898, -80.8106599
28.4467772, -80.8087519
28.4478633, -80.8061926
28.4487431, -80.8042466
28.4494165, -80.8029140
28.4500951, -80.8016343
28.4507788, -80.8004077
28.4519029, -80.7986328
28.4534675, -80.7963095
28.4543736, -80.7950298
28.4546212, -80.7947938
28.4557453, -80.7938946
28.4577461, -80.7923320
28.4598706, -80.7914377
28.4621189, -80.7912116
28.4643672, -80.7917915
28.4666155, -80.7931774
28.4679001, -80.7940718
28.4682211, -80.7944745
28.4692268, -80.7959555
28.4709172, -80.7985148
28.4718809, -80.8000144
28.4721178, -80.8004543
28.4726718, -80.8017340
28.4735427, -80.8038533
28.4743924, -80.8061926
28.4752209, -80.8087519
28.4759096, -80.8110540
28.4764585, -80.8130989
28.4768010, -80.8143786
28.4769371, -80.8148929
28.4772986, -80.8164297
28.4778854, -80.8189890
28.4784178, -80.8215482
28.4788959, -80.8241075
28.4793411, -80.8266668
28.4797534, -80.8292260
28.4801403, -80.8317853
28.4805017, -80.8343446
28.4808146, -80.8369039
28.4810790, -80.8394631
28.4812158, -80.8407868
28.4812249, -80.8408748
28.4813817, -80.8421544
28.4816860, -80.8446257
28.4820150, -80.8471410
28.4823687, -80.8497002
28.4826414, -80.8522595
28.4828332, -80.8548188
28.4831291, -80.8573781
28.4835292, -80.8599373
28.4839146, -80.8624966
28.4842855, -80.8650559
28.4845768, -80.8676151
28.4847887, -80.8701744
28.4850965, -80.8727337
28.4855004, -80.8752930
28.4857023, -80.8765726
End:
Color: 245 245 245
Line: 2, 0, "KSC 54-ft Barnes Wind Analysis\nZero divergence contour\nDerived from KSC 54-ft tower winds"
28.4865294, -80.8816912
28.4857261, -80.8767651
End:
Color: 245 245 245
Line: 2, 0, "KSC 54-ft Barnes Wind Analysis\nZero divergence contour\nDerived from KSC 54-ft tower winds"
28.5869006, -80.4773260
28.5863383, -80.4785778
28.5852138, -80.4810814
28.5846386, -80.4823610
28.5846127, -80.4824167
28.5839726, -80.4837241
28.5827183, -80.4862834
28.5816071, -80.4886455
28.5806389, -80.4908105
28.5800646, -80.4920901
28.5798839, -80.4924844
28.5791766, -80.4939612
28.5779426, -80.4965205
28.5769088, -80.4986838
28.5760751, -80.5004510
28.5754629, -80.5017306
28.5750720, -80.5025227
28.5742694, -80.5041983
28.5730551, -80.5067576
28.5721264, -80.5087380
28.5714832, -80.5101395
28.5708847, -80.5114191
28.5703308, -80.5125769
28.5694551, -80.5144354
28.5682576, -80.5169947
28.5674104, -80.5188160
28.5669135, -80.5198993
28.5663134, -80.5211790
28.5656101, -80.5226549
28.5646662, -80.5246725
28.5634817, -80.5272318
28.5627092, -80.5289125
28.5623487, -80.5297146
28.5617605, -80.5309943
28.5609445, -80.5327514
28.5599376, -80.5349096
28.5587397, -80.5374689
28.5580236, -80.5390007
28.5577891, -80.5395051
28.5571808, -80.5407847
28.5561987, -80.5428396
28.5551175, -80.5451467
28.5539371, -80.5477060
28.5533040, -80.5490768
28.5532181, -80.5492592
28.5525981, -80.5505388
28.5514439, -80.5529157
28.5503197, -80.5552642
28.5492257, -80.5575844
28.5486204, -80.5588640
28.5485041, -80.5591031
28.5478075, -80.5605023
28.5465307, -80.5630616
28.5454647, -80.5652071
28.5446096, -80.5669389
28.5439691, -80.5682185
28.5435434, -80.5690460
28.5426618, -80.5707394
28.5413243, -80.5732987
28.5404130, -80.5750380
28.5399279, -80.5759574
28.5392251, -80.5772370
28.5383044, -80.5788769
28.5371802, -80.5808638
28.5358526, -80.5831975
28.5351192, -80.5844771
28.5349800, -80.5847027
28.5340994, -80.5860951
28.5324773, -80.5886544
28.5314227, -80.5903138
28.5309357, -80.5910735
28.5300332, -80.5923531
28.5287152, -80.5941527
28.5275911, -80.5956775
28.5266608, -80.5969274
28.5256139, -80.5982070
28.5244504, -80.5995164
28.5233263, -80.6007759
28.5222414, -80.6019856
28.5209344, -80.6032652
28.5194052, -80.6046148
28.5182811, -80.6056109
28.5175619, -80.6062533
28.5160782, -80.6073329
28.5138299, -80.6088495
28.5123091, -80.6098079
28.5115159, -80.6102081
28.5103917, -80.6107913
28.5089367, -80.6115575
28.5070850, -80.6123691
28.5048367, -80.6132262
28.5025884, -80.6139706
28.5003401, -80.6146026
28.4985434, -80.6150706
28.4971984, -80.6153747
28.4960742, -80.6156392
28.4951710, -80.6158641
28.4935952, -80.6162194
28.4913469, -80.6167053
28.4890986, -80.6171780
28.4868503, -80.6176378
28.4846020, -80.6181068
28.4823537, -80.6185851
28.4801054, -80.6190877
28.4778571, -80.6196147
28.4759929, -80.6200700
28.4745128, -80.6204535
28.4733887, -80.6207625
28.4726204, -80.6209968
28.4711121, -80.6214883
28.4688638, -80.6222369
28.4666155, -80.6230277
28.4643672, -80.6238608
28.4623120, -80.6246490
28.4604499, -80.6253922
28.4593258, -80.6258689
28.4589396, -80.6260791
28.4576223, -80.6268149
28.4553740, -80.6280764
28.4533808, -80.6292510
28.4516426, -80.6303386
28.4505184, -80.6312158
28.4500083, -80.6318827
28.4491102, -80.6331624
28.4478241, -80.6350547
28.4472595, -80.6372805
28.4474163, -80.6398398
28.4480593, -80.6421402
28.4491886, -80.6441818
28.4498759, -80.6454614
28.4501212, -80.6459791
28.4512453, -80.6473860
28.4532483, -80.6496820
28.4543604, -80.6509616
28.4545813, -80.6512249
28.4557055, -80.6521981
28.4577328, -80.6538811
28.4593032, -80.6551608
28.4604167, -80.6560370
28.4615409, -80.6568325
28.4626757, -80.6575472
28.4643672, -80.6585134
28.4666155, -80.6597311
28.4684586, -80.6606533
28.4698965, -80.6612802
28.4710206, -80.6617489
28.4718311, -80.6620593
28.4733604, -80.6625332
28.4756087, -80.6631705
28.4778571, -80.6636999
28.4801054, -80.6641213
28.4823537, -80.6644449
28.4846020, -80.6646705
28.4868503, -80.6648112
28.4890986, -80.6648669
28.4913469, -80.6648510
28.4935952, -80.6647634
28.4958435, -80.6646172
28.4980918, -80.6644121
28.5003401, -80.6641605
28.5025884, -80.6638623
28.5048367, -80.6635294
28.5070850, -80.6631618
28.5093333, -80.6627717
28.5115816, -80.6623593
28.5134477, -80.6620133
28.5149317, -80.6617335
28.5160558, -80.6615150
28.5168202, -80.6613578
28.5183265, -80.6610657
28.5205748, -80.6606387
28.5228231, -80.6602452
28.5250714, -80.6598852
28.5273197, -80.6595806
28.5295680, -80.6593313
28.5318163, -80.6591601
28.5340647, -80.6590670
28.5363130, -80.6590733
28.5385613, -80.6591791
28.5408096, -80.6594024
28.5430579, -80.6597431
28.5453062, -80.6602139
28.5475545, -80.6608148
28.5489902, -80.6612349
28.5496135, -80.6614741
28.5507376, -80.6619320
28.5523627, -80.6626086
28.5542994, -80.6635639
28.5565477, -80.6647978
28.5581583, -80.6657391
28.5591313, -80.6663878
28.5602554, -80.6671586
28.5615308, -80.6680515
28.5631889, -80.6693311
28.5652298, -80.6709975
28.5663540, -80.6719153
28.5665614, -80.6720843
28.5677892, -80.6731903
28.5700375, -80.6752332
28.5713377, -80.6764284
28.5716899, -80.6767756
28.5728141, -80.6778592
28.5747102, -80.6796791
28.5760147, -80.6809587
28.5767275, -80.6816981
28.5778517, -80.6828270
28.5793872, -80.6843454
28.5806414, -80.6856250
28.5816145, -80.6866659
28.5827386, -80.6878329
28.5840139, -80.6891260
28.5852258, -80.6904056
28.5863743, -80.6916718
28.5874984, -80.6928831
28.5885982, -80.6940394
28.5897594, -80.6953191
28.5909821, -80.6967220
28.5921063, -80.6979932
28.5931319, -80.6991326
28.5942315, -80.7004122
28.5954050, -80.7018321
28.5965291, -80.7031851
28.5976039, -80.7044714
28.5986348, -80.7057510
28.5996218, -80.7070240
28.6007459, -80.7084853
28.6020073, -80.7101347
28.6029671, -80.7114143
28.6036254, -80.7123242
28.6047495, -80.7139207
28.6063395, -80.7162039
28.6072279, -80.7174835
28.6074147, -80.7177596
28.6083513, -80.7191773
28.6100377, -80.7217366
28.6110684, -80.7233223
28.6114436, -80.7239345
28.6122386, -80.7252141
28.6134536, -80.7271612
28.6145778, -80.7290521
28.6156111, -80.7308869
28.6163412, -80.7321665
28.6167682, -80.7328910
28.6176791, -80.7345329
28.6190738, -80.7370922
28.6199845, -80.7388127
28.6204111, -80.7396944
28.6210653, -80.7409740
28.6219471, -80.7426516
28.6229987, -80.7447700
28.6242202, -80.7473293
28.6249035, -80.7487775
28.6250485, -80.7491145
28.6256458, -80.7503941
28.6266955, -80.7526164
28.6277517, -80.7550071
28.6288145, -80.7575664
28.6294138, -80.7590214
28.6295497, -80.7593723
28.6300979, -80.7606519
28.6310584, -80.7628604
28.6320391, -80.7652442
28.6330398, -80.7678035
28.6336837, -80.7694826
28.6339707, -80.7702816
28.6344546, -80.7715613
28.6351356, -80.7733215
28.6359306, -80.7754813
28.6368397, -80.7780406
28.6376234, -80.7803068
28.6382817, -80.7822798
28.6387164, -80.7835595
28.6389277, -80.7841457
28.6394606, -80.7857184
28.6403149, -80.7882777
28.6411964, -80.7908369
28.6421050, -80.7933962
28.6426964, -80.7950983
28.6429704, -80.7959431
28.6434004, -80.7972227
28.6439863, -80.7989372
28.6446763, -80.8010740
28.6454702, -80.8036333
28.6462938, -80.8061926
28.6471472, -80.8087519
28.6475814, -80.8100565
28.6475965, -80.8101064
28.6480175, -80.8113861
28.6488444, -80.8138954
28.6496618, -80.8164297
28.6504698, -80.8189890
28.6511805, -80.8214905
28.6517939, -80.8239342
28.6521156, -80.8252138
28.6521457, -80.8253294
28.6525399, -80.8266668
28.6532983, -80.8292260
28.6541582, -80.8317853
28.6551195, -80.8343446
28.6558495, -80.8365013
28.6563480, -80.8382554
28.6567225, -80.8395350
28.6569732, -80.8403402
28.6574896, -80.8420224
28.6582716, -80.8445817
28.6590437, -80.8471410
28.6598058, -80.8497002
28.6604136, -80.8518239
28.6608671, -80.8535120
28.6612177, -80.8547917
28.6614656, -80.8556628
28.6619657, -80.8573781
28.6627181, -80.8599373
28.6630943, -80.8612170
End:
Color: 155 240 235
Line: 1, 0, "KSC 54-ft Barnes Wind Analysis\nDivergence: 1.0 x 10^-4 s^-1\nCool colors = divergence\nDerived from KSC 54-ft tower winds"
28.3058618, -80.7650345
28.3069859, -80.7650207
28.3092342, -80.7649932
28.3114826, -80.7651210
28.3137309, -80.7654040
28.3159792, -80.7655601
28.3182275, -80.7655892
28.3204758, -80.7656518
28.3227241, -80.7657479
28.3249724, -80.7657103
28.3272207, -80.7655392
28.3294690, -80.7654427
28.3317173, -80.7654208
28.3339656, -80.7654571
28.3362139, -80.7655516
28.3384622, -80.7655054
28.3407105, -80.7653185
28.3429588, -80.7653272
28.3452071, -80.7655315
28.3474554, -80.7656575
28.3497037, -80.7657051
28.3519520, -80.7656139
28.3542003, -80.7653837
28.3564486, -80.7652785
28.3586969, -80.7652980
28.3609452, -80.7653472
28.3631935, -80.7654261
28.3654418, -80.7654971
28.3676902, -80.7655604
28.3699385, -80.7656303
28.3721868, -80.7657068
28.3744351, -80.7657715
28.3766834, -80.7658244
28.3789317, -80.7658339
28.3811800, -80.7658003
28.3834283, -80.7658428
28.3856766, -80.7659614
28.3879249, -80.7661104
28.3901732, -80.7662896
28.3924215, -80.7663961
28.3946698, -80.7664300
28.3969181, -80.7664583
28.3991664, -80.7664810
28.4014147, -80.7665433
28.4036630, -80.7666452
28.4059113, -80.7667534
28.4081596, -80.7668679
28.4104079, -80.7670031
28.4126562, -80.7671592
28.4149045, -80.7672429
28.4171528, -80.7672542
28.4194011, -80.7672528
28.4216495, -80.7672387
28.4238978, -80.7671927
28.4261461, -80.7671147
28.4283944, -80.7669831
28.4306427, -80.7667980
28.4328910, -80.7665568
28.4351393, -80.7662596
28.4373876, -80.7659212
28.4396359, -80.7655415
28.4418842, -80.7651568
28.4441325, -80.7647672
28.4463808, -80.7644262
28.4486291, -80.7641338
28.4499089, -80.7639819
28.4502203, -80.7639703
28.4513445, -80.7639344
28.4532814, -80.7638741
28.4545166, -80.7638741
28.4550502, -80.7639344
28.4561743, -80.7640560
28.4578891, -80.7642389
28.4598706, -80.7646538
28.4621189, -80.7653007
28.4643672, -80.7661788
28.4666155, -80.7672882
28.4681834, -80.7681530
28.4690709, -80.7687731
28.4701951, -80.7695835
28.4715559, -80.7705844
28.4731170, -80.7718640
28.4748785, -80.7734225
28.4760027, -80.7744434
28.4764895, -80.7749270
28.4777371, -80.7762066
28.4797456, -80.7782824
28.4808698, -80.7794654
28.4811096, -80.7797556
28.4822531, -80.7810353
28.4843003, -80.7833043
28.4854245, -80.7845725
28.4856256, -80.7848401
28.4867671, -80.7861197
28.4888492, -80.7884115
28.4899734, -80.7896682
28.4901396, -80.7898899
28.4913469, -80.7911609
28.4935952, -80.7934811
28.4947305, -80.7946499
28.4947529, -80.7946672
28.4958770, -80.7957148
28.4981030, -80.7977926
28.4995579, -80.7990722
28.5002418, -80.7995537
28.5013660, -80.8004702
28.5029304, -80.8018219
28.5046076, -80.8031015
28.5063977, -80.8043091
28.5075219, -80.8050949
28.5079801, -80.8054588
28.5093333, -80.8063704
28.5115816, -80.8078297
28.5133476, -80.8089274
28.5146313, -80.8096635
28.5157555, -80.8103507
28.5167201, -80.8109890
28.5183265, -80.8120047
28.5205748, -80.8133975
28.5221113, -80.8143580
28.5229360, -80.8148860
28.5240601, -80.8156863
28.5254838, -80.8167587
28.5271260, -80.8180383
28.5289869, -80.8195252
28.5301110, -80.8204477
28.5304985, -80.8208059
28.5317415, -80.8220855
28.5338401, -80.8242866
28.5349643, -80.8254714
28.5351140, -80.8256400
28.5360625, -80.8269196
28.5378099, -80.8293103
28.5389340, -80.8308695
28.5394349, -80.8315972
28.5402808, -80.8328768
28.5414716, -80.8347084
28.5425957, -80.8366089
28.5436533, -80.8385782
28.5443230, -80.8398579
28.5446048, -80.8404478
28.5453833, -80.8420224
28.5466583, -80.8445817
28.5476415, -80.8466026
28.5483329, -80.8480851
28.5489015, -80.8493648
28.5493472, -80.8504415
28.5501597, -80.8522595
28.5513388, -80.8548188
28.5522401, -80.8571892
28.5528635, -80.8593708
28.5532150, -80.8606504
28.5532946, -80.8610281
28.5537241, -80.8624966
28.5545036, -80.8650559
28.5553178, -80.8676151
28.5561667, -80.8701744
28.5568193, -80.8727337
28.5572756, -80.8752930
28.5575458, -80.8767148
28.5576298, -80.8769993
28.5580767, -80.8782789
28.5588865, -80.8805537
28.5592913, -80.8816912
End:
Color: 155 240 235
Line: 1, 0, "KSC 54-ft Barnes Wind Analysis\nDivergence: 1.0 x 10^-4 s^-1\nCool colors = divergence\nDerived from KSC 54-ft tower winds"
28.3058618, -80.6639485
28.3069859, -80.6639430
28.3092342, -80.6639320
28.3114826, -80.6639453
28.3137309, -80.6639827
28.3159792, -80.6640429
28.3182275, -80.6641259
28.3204758, -80.6641901
28.3227241, -80.6642354
28.3249724, -80.6642823
28.3272207, -80.6643307
28.3294690, -80.6643807
28.3317173, -80.6644323
28.3339656, -80.6644853
28.3362139, -80.6645398
28.3384622, -80.6645956
28.3407105, -80.6646528
28.3429588, -80.6647113
28.3452071, -80.6647711
28.3474554, -80.6648131
28.3497037, -80.6648375
28.3519520, -80.6648744
28.3542003, -80.6649237
28.3564486, -80.6649962
28.3586969, -80.6650918
28.3609452, -80.6651769
28.3631935, -80.6652517
28.3654418, -80.6653231
28.3676902, -80.6653912
28.3699385, -80.6654578
28.3721868, -80.6655228
28.3744351, -80.6655928
28.3766834, -80.6656676
28.3789317, -80.6657490
28.3811800, -80.6658367
28.3834283, -80.6659278
28.3856766, -80.6660222
28.3879249, -80.6661260
28.3901732, -80.6662390
28.3924215, -80.6663662
28.3946698, -80.6665076
28.3962160, -80.6666118
28.3970602, -80.6666787
28.3981844, -80.6667614
28.3995885, -80.6668598
28.4014147, -80.6670154
28.4036630, -80.6672283
28.4059113, -80.6674829
28.4081596, -80.6677794
28.4104079, -80.6681281
28.4126562, -80.6685290
28.4149045, -80.6689966
28.4171528, -80.6695309
28.4194011, -80.6701489
28.4216495, -80.6708506
28.4231792, -80.6713588
28.4239904, -80.6716734
28.4251145, -80.6721014
28.4265516, -80.6726427
28.4283944, -80.6734351
28.4306427, -80.6744788
28.4326495, -80.6754878
28.4344148, -80.6764621
28.4355390, -80.6770829
28.4360219, -80.6773500
28.4373876, -80.6781736
28.4396359, -80.6795536
28.4414497, -80.6806996
28.4428289, -80.6816118
28.4439530, -80.6823592
28.4448221, -80.6829421
28.4463808, -80.6840012
28.4486291, -80.6855365
28.4500904, -80.6865247
28.4507647, -80.6869658
28.4518889, -80.6877045
28.4534629, -80.6887409
28.4553740, -80.6899316
28.4576223, -80.6912767
28.4589180, -80.6920381
28.4592610, -80.6922160
28.4603852, -80.6927922
28.4622904, -80.6937668
28.4643672, -80.6947260
28.4666155, -80.6956698
28.4687233, -80.6964621
28.4706905, -80.6971030
28.4718146, -80.6974674
28.4720957, -80.6975552
28.4733604, -80.6978557
28.4756087, -80.6983691
28.4778571, -80.6988006
28.4801054, -80.6991504
28.4823537, -80.6994366
28.4846020, -80.6996592
28.4868503, -80.6998356
28.4890986, -80.6999658
28.4913469, -80.7000645
28.4935952, -80.7001318
28.4958435, -80.7001795
28.4980918, -80.7002074
28.5003401, -80.7002249
28.5025884, -80.7002318
28.5048367, -80.7002352
28.5070850, -80.7002353
28.5093333, -80.7002379
28.5115816, -80.7002429
28.5138299, -80.7002560
28.5160782, -80.7002770
28.5183265, -80.7003117
28.5205748, -80.7003600
28.5228231, -80.7004283
28.5250714, -80.7005166
28.5273197, -80.7006325
28.5295680, -80.7007759
28.5318163, -80.7009559
28.5340647, -80.7011725
28.5363130, -80.7014366
28.5385613, -80.7017481
28.5405173, -80.7020633
28.5421810, -80.7023825
28.5433051, -80.7025903
28.5438897, -80.7026869
28.5453062, -80.7029814
28.5475545, -80.7034740
28.5498028, -80.7040400
28.5520511, -80.7046792
28.5542994, -80.7054085
28.5565477, -80.7062276
28.5582345, -80.7068930
28.5593597, -80.7074047
28.5604838, -80.7078845
28.5616069, -80.7083322
28.5632926, -80.7091066
28.5655409, -80.7102076
28.5675006, -80.7112633
28.5691718, -80.7122738
28.5702959, -80.7129376
28.5708731, -80.7132547
28.5722858, -80.7141525
28.5745341, -80.7156309
28.5761430, -80.7167520
28.5771123, -80.7175158
28.5782365, -80.7183797
28.5795154, -80.7193439
28.5810380, -80.7206235
28.5828042, -80.7222186
28.5839283, -80.7232341
28.5844104, -80.7236698
28.5856596, -80.7249495
28.5876758, -80.7270730
28.5888000, -80.7282633
28.5890321, -80.7285205
28.5900746, -80.7298002
28.5919277, -80.7321023
28.5930518, -80.7335252
28.5934471, -80.7340691
28.5943305, -80.7353488
28.5957022, -80.7373641
28.5968264, -80.7391196
28.5977030, -80.7406151
28.5984497, -80.7418947
28.5990665, -80.7429585
28.6000137, -80.7447700
28.6012911, -80.7473293
28.6021068, -80.7490187
28.6024609, -80.7498382
28.6030352, -80.7511179
28.6038297, -80.7528576
28.6047195, -80.7550071
28.6057044, -80.7575664
28.6064313, -80.7595411
28.6069001, -80.7609313
28.6073552, -80.7622109
28.6077964, -80.7633800
28.6084410, -80.7652442
28.6092890, -80.7678035
28.6100790, -80.7703628
28.6108111, -80.7729220
28.6112906, -80.7746328
28.6115176, -80.7754950
28.6118911, -80.7767746
28.6124111, -80.7784717
28.6130273, -80.7805999
28.6137396, -80.7831591
28.6144152, -80.7857184
28.6150541, -80.7882777
28.6155621, -80.7903673
28.6159392, -80.7919873
28.6162584, -80.7932669
28.6165196, -80.7942062
28.6169875, -80.7959555
28.6176620, -80.7985148
28.6183035, -80.8010740
28.6189120, -80.8036333
28.6194831, -80.8061926
28.6200169, -80.8087519
28.6203689, -80.8104359
28.6205392, -80.8112447
28.6208519, -80.8125244
28.6213071, -80.8142748
28.6218452, -80.8164297
28.6224661, -80.8189890
28.6230724, -80.8215482
28.6236642, -80.8241075
28.6242258, -80.8266668
28.6247571, -80.8292260
28.6250473, -80.8306267
28.6250964, -80.8308687
28.6254030, -80.8321483
28.6259671, -80.8344656
28.6265199, -80.8369039
28.6270616, -80.8394631
28.6276244, -80.8420224
28.6282085, -80.8445817
28.6287642, -80.8471410
28.6292914, -80.8497002
28.6295707, -80.8510601
28.6296019, -80.8512204
28.6298989, -80.8525001
28.6304615, -80.8548990
28.6310246, -80.8573781
28.6315882, -80.8599373
28.6318700, -80.8612170
End:
Color: 155 240 235
Line: 1, 0, "KSC 54-ft Barnes Wind Analysis\nDivergence: 1.0 x 10^-4 s^-1\nCool colors = divergence\nDerived from KSC 54-ft tower winds"
28.5351888, -80.4498211
28.5348449, -80.4502991
28.5341571, -80.4512552
28.5330329, -80.4524015
28.5314724, -80.4537379
28.5301836, -80.4550175
28.5291663, -80.4562404
28.5280422, -80.4574526
28.5268111, -80.4586543
28.5256330, -80.4599339
28.5245078, -80.4612915
28.5233836, -80.4625646
28.5222605, -80.4637531
28.5211096, -80.4650328
28.5199307, -80.4664035
28.5188066, -80.4676667
28.5177371, -80.4688225
28.5166079, -80.4701021
28.5154190, -80.4715056
28.5142948, -80.4727897
28.5132355, -80.4739544
28.5121254, -80.4752340
28.5109648, -80.4766286
28.5098406, -80.4779343
28.5087530, -80.4791511
28.5076497, -80.4804307
28.5065307, -80.4817732
28.5054065, -80.4830668
28.5042772, -80.4843113
28.5031485, -80.4855909
28.5020205, -80.4869057
28.5008964, -80.4881968
28.4997761, -80.4894642
28.4986579, -80.4907439
28.4975419, -80.4920357
28.4964177, -80.4934030
28.4952855, -80.4948458
28.4943079, -80.4961254
28.4934850, -80.4972419
28.4923608, -80.4987247
28.4909354, -80.5005737
28.4899535, -80.5018534
28.4894150, -80.5025636
28.4882908, -80.5041181
28.4865810, -80.5065171
28.4856694, -80.5077967
28.4855558, -80.5079571
28.4846659, -80.5093169
28.4829996, -80.5118761
28.4819322, -80.5135578
28.4814637, -80.5143618
28.4807211, -80.5156414
28.4797043, -80.5173967
28.4785802, -80.5195217
28.4773487, -80.5220163
28.4767168, -80.5232960
28.4766846, -80.5233606
28.4761259, -80.5246725
28.4750407, -80.5272318
28.4740788, -80.5297911
28.4732402, -80.5323503
28.4726747, -80.5341862
28.4723824, -80.5352988
28.4720433, -80.5365784
28.4716574, -80.5380252
28.4712283, -80.5400282
28.4707560, -80.5425874
28.4703735, -80.5451467
28.4700809, -80.5477060
28.4699101, -80.5502652
28.4698611, -80.5528245
28.4699291, -80.5553838
28.4701141, -80.5579431
28.4704421, -80.5605023
28.4709131, -80.5630616
28.4714206, -80.5651678
28.4719644, -80.5668208
28.4723881, -80.5681004
28.4726918, -80.5690067
28.4735729, -80.5707394
28.4750314, -80.5732987
28.4760037, -80.5748562
28.4764898, -80.5754120
28.4777916, -80.5766916
28.4799090, -80.5786951
28.4810332, -80.5797393
28.4811641, -80.5798240
28.4823537, -80.5804133
28.4846020, -80.5815071
28.4868503, -80.5823568
28.4890986, -80.5829623
28.4913469, -80.5833305
28.4935952, -80.5834612
28.4958435, -80.5833477
28.4980918, -80.5829899
28.5003401, -80.5823951
28.5025884, -80.5815632
28.5043292, -80.5807847
28.5055625, -80.5800595
28.5066867, -80.5793530
28.5077017, -80.5786653
28.5092294, -80.5773856
28.5112698, -80.5755141
28.5123940, -80.5744679
28.5126018, -80.5742469
28.5135913, -80.5729672
28.5153623, -80.5706289
28.5164865, -80.5690981
28.5169637, -80.5683747
28.5177246, -80.5670951
28.5187690, -80.5652592
28.5198932, -80.5631564
28.5210970, -80.5607867
28.5217427, -80.5595071
28.5218302, -80.5593175
28.5223871, -80.5579431
28.5234135, -80.5553838
28.5244015, -80.5528245
28.5253512, -80.5502652
28.5259184, -80.5487052
28.5261032, -80.5481443
28.5265072, -80.5468647
28.5271303, -80.5448663
28.5278132, -80.5425874
28.5285559, -80.5400282
28.5292834, -80.5374689
28.5299957, -80.5349096
28.5304369, -80.5332968
28.5306071, -80.5326304
28.5309263, -80.5313508
28.5313944, -80.5294579
28.5319255, -80.5272318
28.5325195, -80.5246725
28.5331098, -80.5221132
28.5336963, -80.5195540
28.5342894, -80.5171030
28.5348890, -80.5147605
28.5352158, -80.5134808
28.5352698, -80.5132641
28.5355595, -80.5118761
28.5360851, -80.5093169
28.5366200, -80.5067576
28.5371642, -80.5041983
28.5377190, -80.5016391
28.5382845, -80.4990798
28.5388468, -80.4966979
28.5394059, -80.4944933
28.5397286, -80.4932137
28.5398150, -80.4928590
28.5400939, -80.4914020
28.5405653, -80.4888427
28.5410481, -80.4862834
28.5415423, -80.4837241
28.5420836, -80.4811649
28.5426721, -80.4786056
28.5432623, -80.4760463
28.5438541, -80.4734870
28.5441580, -80.4721685
28.5441740, -80.4720906
28.5444104, -80.4708110
28.5448671, -80.4683296
28.5453234, -80.4658092
28.5457793, -80.4632500
28.5462234, -80.4606907
28.5466557, -80.4581314
28.5470603, -80.4555721
28.5474374, -80.4530129
28.5476259, -80.4517332
End:
Color: 75 225 235
Line: 2, 0, "KSC 54-ft Barnes Wind Analysis\nDivergence: 2.0 x 10^-4 s^-1\nCool colors = divergence\nDerived from KSC 54-ft tower winds"
28.3103584, -80.7381589
28.3114826, -80.7381887
28.3137309, -80.7382485
28.3159792, -80.7382348
28.3182275, -80.7381476
28.3204758, -80.7380110
28.3227241, -80.7378248
28.3249724, -80.7377294
28.3272207, -80.7377247
28.3294690, -80.7376849
28.3317173, -80.7376101
28.3339656, -80.7374901
28.3362139, -80.7373250
28.3384622, -80.7371992
28.3407105, -80.7371129
28.3429588, -80.7370257
28.3452071, -80.7369376
28.3474554, -80.7368486
28.3497037, -80.7367587
28.3519520, -80.7366678
28.3542003, -80.7365759
28.3564486, -80.7364983
28.3586969, -80.7364348
28.3609452, -80.7363661
28.3631935, -80.7362919
28.3654418, -80.7361938
28.3676902, -80.7360717
28.3699385, -80.7359635
28.3721868, -80.7358694
28.3744351, -80.7357757
28.3766834, -80.7356825
28.3789317, -80.7355883
28.3811800, -80.7354931
28.3834283, -80.7353994
28.3856766, -80.7353071
28.3879249, -80.7352176
28.3901732, -80.7351308
28.3924215, -80.7350449
28.3946698, -80.7349600
28.3969181, -80.7348737
28.3991664, -80.7347859
28.4014147, -80.7347108
28.4036630, -80.7346484
28.4059113, -80.7345885
28.4081596, -80.7345311
28.4104079, -80.7344727
28.4126562, -80.7344132
28.4149045, -80.7343635
28.4171528, -80.7343237
28.4194011, -80.7342879
28.4216495, -80.7342560
28.4238978, -80.7342255
28.4261461, -80.7341962
28.4283944, -80.7341634
28.4306427, -80.7341269
28.4328910, -80.7340793
28.4351393, -80.7340205
28.4373876, -80.7339407
28.4396359, -80.7338398
28.4418842, -80.7337072
28.4441325, -80.7335429
28.4457974, -80.7334089
28.4468790, -80.7333052
28.4480031, -80.7330721
28.4491699, -80.7327096
28.4507356, -80.7314300
28.4527004, -80.7292332
28.4528417, -80.7268551
28.4511597, -80.7242958
28.4501773, -80.7228863
28.4498946, -80.7226264
28.4488969, -80.7213468
28.4471841, -80.7190474
28.4460599, -80.7176270
28.4455244, -80.7170857
28.4444637, -80.7158060
28.4428778, -80.7137881
28.4417536, -80.7124424
28.4410912, -80.7117689
28.4399444, -80.7104893
28.4383132, -80.7086035
28.4371890, -80.7073667
28.4365720, -80.7067789
28.4352714, -80.7054993
28.4332872, -80.7035278
28.4321631, -80.7024310
28.4318989, -80.7022089
28.4306427, -80.7011854
28.4283944, -80.6993603
28.4269339, -80.6981917
28.4262611, -80.6976795
28.4251370, -80.6969141
28.4235614, -80.6958954
28.4216495, -80.6947580
28.4194011, -80.6935021
28.4179811, -80.6927319
28.4173894, -80.6924472
28.4162653, -80.6919498
28.4146087, -80.6912395
28.4126562, -80.6904914
28.4104079, -80.6897055
28.4081596, -80.6890033
28.4059113, -80.6883849
28.4037608, -80.6878533
28.4017081, -80.6874087
28.4005839, -80.6871659
28.4003884, -80.6871251
28.3991664, -80.6869141
28.3969181, -80.6865329
28.3946698, -80.6861958
28.3924215, -80.6859029
28.3901732, -80.6856406
28.3879249, -80.6854092
28.3856766, -80.6852031
28.3834283, -80.6850225
28.3811800, -80.6848597
28.3789317, -80.6847148
28.3766834, -80.6845874
28.3744351, -80.6844777
28.3721868, -80.6843823
28.3699385, -80.6843012
28.3676902, -80.6842246
28.3654418, -80.6841524
28.3631935, -80.6840923
28.3609452, -80.6840443
28.3586969, -80.6839945
28.3564486, -80.6839429
28.3542003, -80.6839045
28.3519520, -80.6838795
28.3497037, -80.6838690
28.3474554, -80.6838732
28.3452071, -80.6838698
28.3429588, -80.6838590
28.3407105, -80.6838515
28.3384622, -80.6838473
28.3362139, -80.6838461
28.3339656, -80.6838477
28.3317173, -80.6838520
28.3294690, -80.6838589
28.3272207, -80.6838680
28.3249724, -80.6838795
28.3227241, -80.6838931
28.3204758, -80.6839087
28.3182275, -80.6839139
28.3159792, -80.6839088
28.3137309, -80.6839180
28.3114826, -80.6839415
28.3103584, -80.6839533
End:
Color: 75 225 235
Line: 2, 0, "KSC 54-ft Barnes Wind Analysis\nDivergence: 2.0 x 10^-4 s^-1\nCool colors = divergence\nDerived from KSC 54-ft tower winds"
28.5828344, -80.8714541
28.5826062, -80.8701744
28.5821498, -80.8676151
28.5816820, -80.8650559
28.5812027, -80.8624966
28.5807825, -80.8599373
28.5804213, -80.8573781
28.5802192, -80.8559786
28.5801763, -80.8557389
28.5799168, -80.8544592
28.5794405, -80.8521397
28.5789882, -80.8497002
28.5785598, -80.8471410
28.5780977, -80.8445817
28.5776017, -80.8420224
28.5771203, -80.8394631
28.5766534, -80.8369039
28.5762296, -80.8345686
28.5758487, -80.8324573
28.5756108, -80.8311777
28.5755158, -80.8307297
28.5751972, -80.8292260
28.5746549, -80.8266668
28.5741125, -80.8241075
28.5735700, -80.8215482
28.5730141, -80.8189890
28.5724449, -80.8164297
28.5719107, -80.8140759
28.5714113, -80.8119278
28.5711045, -80.8106481
28.5709902, -80.8102370
28.5705492, -80.8087519
28.5697815, -80.8061926
28.5689845, -80.8036333
28.5681583, -80.8010740
28.5674751, -80.7990428
28.5669351, -80.7975395
28.5664321, -80.7962599
28.5659661, -80.7952039
28.5651115, -80.7933962
28.5638684, -80.7908369
28.5629772, -80.7890678
28.5624380, -80.7880887
28.5616176, -80.7868091
28.5605158, -80.7852289
28.5593916, -80.7836889
28.5582451, -80.7821890
28.5571495, -80.7809094
28.5561048, -80.7798499
28.5549806, -80.7787640
28.5537770, -80.7776515
28.5521583, -80.7763719
28.5501246, -80.7749251
28.5490004, -80.7741302
28.5487859, -80.7739874
28.5475545, -80.7733570
28.5453062, -80.7722390
28.5430579, -80.7712591
28.5408096, -80.7704172
28.5388576, -80.7697680
28.5372021, -80.7693114
28.5360780, -80.7690038
28.5354852, -80.7688452
28.5340647, -80.7685504
28.5318163, -80.7681193
28.5295680, -80.7677485
28.5273197, -80.7674380
28.5250714, -80.7671692
28.5228231, -80.7669422
28.5205748, -80.7667386
28.5183265, -80.7665585
28.5160782, -80.7663821
28.5138299, -80.7662094
28.5115816, -80.7660176
28.5093333, -80.7658066
28.5070850, -80.7655490
28.5048367, -80.7652450
28.5025884, -80.7648632
28.5003401, -80.7644036
28.4990468, -80.7641215
28.4987087, -80.7640169
28.4975845, -80.7636545
28.4956744, -80.7630344
28.4935952, -80.7622170
28.4913469, -80.7612023
28.4894233, -80.7602328
28.4878243, -80.7593083
28.4867002, -80.7586323
28.4860508, -80.7582049
28.4846020, -80.7571360
28.4823537, -80.7554255
28.4809660, -80.7543596
28.4804391, -80.7539382
28.4793150, -80.7528912
28.4775936, -80.7512186
28.4762223, -80.7499390
28.4752010, -80.7490523
28.4740768, -80.7478717
28.4728498, -80.7463971
28.4716335, -80.7451175
28.4704280, -80.7440327
28.4693038, -80.7426847
28.4682611, -80.7410734
28.4672027, -80.7397937
28.4661287, -80.7388458
28.4652929, -80.7370922
28.4646954, -80.7345329
28.4652324, -80.7329723
28.4669039, -80.7324103
28.4688638, -80.7317614
28.4711121, -80.7310257
28.4733604, -80.7303230
28.4756087, -80.7296531
28.4778155, -80.7290224
28.4799807, -80.7284306
28.4811048, -80.7281271
28.4811879, -80.7281118
28.4823537, -80.7278811
28.4846020, -80.7274351
28.4868503, -80.7270021
28.4890986, -80.7265819
28.4913469, -80.7261782
28.4935952, -80.7257908
28.4958435, -80.7254200
28.4980918, -80.7250658
28.5003401, -80.7247271
28.5025884, -80.7244039
28.5048367, -80.7240950
28.5070850, -80.7238006
28.5093333, -80.7235202
28.5115816, -80.7232539
28.5129507, -80.7230946
28.5134405, -80.7230423
28.5145646, -80.7229341
28.5163231, -80.7227698
28.5183265, -80.7225979
28.5205748, -80.7224185
28.5228231, -80.7222577
28.5250714, -80.7221153
28.5273197, -80.7219956
28.5295680, -80.7218987
28.5318163, -80.7218304
28.5340647, -80.7217906
28.5363130, -80.7217871
28.5385613, -80.7218198
28.5408096, -80.7218979
28.5430579, -80.7220214
28.5453062, -80.7222012
28.5475545, -80.7224372
28.5493614, -80.7226705
28.5507270, -80.7229010
28.5518512, -80.7230907
28.5527339, -80.7232396
28.5542994, -80.7235863
28.5565477, -80.7241308
28.5587960, -80.7247636
28.5610443, -80.7254848
28.5632926, -80.7263151
28.5655409, -80.7272546
28.5668544, -80.7278270
28.5672332, -80.7280322
28.5683573, -80.7286378
28.5702269, -80.7296438
28.5722858, -80.7309037
28.5745341, -80.7324175
28.5756822, -80.7331941
28.5757299, -80.7332336
28.5768541, -80.7341945
28.5790546, -80.7360770
28.5804824, -80.7373566
28.5811374, -80.7380334
28.5822615, -80.7392602
28.5838548, -80.7410368
28.5849521, -80.7423164
28.5855534, -80.7430991
28.5866775, -80.7446924
28.5883246, -80.7470966
28.5891958, -80.7483762
28.5892913, -80.7485314
28.5900376, -80.7498886
28.5914347, -80.7524478
28.5925111, -80.7545217
28.5932668, -80.7561101
28.5938627, -80.7573897
28.5942986, -80.7583606
28.5950181, -80.7601257
28.5960211, -80.7626849
28.5969273, -80.7651241
28.5977367, -80.7674433
28.5981831, -80.7687229
28.5982667, -80.7689631
28.5987124, -80.7703628
28.5995205, -80.7729220
28.6002870, -80.7754813
28.6010121, -80.7780406
28.6016905, -80.7805069
28.6023221, -80.7828803
28.6026632, -80.7841599
28.6027138, -80.7843458
28.6030683, -80.7857184
28.6037267, -80.7882777
28.6043632, -80.7908369
28.6049777, -80.7933962
28.6055819, -80.7959555
28.6061759, -80.7985148
28.6066383, -80.8005243
28.6069691, -80.8019842
28.6072630, -80.8032638
28.6075199, -80.8043632
28.6079366, -80.8061926
28.6085132, -80.8087519
28.6090785, -80.8113111
28.6096328, -80.8138704
28.6101773, -80.8164297
28.6107122, -80.8189890
28.6111425, -80.8210506
28.6114683, -80.8226147
28.6117403, -80.8238943
28.6119587, -80.8248895
28.6123478, -80.8266668
28.6129077, -80.8292260
28.6134507, -80.8317853
28.6139768, -80.8343446
28.6144972, -80.8369039
28.6150121, -80.8394631
28.6154840, -80.8419277
28.6159132, -80.8442975
28.6161460, -80.8455772
28.6161825, -80.8457666
28.6164916, -80.8471410
28.6170732, -80.8497002
28.6176233, -80.8522595
28.6181418, -80.8548188
28.6186496, -80.8573781
28.6191466, -80.8599373
28.6193951, -80.8612170
End:
Color: 75 225 235
Line: 1, 0, "KSC 54-ft Barnes Wind Analysis\nDivergence: 3.0 x 10^-4 s^-1\nCool colors = divergence\nDerived from KSC 54-ft tower winds"
28.3148550, -80.7217891
28.3159792, -80.7217461
28.3182275, -80.7216601
28.3204758, -80.7215358
28.3227241, -80.7213730
28.3249724, -80.7211855
28.3272207, -80.7209734
28.3294690, -80.7208006
28.3317173, -80.7206671
28.3339656, -80.7205310
28.3362139, -80.7203921
28.3384622, -80.7202500
28.3407105, -80.7201047
28.3429588, -80.7199554
28.3452071, -80.7198022
28.3474554, -80.7196442
28.3497037, -80.7194815
28.3519520, -80.7193205
28.3542003, -80.7191614
28.3564486, -80.7190034
28.3586969, -80.7188466
28.3609452, -80.7186594
28.3631935, -80.7184418
28.3653511, -80.7182241
28.3674180, -80.7180065
28.3685421, -80.7178823
28.3687236, -80.7178517
28.3699385, -80.7176353
28.3721868, -80.7172332
28.3744351, -80.7168018
28.3766834, -80.7163410
28.3789317, -80.7158402
28.3811800, -80.7152994
28.3834283, -80.7146929
28.3856766, -80.7140208
28.3874423, -80.7134583
28.3887254, -80.7130055
28.3897902, -80.7114995
28.3906368, -80.7089402
28.3899952, -80.7070989
28.3878656, -80.7059755
28.3856766, -80.7048926
28.3834283, -80.7038503
28.3818117, -80.7031323
28.3808269, -80.7027388
28.3797028, -80.7024223
28.3784393, -80.7021829
28.3766834, -80.7018914
28.3744351, -80.7015477
28.3721868, -80.7012370
28.3699385, -80.7009592
28.3676902, -80.7007085
28.3654418, -80.7004848
28.3631935, -80.7002712
28.3609452, -80.7000677
28.3586969, -80.6998923
28.3564486, -80.6997449
28.3542003, -80.6996372
28.3519520, -80.6995690
28.3497037, -80.6994962
28.3474554, -80.6994188
28.3452071, -80.6993487
28.3429588, -80.6992859
28.3407105, -80.6992323
28.3384622, -80.6991879
28.3362139, -80.6991511
28.3339656, -80.6991220
28.3317173, -80.6990994
28.3294690, -80.6990833
28.3272207, -80.6990726
28.3249724, -80.6990674
28.3227241, -80.6990668
28.3204758, -80.6990709
28.3182275, -80.6990407
28.3159792, -80.6989763
28.3148550, -80.6989441
End:
Color: 75 225 235
Line: 1, 0, "KSC 54-ft Barnes Wind Analysis\nDivergence: 3.0 x 10^-4 s^-1\nCool colors = divergence\nDerived from KSC 54-ft tower winds"
28.5939437, -80.8612170
28.5938689, -80.8608351
28.5937195, -80.8600714
28.5935182, -80.8587918
28.5932650, -80.8569962
28.5929534, -80.8548188
28.5925832, -80.8522595
28.5921835, -80.8497002
28.5917542, -80.8471410
28.5913534, -80.8445817
28.5909809, -80.8420224
28.5906120, -80.8394631
28.5902465, -80.8369039
28.5898349, -80.8346466
28.5893770, -80.8326913
28.5890963, -80.8314117
28.5889926, -80.8308077
28.5887576, -80.8292260
28.5883913, -80.8266668
28.5880067, -80.8241075
28.5876036, -80.8215482
28.5871792, -80.8189890
28.5867334, -80.8164297
28.5862435, -80.8138704
28.5857095, -80.8113111
28.5852448, -80.8092893
28.5848493, -80.8078048
28.5845521, -80.8065252
28.5843533, -80.8054504
28.5840027, -80.8036333
28.5835004, -80.8010740
28.5829361, -80.7985148
28.5823100, -80.7959555
28.5815564, -80.7933962
28.5806752, -80.7908369
28.5802147, -80.7895088
28.5801748, -80.7894119
28.5797899, -80.7881322
28.5790599, -80.7856699
28.5782050, -80.7831591
28.5772249, -80.7805999
28.5764658, -80.7787808
28.5759274, -80.7777021
28.5753357, -80.7764225
28.5746907, -80.7749419
28.5737001, -80.7729220
28.5723641, -80.7703628
28.5715625, -80.7688429
28.5712953, -80.7683626
28.5705838, -80.7670829
28.5694280, -80.7650040
28.5683039, -80.7630178
28.5672113, -80.7611242
28.5664448, -80.7598446
28.5660042, -80.7591789
28.5652105, -80.7575664
28.5640637, -80.7550071
28.5640738, -80.7524478
28.5652410, -80.7498886
28.5660347, -80.7485623
28.5664549, -80.7484691
28.5668567, -80.7484691
28.5672400, -80.7485623
28.5683641, -80.7488962
28.5702292, -80.7494708
28.5722858, -80.7504870
28.5745341, -80.7519448
28.5759119, -80.7529371
28.5764192, -80.7534640
28.5775434, -80.7547034
28.5792844, -80.7566551
28.5803466, -80.7579347
28.5807302, -80.7585423
28.5816594, -80.7601257
28.5831345, -80.7626849
28.5840669, -80.7642998
28.5844566, -80.7649703
28.5850081, -80.7662499
28.5857213, -80.7681387
28.5865541, -80.7703628
28.5875066, -80.7729220
28.5882741, -80.7748955
28.5888568, -80.7762833
28.5893069, -80.7775629
28.5896246, -80.7787344
28.5901027, -80.7805999
28.5907413, -80.7831591
28.5914197, -80.7857184
28.5921381, -80.7882777
28.5927842, -80.7904004
28.5933579, -80.7920866
28.5937371, -80.7933662
28.5939220, -80.7942393
28.5942779, -80.7959555
28.5948048, -80.7985148
28.5953559, -80.8010740
28.5959312, -80.8036333
28.5965761, -80.8061926
28.5972904, -80.8087519
28.5977710, -80.8104185
28.5980179, -80.8111925
28.5983098, -80.8124721
28.5986468, -80.8142574
28.5990610, -80.8164297
28.5995523, -80.8189890
28.6000758, -80.8215482
28.6006315, -80.8241075
28.6012283, -80.8266668
28.6018662, -80.8292260
28.6022984, -80.8308756
28.6025247, -80.8316155
28.6028107, -80.8328951
28.6031562, -80.8347145
28.6035660, -80.8369039
28.6040402, -80.8394631
28.6045322, -80.8420224
28.6050421, -80.8445817
28.6055571, -80.8471410
28.6060772, -80.8497002
28.6065366, -80.8516367
28.6069352, -80.8529505
28.6072602, -80.8542301
28.6075114, -80.8554756
28.6076370, -80.8560984
End:

; Barnes frame 2026-10-07 02:10Z; stations=23
TimeRange: 2026-10-07T02:10:00 2026-10-07T02:15:00
Color: 255 220 75
Line: 1, 0, "KSC 54-ft Barnes Wind Analysis\nConvergence: 1.0 x 10^-4 s^-1\nWarm colors = convergence\nDerived from KSC 54-ft tower winds"
28.3152746, -80.8458554
28.3153805, -80.8455536
28.3155922, -80.8449499
28.3160346, -80.8436704
28.3167077, -80.8417150
28.3174858, -80.8394577
28.3183687, -80.8368987
28.3191563, -80.8348921
28.3198485, -80.8334380
28.3204594, -80.8321585
28.3209891, -80.8310535
28.3216966, -80.8292215
28.3225820, -80.8266624
28.3234315, -80.8241034
28.3242450, -80.8215443
28.3246616, -80.8202426
28.3246813, -80.8201984
28.3252803, -80.8189189
28.3264586, -80.8164041
28.3274814, -80.8138671
28.3283488, -80.8113081
28.3288838, -80.8097632
28.3290865, -80.8092326
28.3296042, -80.8079531
28.3304371, -80.8059246
28.3313928, -80.8036309
28.3324714, -80.8010718
28.3331792, -80.7994244
28.3335160, -80.7986887
28.3341019, -80.7974092
28.3349367, -80.7955858
28.3359165, -80.7933946
28.3370411, -80.7908356
28.3377478, -80.7892359
28.3380366, -80.7885957
28.3386575, -80.7873162
28.3396104, -80.7853973
28.3407346, -80.7832344
28.3420300, -80.7808274
28.3427233, -80.7795479
28.3428146, -80.7793958
28.3435828, -80.7780403
28.3450278, -80.7754812
28.3461063, -80.7735539
28.3468183, -80.7722583
28.3475747, -80.7709788
28.3483757, -80.7697153
28.3494999, -80.7679058
28.3509472, -80.7655503
28.3517506, -80.7642708
28.3519102, -80.7640672
28.3530247, -80.7626859
28.3550940, -80.7601268
28.3561384, -80.7588353
28.3561578, -80.7588112
28.3572916, -80.7579228
28.3595399, -80.7561700
28.3617882, -80.7551654
28.3640365, -80.7549090
28.3662848, -80.7557233
28.3685331, -80.7576083
28.3696941, -80.7586250
28.3697678, -80.7587732
28.3702981, -80.7601268
28.3712851, -80.7626859
28.3721027, -80.7652450
28.3727509, -80.7678040
28.3732839, -80.7703631
28.3737018, -80.7729221
28.3739716, -80.7749688
28.3740931, -80.7765031
28.3741836, -80.7777827
28.3742429, -80.7788074
28.3742777, -80.7805993
28.3742879, -80.7831584
28.3742616, -80.7857174
28.3741987, -80.7882765
28.3741639, -80.7895976
28.3741572, -80.7896806
28.3740442, -80.7909602
28.3738249, -80.7934362
28.3736608, -80.7959537
28.3735517, -80.7985128
28.3734368, -80.8010718
28.3733160, -80.8036309
28.3731160, -80.8061899
28.3728370, -80.8087490
28.3725311, -80.8113081
28.3721984, -80.8138671
28.3718489, -80.8164262
28.3714826, -80.8189852
28.3710996, -80.8215443
28.3706997, -80.8241034
28.3702892, -80.8266235
28.3698679, -80.8291048
28.3696503, -80.8303843
28.3696364, -80.8304621
28.3693001, -80.8317806
28.3686415, -80.8343396
28.3681250, -80.8368987
28.3677506, -80.8394577
28.3672550, -80.8420168
28.3666382, -80.8445759
28.3660506, -80.8471349
28.3654922, -80.8496940
28.3652000, -80.8511011
28.3651738, -80.8513563
28.3650285, -80.8526358
28.3647641, -80.8549397
28.3643208, -80.8573712
28.3636986, -80.8599302
28.3633875, -80.8612098
End:
Color: 255 220 75
Line: 1, 0, "KSC 54-ft Barnes Wind Analysis\nConvergence: 1.0 x 10^-4 s^-1\nWarm colors = convergence\nDerived from KSC 54-ft tower winds"
28.5944877, -80.4817746
28.5944054, -80.4819481
28.5942409, -80.4822952
28.5935539, -80.4837482
28.5923443, -80.4863073
28.5913024, -80.4885868
28.5904282, -80.4905869
28.5898660, -80.4918665
28.5896157, -80.4924254
28.5889133, -80.4939844
28.5877586, -80.4965435
28.5867595, -80.4986822
28.5859162, -80.5004004
28.5852909, -80.5016800
28.5848839, -80.5025208
28.5840914, -80.5042207
28.5829135, -80.5067797
28.5819929, -80.5087914
28.5813295, -80.5102555
28.5807456, -80.5115350
28.5802410, -80.5126299
28.5794065, -80.5144569
28.5782420, -80.5170160
28.5773701, -80.5189385
28.5767909, -80.5202246
28.5762109, -80.5215041
28.5756302, -80.5227771
28.5747636, -80.5246932
28.5736113, -80.5272522
28.5727775, -80.5291072
28.5722623, -80.5302580
28.5716892, -80.5315375
28.5710583, -80.5329458
28.5701906, -80.5349294
28.5690863, -80.5374885
28.5682776, -80.5393317
28.5677646, -80.5404590
28.5671803, -80.5417386
28.5665248, -80.5431703
28.5656334, -80.5451657
28.5645060, -80.5477247
28.5637096, -80.5495349
28.5632442, -80.5505963
28.5626826, -80.5518759
28.5620248, -80.5533735
28.5611409, -80.5554019
28.5600308, -80.5579610
28.5592355, -80.5598009
28.5587551, -80.5609217
28.5582059, -80.5622012
28.5575880, -80.5636395
28.5567420, -80.5656382
28.5556680, -80.5681972
28.5548527, -80.5701607
28.5542964, -80.5715287
28.5537746, -80.5728083
28.5532873, -80.5739993
28.5525551, -80.5758744
28.5515780, -80.5784335
28.5506975, -80.5808064
28.5499136, -80.5829932
28.5494532, -80.5842728
28.5493164, -80.5846450
28.5488818, -80.5861107
28.5481494, -80.5886697
28.5475412, -80.5912288
28.5470571, -80.5937878
28.5468264, -80.5963469
28.5468493, -80.5989060
28.5474733, -80.6014650
28.5486984, -80.6040241
28.5493636, -80.6053497
28.5494689, -80.6054420
28.5506458, -80.6059852
28.5528941, -80.6069793
28.5551424, -80.6075621
28.5573907, -80.6077337
28.5596390, -80.6076617
28.5618873, -80.6073460
28.5641356, -80.6068589
28.5663839, -80.6062002
28.5678335, -80.6057291
28.5684844, -80.6054454
28.5696085, -80.6049472
28.5712059, -80.6042344
28.5731288, -80.6032527
28.5753771, -80.6020021
28.5769505, -80.6010789
28.5778491, -80.6004833
28.5789732, -80.5997267
28.5803230, -80.5988092
28.5820533, -80.5975296
28.5841643, -80.5958881
28.5852885, -80.5950126
28.5854258, -80.5949029
28.5866186, -80.5938642
28.5888669, -80.5918965
28.5902473, -80.5906718
28.5907597, -80.5901901
28.5918838, -80.5891048
28.5936197, -80.5874158
28.5949127, -80.5861363
28.5957628, -80.5852662
28.5968869, -80.5840834
28.5982852, -80.5825881
28.5994630, -80.5813085
28.6004205, -80.5802448
28.6015446, -80.5789835
28.6028355, -80.5775246
28.6039680, -80.5762450
28.6049423, -80.5751449
28.6060664, -80.5738380
28.6073405, -80.5723242
28.6084133, -80.5710447
28.6092849, -80.5699994
28.6104090, -80.5686166
28.6117858, -80.5668962
28.6128139, -80.5656167
28.6134934, -80.5647780
28.6146176, -80.5633470
28.6161863, -80.5613238
28.6171834, -80.5600443
28.6176089, -80.5595084
28.6187330, -80.5580369
28.6205559, -80.5556296
28.6215268, -80.5543501
28.6216458, -80.5541983
28.6226697, -80.5528429
28.6245985, -80.5502838
28.6256632, -80.5488661
28.6258637, -80.5485899
28.6268228, -80.5473103
28.6285404, -80.5450275
28.6296646, -80.5435159
28.6301952, -80.5427755
28.6311335, -80.5414960
28.6324794, -80.5396773
28.6336035, -80.5381248
28.6345060, -80.5368385
28.6354478, -80.5355590
28.6364291, -80.5342863
28.6375533, -80.5327783
28.6388203, -80.5310351
28.6397622, -80.5297556
28.6403790, -80.5289397
28.6415031, -80.5273063
28.6431346, -80.5248553
28.6439875, -80.5235757
28.6440617, -80.5234677
28.6450484, -80.5221341
28.6469477, -80.5195751
28.6478973, -80.5182955
End:
Color: 255 220 75
Line: 1, 0, "KSC 54-ft Barnes Wind Analysis\nConvergence: 1.0 x 10^-4 s^-1\nWarm colors = convergence\nDerived from KSC 54-ft tower winds"
28.6798146, -80.5387680
28.6795446, -80.5400475
28.6790045, -80.5426066
28.6783343, -80.5451657
28.6775340, -80.5477247
28.6767559, -80.5502838
28.6759998, -80.5528429
28.6755730, -80.5542968
28.6754754, -80.5546457
28.6751109, -80.5559252
28.6744795, -80.5581354
28.6738128, -80.5605200
28.6731107, -80.5630791
28.6724199, -80.5656382
28.6717403, -80.5681972
28.6712829, -80.5699191
28.6710476, -80.5708039
28.6707010, -80.5720834
28.6702430, -80.5737577
28.6696784, -80.5758744
28.6690073, -80.5784335
28.6683527, -80.5809925
28.6677147, -80.5835516
28.6671551, -80.5858306
28.6666740, -80.5878295
28.6663632, -80.5891090
28.6662228, -80.5896692
28.6658450, -80.5912288
28.6652298, -80.5937878
28.6646370, -80.5963469
28.6640666, -80.5989060
28.6635163, -80.6014650
28.6629860, -80.6040241
28.6625249, -80.6063187
28.6621328, -80.6083490
28.6618837, -80.6096285
28.6617776, -80.6101573
28.6614890, -80.6117013
28.6610180, -80.6142603
28.6605742, -80.6168194
28.6601575, -80.6193785
28.6597678, -80.6219375
28.6594050, -80.6244966
28.6590697, -80.6270556
28.6587620, -80.6296147
28.6584830, -80.6321738
28.6582329, -80.6347328
28.6580133, -80.6372919
28.6578244, -80.6398509
28.6576684, -80.6424100
28.6575452, -80.6449691
28.6574728, -80.6467823
28.6574511, -80.6478498
28.6574243, -80.6491293
28.6573926, -80.6506209
28.6573892, -80.6526463
28.6574141, -80.6552053
28.6574299, -80.6565663
28.6574368, -80.6567293
28.6574897, -80.6580088
28.6575888, -80.6604049
28.6577348, -80.6628825
28.6579277, -80.6654416
28.6581670, -80.6680006
28.6584526, -80.6705597
28.6587874, -80.6731187
28.6591712, -80.6756778
28.6596070, -80.6782369
28.6600948, -80.6807959
28.6606366, -80.6833550
28.6612325, -80.6859140
28.6616320, -80.6875735
28.6618352, -80.6883335
28.6621958, -80.6896130
28.6627138, -80.6914121
28.6634083, -80.6935912
28.6642793, -80.6961503
28.6651445, -80.6985047
28.6660038, -80.7006543
28.6665262, -80.7019338
28.6667118, -80.7023432
28.6674304, -80.7038275
28.6686819, -80.7063865
28.6697133, -80.7084251
28.6705244, -80.7099432
28.6712599, -80.7112227
28.6719197, -80.7122637
28.6730439, -80.7139510
28.6746324, -80.7162847
28.6755228, -80.7175642
28.6757150, -80.7177896
28.6768391, -80.7190863
28.6788952, -80.7214542
28.6800339, -80.7227337
28.6802553, -80.7229249
28.6813794, -80.7238635
28.6834064, -80.7255496
28.6852337, -80.7268291
28.6868614, -80.7277021
28.6879856, -80.7283104
28.6886062, -80.7286541
28.6900406, -80.7292076
28.6922889, -80.7299710
28.6945372, -80.7305037
28.6967855, -80.7308058
28.6990338, -80.7309248
28.7012821, -80.7308606
28.7035304, -80.7306552
28.7057787, -80.7303086
28.7080270, -80.7298787
28.7102753, -80.7293656
28.7123403, -80.7288664
28.7142220, -80.7283812
28.7153462, -80.7280926
28.7157128, -80.7280006
28.7170203, -80.7275924
28.7192686, -80.7268680
28.7215169, -80.7261071
28.7237652, -80.7253096
28.7260135, -80.7245059
28.7282618, -80.7236962
28.7295938, -80.7232236
28.7300097, -80.7230881
28.7311338, -80.7227131
28.7329663, -80.7220986
28.7350067, -80.7214263
28.7372550, -80.7206963
28.7395033, -80.7199815
28.7417516, -80.7192819
28.7437465, -80.7186747
28.7454879, -80.7181598
28.7466121, -80.7178210
28.7471189, -80.7176583
28.7484965, -80.7172800
28.7507448, -80.7166862
28.7529931, -80.7160994
28.7552414, -80.7155198
28.7574897, -80.7148992
28.7597380, -80.7142376
28.7617995, -80.7136261
28.7636740, -80.7130648
28.7647981, -80.7127161
28.7651719, -80.7125798
28.7664829, -80.7121298
28.7687312, -80.7113662
28.7709796, -80.7106626
28.7732279, -80.7100191
28.7754762, -80.7094680
28.7777245, -80.7090095
28.7799467, -80.7085017
28.7821428, -80.7079446
28.7832670, -80.7076578
28.7833191, -80.7076412
28.7844694, -80.7072916
28.7867177, -80.7066088
28.7889660, -80.7059416
28.7912143, -80.7052899
28.7934626, -80.7046530
28.7957109, -80.7040310
28.7979449, -80.7034270
28.8001646, -80.7028410
28.8012888, -80.7025426
28.8013174, -80.7025319
28.8024558, -80.7021251
28.8047041, -80.7013221
28.8058283, -80.7009206
End:
Color: 255 220 75
Line: 1, 0, "KSC 54-ft Barnes Wind Analysis\nConvergence: 1.0 x 10^-4 s^-1\nWarm colors = convergence\nDerived from KSC 54-ft tower winds"
28.7186805, -80.5541224
28.7185086, -80.5554019
28.7181647, -80.5579610
28.7178353, -80.5605200
28.7175202, -80.5630791
28.7172261, -80.5656382
28.7169528, -80.5681972
28.7167035, -80.5707563
28.7164783, -80.5733153
28.7162483, -80.5755668
28.7160135, -80.5775105
28.7158631, -80.5787900
28.7157970, -80.5794053
28.7157127, -80.5809925
28.7156101, -80.5835516
28.7155647, -80.5861107
28.7155766, -80.5886697
28.7156306, -80.5912288
28.7157267, -80.5937878
28.7158051, -80.5956618
28.7158658, -80.5968506
28.7159378, -80.5981302
28.7160213, -80.5995004
28.7161957, -80.6014650
28.7164609, -80.6040241
28.7167878, -80.6065831
28.7171763, -80.6091422
28.7176326, -80.6117013
28.7181565, -80.6142603
28.7187541, -80.6168194
28.7194253, -80.6193785
28.7199188, -80.6211542
28.7202348, -80.6221468
28.7206843, -80.6234263
28.7212674, -80.6249928
28.7221211, -80.6270556
28.7232456, -80.6296147
28.7240782, -80.6314303
28.7246189, -80.6325025
28.7253285, -80.6337820
28.7262068, -80.6352689
28.7273310, -80.6370494
28.7287009, -80.6391234
28.7295736, -80.6404029
28.7299489, -80.6408880
28.7310731, -80.6422467
28.7329460, -80.6444791
28.7340428, -80.6457587
28.7343634, -80.6460853
28.7354876, -80.6471791
28.7374153, -80.6490402
28.7388018, -80.6503197
28.7396470, -80.6510177
28.7407711, -80.6519313
28.7421742, -80.6530605
28.7439999, -80.6542980
28.7462482, -80.6556436
28.7474468, -80.6563586
28.7475958, -80.6564427
28.7487200, -80.6571359
28.7508193, -80.6584382
28.7528317, -80.6597177
28.7547573, -80.6609745
28.7558814, -80.6617127
28.7562042, -80.6619320
28.7574897, -80.6625892
28.7597380, -80.6636841
28.7619863, -80.6645199
28.7642346, -80.6650964
28.7662700, -80.6657187
28.7680924, -80.6663870
28.7692165, -80.6668001
28.7696424, -80.6669582
28.7709796, -80.6674252
28.7732279, -80.6682012
28.7754762, -80.6690486
28.7777245, -80.6699675
28.7799728, -80.6707761
28.7822211, -80.6714746
28.7833604, -80.6718277
28.7833909, -80.6718354
28.7845150, -80.6721776
28.7867329, -80.6728543
28.7889660, -80.6735066
28.7912143, -80.6741343
28.7934626, -80.6747376
28.7957109, -80.6753166
28.7979592, -80.6758751
28.8002075, -80.6764130
28.8016401, -80.6767508
28.8022570, -80.6768885
28.8025654, -80.6769573
End:
Color: 245 245 245
Line: 2, 0, "KSC 54-ft Barnes Wind Analysis\nZero divergence contour\nDerived from KSC 54-ft tower winds"
28.3187534, -80.5950674
28.3191137, -80.5954289
28.3198343, -80.5961519
28.3210691, -80.5974315
28.3228181, -80.5992675
28.3239422, -80.6004431
28.3244416, -80.6009582
28.3256622, -80.6022377
28.3276042, -80.6042817
28.3287283, -80.6054641
28.3290347, -80.6057849
28.3302244, -80.6070645
28.3322976, -80.6093026
28.3334217, -80.6105163
28.3335969, -80.6107054
28.3347545, -80.6119849
28.3368946, -80.6143549
28.3380188, -80.6156000
28.3381269, -80.6157204
28.3392495, -80.6169999
28.3413864, -80.6194386
28.3425105, -80.6207222
28.3426219, -80.6208507
28.3436958, -80.6221302
28.3457322, -80.6245608
28.3468564, -80.6259048
28.3470683, -80.6261622
28.3481005, -80.6274417
28.3499529, -80.6297434
28.3510770, -80.6311468
28.3514729, -80.6316518
28.3524604, -80.6329314
28.3540394, -80.6349854
28.3551635, -80.6364649
28.3558328, -80.6373700
28.3567514, -80.6386495
28.3579192, -80.6403035
28.3590433, -80.6419408
28.3601238, -80.6435614
28.3609650, -80.6448410
28.3615668, -80.6457794
28.3626293, -80.6475281
28.3641525, -80.6500872
28.3649758, -80.6514758
28.3650990, -80.6516940
28.3657900, -80.6529736
28.3670487, -80.6553144
28.3681729, -80.6575397
28.3691625, -80.6596494
28.3697573, -80.6609289
28.3699572, -80.6613783
28.3705707, -80.6628825
28.3715979, -80.6654416
28.3725348, -80.6680006
28.3733813, -80.6705597
28.3738919, -80.6721401
28.3740666, -80.6727418
28.3744189, -80.6740213
28.3749488, -80.6759787
28.3755004, -80.6782369
28.3760737, -80.6807959
28.3766043, -80.6833550
28.3770920, -80.6859140
28.3775697, -80.6884731
28.3780375, -80.6910322
28.3783661, -80.6927868
28.3785557, -80.6937371
28.3787950, -80.6950166
28.3790839, -80.6966254
28.3794993, -80.6987094
28.3800412, -80.7012684
28.3806556, -80.7038275
28.3813425, -80.7063865
28.3820513, -80.7087290
28.3827818, -80.7108549
28.3832159, -80.7121344
28.3833535, -80.7125676
28.3839028, -80.7140637
28.3848636, -80.7166228
28.3859156, -80.7191818
28.3870587, -80.7217409
28.3876336, -80.7230276
28.3876404, -80.7230419
28.3882268, -80.7243215
28.3893928, -80.7268662
28.3905170, -80.7292622
28.3915992, -80.7315095
28.3922174, -80.7327890
28.3923715, -80.7331008
28.3930553, -80.7345362
28.3942686, -80.7370953
28.3953157, -80.7393501
28.3961965, -80.7413008
28.3967847, -80.7425803
28.3970803, -80.7431887
28.3977823, -80.7447725
28.3988908, -80.7473315
28.3998671, -80.7496875
28.4007114, -80.7518405
28.4012228, -80.7531201
28.4014014, -80.7535261
28.4019752, -80.7550087
28.4029441, -80.7575678
28.4038693, -80.7601268
28.4047507, -80.7626859
28.4053011, -80.7643290
28.4055205, -80.7650563
28.4059502, -80.7663358
28.4065902, -80.7681676
28.4073295, -80.7703631
28.4081679, -80.7729221
28.4089721, -80.7754241
28.4097419, -80.7778689
28.4101481, -80.7791484
28.4101909, -80.7792627
28.4106613, -80.7805993
28.4115594, -80.7831584
28.4124839, -80.7857174
28.4134347, -80.7882765
28.4140884, -80.7900366
28.4144451, -80.7909976
28.4149916, -80.7922771
28.4157280, -80.7938751
28.4167271, -80.7959537
28.4179890, -80.7985128
28.4187450, -80.8000402
28.4189950, -80.8005361
28.4198385, -80.8018157
28.4212756, -80.8038788
28.4223997, -80.8054803
28.4232110, -80.8066200
28.4247407, -80.8078652
28.4269890, -80.8092158
28.4286355, -80.8099254
28.4296802, -80.8099942
28.4308044, -80.8100632
28.4320080, -80.8101326
28.4326883, -80.8101326
28.4328454, -80.8100632
28.4339696, -80.8096274
28.4360608, -80.8088251
28.4382306, -80.8075928
28.4404789, -80.8059304
28.4416481, -80.8050520
28.4417384, -80.8049576
28.4428625, -80.8040133
28.4450206, -80.8022190
28.4465411, -80.8009395
28.4474240, -80.8001747
28.4485482, -80.7993168
28.4499135, -80.7983658
28.4517204, -80.7973211
28.4539687, -80.7961828
28.4562170, -80.7954947
28.4584653, -80.7952567
28.4607136, -80.7956000
28.4629619, -80.7965245
28.4647986, -80.7976882
28.4662236, -80.7990909
28.4673478, -80.8002649
28.4681710, -80.8012102
28.4690459, -80.8024897
28.4699724, -80.8041035
28.4710307, -80.8061899
28.4722207, -80.8087490
28.4728816, -80.8101949
28.4730134, -80.8105276
28.4734602, -80.8118072
28.4742222, -80.8140335
28.4749801, -80.8164262
28.4757339, -80.8189852
28.4764203, -80.8215443
28.4770391, -80.8241034
28.4774053, -80.8256537
28.4775190, -80.8261952
28.4777988, -80.8274747
28.4782447, -80.8294923
28.4787189, -80.8317806
28.4792212, -80.8343396
28.4796688, -80.8368987
28.4800615, -80.8394577
28.4804440, -80.8420168
28.4808164, -80.8445759
28.4811885, -80.8471349
28.4815603, -80.8496940
28.4818278, -80.8517709
28.4819909, -80.8533655
28.4821304, -80.8546451
28.4822463, -80.8556094
28.4825982, -80.8573712
28.4831861, -80.8599302
28.4836892, -80.8624893
28.4841074, -80.8650484
28.4844309, -80.8676074
28.4846597, -80.8701665
28.4851500, -80.8727255
28.4859019, -80.8752846
28.4862778, -80.8765641
End:
Color: 245 245 245
Line: 2, 0, "KSC 54-ft Barnes Wind Analysis\nZero divergence contour\nDerived from KSC 54-ft tower winds"
28.4869612, -80.8816823
28.4865691, -80.8788980
End:
Color: 245 245 245
Line: 2, 0, "KSC 54-ft Barnes Wind Analysis\nZero divergence contour\nDerived from KSC 54-ft tower winds"
28.5585148, -80.4607802
28.5584016, -80.4610842
28.5581752, -80.4616922
28.5575914, -80.4632757
28.5566503, -80.4658348
28.5557147, -80.4683938
28.5547847, -80.4709529
28.5542443, -80.4724378
28.5540936, -80.4728485
28.5536374, -80.4741281
28.5528758, -80.4762764
28.5520413, -80.4786301
28.5511338, -80.4811891
28.5503904, -80.4834148
28.5498112, -80.4853072
28.5494238, -80.4865867
28.5492282, -80.4872534
28.5487220, -80.4888663
28.5479054, -80.4914254
28.5470692, -80.4939844
28.5462136, -80.4965435
28.5455956, -80.4984173
28.5452152, -80.4996059
28.5448148, -80.5008854
28.5443945, -80.5022559
28.5438027, -80.5042207
28.5430395, -80.5067797
28.5422931, -80.5093388
28.5415636, -80.5118979
28.5410312, -80.5137944
28.5406960, -80.5150283
28.5403539, -80.5163079
28.5400050, -80.5176330
28.5394559, -80.5195751
28.5387064, -80.5221341
28.5379721, -80.5246932
28.5372530, -80.5272522
28.5366780, -80.5292827
28.5362472, -80.5307845
28.5358872, -80.5320640
28.5355981, -80.5331213
28.5350918, -80.5349294
28.5343683, -80.5374885
28.5336342, -80.5400475
28.5328895, -80.5426066
28.5322717, -80.5446836
28.5317807, -80.5462784
28.5313916, -80.5475579
28.5311044, -80.5485222
28.5305508, -80.5502838
28.5297308, -80.5528429
28.5288819, -80.5554019
28.5280043, -80.5579610
28.5274337, -80.5595921
28.5271703, -80.5602953
28.5266972, -80.5615748
28.5260145, -80.5634307
28.5251547, -80.5656382
28.5241177, -80.5681972
28.5233349, -80.5700664
28.5228063, -80.5712458
28.5222304, -80.5725254
28.5216072, -80.5739050
28.5206526, -80.5758744
28.5193664, -80.5784335
28.5185539, -80.5800191
28.5182149, -80.5806312
28.5174846, -80.5819107
28.5163631, -80.5838577
28.5152389, -80.5857175
28.5141121, -80.5874904
28.5132820, -80.5887699
28.5127486, -80.5895561
28.5116244, -80.5911146
28.5099096, -80.5934453
28.5089604, -80.5947249
28.5087768, -80.5949532
28.5076526, -80.5962848
28.5055879, -80.5987198
28.5044971, -80.5999993
28.5043803, -80.6001234
28.5032562, -80.6012993
28.5011247, -80.6035270
28.4998822, -80.6048066
28.4995288, -80.6051379
28.4984046, -80.6062182
28.4965098, -80.6080473
28.4951443, -80.6093268
28.4943082, -80.6100568
28.4931841, -80.6110931
28.4917718, -80.6124360
28.4903713, -80.6137155
28.4889826, -80.6149317
28.4878584, -80.6159808
28.4869989, -80.6168628
28.4857020, -80.6181423
28.4839678, -80.6198194
28.4828436, -80.6209821
28.4823295, -80.6216302
28.4812868, -80.6229098
28.4797155, -80.6248207
28.4785914, -80.6264279
28.4779144, -80.6277316
28.4772448, -80.6290111
28.4765828, -80.6302665
28.4760468, -80.6321738
28.4756370, -80.6347328
28.4757845, -80.6372919
28.4764894, -80.6398509
28.4770254, -80.6413770
28.4773924, -80.6418701
28.4785444, -80.6431497
28.4804815, -80.6452156
28.4816056, -80.6463538
28.4819169, -80.6465641
28.4831966, -80.6472752
28.4854449, -80.6484871
28.4876932, -80.6495492
28.4899416, -80.6504616
28.4914190, -80.6510300
28.4921257, -80.6512545
28.4932498, -80.6515780
28.4947915, -80.6520006
28.4966865, -80.6524668
28.4989348, -80.6529767
28.5011831, -80.6534482
28.5034314, -80.6538813
28.5056797, -80.6542860
28.5079280, -80.6546625
28.5101763, -80.6550156
28.5124246, -80.6553454
28.5146729, -80.6556530
28.5169212, -80.6559383
28.5189978, -80.6561820
28.5209026, -80.6563839
28.5220268, -80.6565038
28.5223702, -80.6565417
28.5236661, -80.6566586
28.5259144, -80.6568548
28.5281627, -80.6570277
28.5304110, -80.6571773
28.5326593, -80.6573064
28.5349076, -80.6574149
28.5371559, -80.6575102
28.5394042, -80.6575921
28.5416525, -80.6576735
28.5439008, -80.6577543
28.5461492, -80.6578526
28.5483975, -80.6579685
28.5506458, -80.6581242
28.5528941, -80.6583198
28.5551424, -80.6585797
28.5573907, -80.6589039
28.5596390, -80.6593169
28.5618873, -80.6598187
28.5641356, -80.6604322
28.5663839, -80.6611575
28.5675588, -80.6615408
28.5676603, -80.6615823
28.5687845, -80.6620828
28.5709313, -80.6630424
28.5731288, -80.6641719
28.5753771, -80.6654711
28.5767208, -80.6662708
28.5771598, -80.6665710
28.5782840, -80.6673699
28.5800932, -80.6686674
28.5817505, -80.6699469
28.5832558, -80.6712085
28.5843799, -80.6721525
28.5851229, -80.6727791
28.5864966, -80.6740587
28.5885007, -80.6759911
28.5896249, -80.6770761
28.5898690, -80.6773137
28.5910632, -80.6785932
28.5932074, -80.6809147
28.5943316, -80.6821308
28.5944357, -80.6822414
28.5955186, -80.6835210
28.5975806, -80.6859694
28.5987047, -80.6873031
28.5988911, -80.6875223
28.5998882, -80.6888018
28.6016960, -80.6911417
28.6028201, -80.6925968
28.6032606, -80.6931671
28.6041841, -80.6944466
28.6055906, -80.6964354
28.6067147, -80.6980350
28.6075566, -80.6992453
28.6084108, -80.7005248
28.6092773, -80.7018736
28.6104014, -80.7036639
28.6117832, -80.7058958
28.6125686, -80.7071753
28.6127577, -80.7075025
28.6135837, -80.7089456
28.6150467, -80.7115047
28.6160763, -80.7133416
28.6166726, -80.7144565
28.6173419, -80.7157360
28.6180842, -80.7171802
28.6190684, -80.7191818
28.6202945, -80.7217409
28.6210475, -80.7233310
28.6213274, -80.7239520
28.6219037, -80.7252315
28.6227765, -80.7271695
28.6237426, -80.7294181
28.6248019, -80.7319772
28.6254897, -80.7336722
28.6258059, -80.7345033
28.6263055, -80.7357828
28.6269886, -80.7375108
28.6278247, -80.7396543
28.6288138, -80.7422134
28.6295964, -80.7442977
28.6301725, -80.7459073
28.6306384, -80.7471868
28.6309942, -80.7481363
28.6316326, -80.7498906
28.6325537, -80.7524496
28.6334650, -80.7550087
28.6343663, -80.7575678
28.6348521, -80.7589512
28.6349221, -80.7591591
28.6353793, -80.7604386
28.6362235, -80.7627898
28.6370710, -80.7652450
28.6379220, -80.7678040
28.6386240, -80.7699468
28.6391772, -80.7716734
28.6396002, -80.7729529
28.6398930, -80.7737854
28.6404769, -80.7754812
28.6413520, -80.7780403
28.6421794, -80.7805993
28.6429591, -80.7831584
28.6434993, -80.7849252
28.6438000, -80.7858999
28.6442310, -80.7871794
28.6447922, -80.7887638
28.6455195, -80.7908356
28.6464128, -80.7933946
28.6472179, -80.7959537
28.6479349, -80.7985128
28.6483318, -80.7999217
28.6484086, -80.8001806
28.6488479, -80.8014601
28.6496497, -80.8037603
28.6504842, -80.8061899
28.6513513, -80.8087490
28.6520746, -80.8109857
28.6526539, -80.8129001
28.6530455, -80.8141796
28.6532494, -80.8148243
28.6537474, -80.8164262
28.6545397, -80.8189852
28.6552722, -80.8215443
28.6559447, -80.8241034
28.6565707, -80.8263179
28.6571504, -80.8281880
28.6575542, -80.8294675
28.6577821, -80.8301565
28.6582894, -80.8317806
28.6590760, -80.8343396
28.6598498, -80.8368987
28.6606109, -80.8394577
28.6612277, -80.8415698
28.6617005, -80.8432347
28.6620687, -80.8445143
28.6623324, -80.8454083
28.6628293, -80.8471349
28.6635591, -80.8496940
28.6642772, -80.8522530
28.6649835, -80.8548121
28.6656109, -80.8570878
28.6661592, -80.8590801
28.6665169, -80.8603596
28.6666839, -80.8609264
28.6667675, -80.8612098
End:
Color: 155 240 235
Line: 1, 0, "KSC 54-ft Barnes Wind Analysis\nDivergence: 1.0 x 10^-4 s^-1\nCool colors = divergence\nDerived from KSC 54-ft tower winds"
28.5570655, -80.8816823
28.5568425, -80.8804027
28.5563966, -80.8778437
28.5558715, -80.8752846
28.5552671, -80.8727255
28.5547282, -80.8708162
28.5542549, -80.8695567
28.5537243, -80.8682772
28.5531365, -80.8669776
28.5525185, -80.8650484
28.5518704, -80.8624893
28.5510401, -80.8600345
28.5500278, -80.8576839
28.5494594, -80.8564043
28.5493351, -80.8561959
28.5488003, -80.8548121
28.5478551, -80.8522530
28.5469143, -80.8496940
28.5459781, -80.8471349
28.5453887, -80.8455880
28.5451462, -80.8450533
28.5444478, -80.8437737
28.5432934, -80.8417494
28.5421693, -80.8396424
28.5410754, -80.8374527
28.5404307, -80.8361732
28.5402353, -80.8358038
28.5393865, -80.8343396
28.5378843, -80.8317806
28.5368578, -80.8300500
28.5363071, -80.8291479
28.5354619, -80.8278684
28.5343223, -80.8262114
28.5331981, -80.8246763
28.5320895, -80.8232631
28.5310316, -80.8219836
28.5300245, -80.8208377
28.5289004, -80.8196499
28.5276592, -80.8184203
28.5263263, -80.8171407
28.5249018, -80.8158113
28.5237776, -80.8148179
28.5229538, -80.8141605
28.5214178, -80.8129855
28.5191695, -80.8112931
28.5179104, -80.8103423
28.5176404, -80.8101331
28.5165163, -80.8093641
28.5145379, -80.8080352
28.5126770, -80.8067557
28.5109336, -80.8055255
28.5098094, -80.8047597
28.5093046, -80.8044583
28.5079280, -80.8035483
28.5056797, -80.8020296
28.5040922, -80.8009007
28.5031657, -80.8001618
28.5020415, -80.7993606
28.5007198, -80.7984972
28.4989978, -80.7972177
28.4968756, -80.7955220
28.4957515, -80.7946323
28.4956254, -80.7945486
28.4944382, -80.7935604
28.4921899, -80.7916679
28.4907885, -80.7904302
28.4902341, -80.7898474
28.4891100, -80.7888156
28.4874161, -80.7873348
28.4860549, -80.7860552
28.4850265, -80.7849770
28.4839024, -80.7838998
28.4826824, -80.7828235
28.4813210, -80.7815440
28.4798179, -80.7800612
28.4786937, -80.7790026
28.4779485, -80.7783681
28.4764759, -80.7770886
28.4742760, -80.7751640
28.4731518, -80.7741827
28.4731035, -80.7741447
28.4719551, -80.7732909
28.4697068, -80.7716211
28.4679129, -80.7703605
28.4665733, -80.7695092
28.4654491, -80.7688019
28.4645404, -80.7682386
28.4629619, -80.7673708
28.4607136, -80.7661986
28.4587149, -80.7652008
28.4569658, -80.7643772
28.4558417, -80.7638429
28.4553424, -80.7635978
28.4539687, -80.7629515
28.4517204, -80.7619041
28.4494721, -80.7607885
28.4472238, -80.7596050
28.4460280, -80.7589717
28.4458847, -80.7588888
28.4447606, -80.7582183
28.4426555, -80.7569602
28.4406804, -80.7556807
28.4388352, -80.7543797
28.4377111, -80.7535855
28.4373080, -80.7532983
28.4359823, -80.7522769
28.4337340, -80.7505214
28.4323132, -80.7493855
28.4317200, -80.7488692
28.4305958, -80.7479144
28.4289407, -80.7465212
28.4274866, -80.7452417
28.4262334, -80.7440758
28.4251092, -80.7430481
28.4241141, -80.7421586
28.4227702, -80.7408790
28.4210774, -80.7392096
28.4199532, -80.7381093
28.4193977, -80.7375783
28.4181661, -80.7362988
28.4162585, -80.7342707
28.4151343, -80.7330766
28.4147937, -80.7327164
28.4136953, -80.7314369
28.4118393, -80.7292380
28.4107152, -80.7278971
28.4103229, -80.7274142
28.4093790, -80.7261346
28.4078836, -80.7240585
28.4067594, -80.7224438
28.4060066, -80.7212904
28.4052192, -80.7200109
28.4043972, -80.7186052
28.4033566, -80.7166228
28.4020973, -80.7140637
28.4013842, -80.7125585
28.4012171, -80.7121072
28.4007714, -80.7108277
28.4000470, -80.7087199
28.3994000, -80.7063865
28.3988303, -80.7038275
28.3984176, -80.7012684
28.3981618, -80.6987094
28.3980653, -80.6961503
28.3981280, -80.6935912
28.3983410, -80.6910322
28.3987045, -80.6884731
28.3992127, -80.6859140
28.3998658, -80.6833550
28.4004277, -80.6813855
28.4008982, -80.6800056
28.4014142, -80.6787261
28.4019756, -80.6775469
28.4029917, -80.6756778
28.4044627, -80.6731187
28.4053061, -80.6716662
28.4055221, -80.6713201
28.4066740, -80.6700406
28.4087616, -80.6678276
28.4098858, -80.6666405
28.4100464, -80.6664793
28.4112509, -80.6656881
28.4134992, -80.6642669
28.4157475, -80.6632296
28.4179958, -80.6625761
28.4202441, -80.6622151
28.4224924, -80.6621463
28.4247407, -80.6623226
28.4269890, -80.6627437
28.4292373, -80.6633772
28.4314856, -80.6642231
28.4335756, -80.6651648
28.4355071, -80.6662023
28.4366313, -80.6667996
28.4369480, -80.6669566
28.4382306, -80.6677351
28.4404789, -80.6691349
28.4423177, -80.6703359
28.4437469, -80.6713381
28.4448711, -80.6721129
28.4456901, -80.6726602
28.4472238, -80.6737338
28.4494721, -80.6753337
28.4508905, -80.6763396
28.4514789, -80.6767514
28.4526031, -80.6775206
28.4542629, -80.6786470
28.4562170, -80.6799155
28.4584653, -80.6813259
28.4596088, -80.6820422
28.4596475, -80.6820644
28.4607716, -80.6826943
28.4629812, -80.6839318
28.4652102, -80.6851049
28.4674585, -80.6862133
28.4688305, -80.6868740
28.4693261, -80.6870871
28.4704503, -80.6875585
28.4722029, -80.6882882
28.4742034, -80.6890571
28.4764517, -80.6898652
28.4787000, -80.6906198
28.4809483, -80.6913208
28.4826516, -80.6918314
28.4838099, -80.6921516
28.4849340, -80.6924522
28.4860241, -80.6927333
28.4876932, -80.6931322
28.4899416, -80.6936489
28.4921899, -80.6941380
28.4944382, -80.6945994
28.4966865, -80.6950384
28.4989348, -80.6954550
28.5011831, -80.6958534
28.5034314, -80.6962334
28.5056797, -80.6965988
28.5079280, -80.6969494
28.5095672, -80.6972010
28.5105973, -80.6973536
28.5117215, -80.6975084
28.5129397, -80.6976657
28.5146729, -80.6978833
28.5169212, -80.6981613
28.5191695, -80.6984353
28.5214178, -80.6987054
28.5236661, -80.6989763
28.5259144, -80.6992481
28.5281627, -80.6995263
28.5304110, -80.6998110
28.5326593, -80.7001091
28.5349076, -80.7004206
28.5371559, -80.7007540
28.5394042, -80.7011094
28.5416525, -80.7014977
28.5439008, -80.7019189
28.5454852, -80.7022341
28.5464056, -80.7024433
28.5475298, -80.7026783
28.5488577, -80.7029390
28.5506458, -80.7033397
28.5528941, -80.7038802
28.5551424, -80.7044879
28.5573907, -80.7051626
28.5596390, -80.7059273
28.5618873, -80.7067819
28.5632574, -80.7073234
28.5637493, -80.7075519
28.5648735, -80.7080279
28.5666298, -80.7087516
28.5686322, -80.7096958
28.5708805, -80.7108605
28.5725325, -80.7117781
28.5735883, -80.7124488
28.5747124, -80.7131343
28.5759050, -80.7138344
28.5776254, -80.7150048
28.5798737, -80.7166454
28.5811261, -80.7175749
28.5813825, -80.7177932
28.5825066, -80.7187350
28.5844985, -80.7204002
28.5859447, -80.7216798
28.5868451, -80.7225736
28.5879693, -80.7237105
28.5893171, -80.7250906
28.5904949, -80.7263701
28.5915026, -80.7275491
28.5926268, -80.7289288
28.5938674, -80.7305091
28.5948386, -80.7317887
28.5955406, -80.7327673
28.5966647, -80.7344952
28.5982111, -80.7369721
28.5990091, -80.7382516
28.5990586, -80.7383338
28.5997882, -80.7396543
28.6011980, -80.7422134
28.6022973, -80.7443635
28.6030864, -80.7461046
28.6036733, -80.7473841
28.6040582, -80.7482021
28.6047814, -80.7498906
28.6058430, -80.7524496
28.6067747, -80.7549017
28.6075766, -80.7572466
28.6080182, -80.7585261
28.6080994, -80.7587402
28.6085938, -80.7601268
28.6095012, -80.7626859
28.6103394, -80.7652450
28.6111083, -80.7678040
28.6117381, -80.7700029
28.6122288, -80.7718415
28.6125858, -80.7731210
28.6128093, -80.7738415
28.6132943, -80.7754812
28.6140409, -80.7780403
28.6147483, -80.7805993
28.6154163, -80.7831584
28.6160516, -80.7857174
28.6166542, -80.7882765
28.6169593, -80.7895727
28.6169669, -80.7896059
28.6173159, -80.7908855
28.6180062, -80.7934113
28.6186724, -80.7959537
28.6193145, -80.7985128
28.6199249, -80.8010718
28.6205036, -80.8036309
28.6209616, -80.8057488
28.6212987, -80.8074257
28.6215748, -80.8087052
28.6217897, -80.8095874
28.6222229, -80.8113081
28.6228745, -80.8138671
28.6235007, -80.8164262
28.6241014, -80.8189852
28.6246810, -80.8215443
28.6252395, -80.8241034
28.6256300, -80.8259297
28.6258526, -80.8270233
28.6261442, -80.8283028
28.6265048, -80.8297683
28.6269833, -80.8317806
28.6275798, -80.8343396
28.6281414, -80.8368987
28.6286681, -80.8394577
28.6292124, -80.8420168
28.6297742, -80.8445759
28.6301565, -80.8463727
28.6303592, -80.8474073
28.6306410, -80.8486868
28.6310017, -80.8502113
28.6314709, -80.8522530
28.6320484, -80.8548121
28.6326072, -80.8573712
28.6331473, -80.8599302
28.6334174, -80.8612098
End:
Color: 75 225 235
Line: 2, 0, "KSC 54-ft Barnes Wind Analysis\nDivergence: 2.0 x 10^-4 s^-1\nCool colors = divergence\nDerived from KSC 54-ft tower winds"
28.5813988, -80.8714460
28.5812986, -80.8708479
28.5810981, -80.8696516
28.5808603, -80.8683721
28.5805852, -80.8670093
28.5801739, -80.8650484
28.5796263, -80.8624893
28.5791433, -80.8599302
28.5787249, -80.8573712
28.5782934, -80.8548121
28.5778489, -80.8522530
28.5774348, -80.8496940
28.5770508, -80.8471349
28.5767695, -80.8453601
28.5765907, -80.8443694
28.5763354, -80.8430899
28.5760037, -80.8415215
28.5755930, -80.8394577
28.5751033, -80.8368987
28.5746105, -80.8343396
28.5741146, -80.8317806
28.5736262, -80.8292215
28.5731454, -80.8266624
28.5726799, -80.8242473
28.5722297, -80.8219760
28.5719699, -80.8206965
28.5719005, -80.8204087
28.5715532, -80.8189852
28.5709281, -80.8164262
28.5703041, -80.8138671
28.5696814, -80.8113081
28.5690334, -80.8087490
28.5683601, -80.8061899
28.5678946, -80.8044584
28.5676369, -80.8035545
28.5672184, -80.8022749
28.5666392, -80.8006198
28.5658645, -80.7985128
28.5648941, -80.7959537
28.5640596, -80.7938262
28.5633608, -80.7921301
28.5627881, -80.7908506
28.5623415, -80.7899876
28.5613679, -80.7882765
28.5598672, -80.7857174
28.5589663, -80.7842038
28.5586653, -80.7837355
28.5576560, -80.7824559
28.5559382, -80.7803652
28.5548141, -80.7790233
28.5542835, -80.7784303
28.5528941, -80.7771610
28.5506458, -80.7752152
28.5495062, -80.7742321
28.5494754, -80.7742118
28.5483512, -80.7735193
28.5461337, -80.7721546
28.5439008, -80.7709403
28.5416525, -80.7698764
28.5403444, -80.7692792
28.5399763, -80.7691488
28.5388522, -80.7687602
28.5369719, -80.7681136
28.5349076, -80.7674997
28.5326593, -80.7669186
28.5304110, -80.7664096
28.5281627, -80.7659726
28.5259144, -80.7655885
28.5236661, -80.7652572
28.5214178, -80.7649613
28.5191695, -80.7647008
28.5169212, -80.7644585
28.5146729, -80.7642344
28.5131579, -80.7640831
28.5123762, -80.7640046
28.5112520, -80.7638884
28.5097854, -80.7637342
28.5079280, -80.7635153
28.5056797, -80.7632316
28.5034314, -80.7628997
28.5011831, -80.7625195
28.4989348, -80.7620656
28.4966865, -80.7615380
28.4944382, -80.7609164
28.4921899, -80.7602007
28.4904695, -80.7595940
28.4892772, -80.7590962
28.4881530, -80.7585959
28.4870971, -80.7580930
28.4854449, -80.7572006
28.4831966, -80.7559186
28.4814548, -80.7548905
28.4802195, -80.7541163
28.4790954, -80.7533388
28.4780824, -80.7525581
28.4764517, -80.7513260
28.4742034, -80.7496425
28.4730141, -80.7487533
28.4728837, -80.7486585
28.4717595, -80.7476106
28.4696416, -80.7456097
28.4682388, -80.7443302
28.4675510, -80.7437720
28.4664268, -80.7425764
28.4648663, -80.7407434
28.4637008, -80.7394639
28.4629301, -80.7387378
28.4618060, -80.7371765
28.4603283, -80.7347800
28.4595197, -80.7335004
28.4593802, -80.7333379
28.4593802, -80.7328699
28.4595197, -80.7320963
28.4601786, -80.7308167
28.4613568, -80.7290313
28.4624810, -80.7280390
28.4635510, -80.7278398
28.4652102, -80.7276435
28.4674585, -80.7274501
28.4697068, -80.7272847
28.4719551, -80.7271472
28.4742034, -80.7270042
28.4764517, -80.7268555
28.4787000, -80.7266935
28.4809483, -80.7265180
28.4831966, -80.7263307
28.4854449, -80.7261316
28.4876932, -80.7259251
28.4899416, -80.7257110
28.4921899, -80.7254937
28.4944382, -80.7252732
28.4966865, -80.7250526
28.4989348, -80.7248321
28.5011831, -80.7246139
28.5034314, -80.7243980
28.5056797, -80.7241861
28.5079280, -80.7239782
28.5101763, -80.7237759
28.5124246, -80.7235791
28.5146729, -80.7233897
28.5169212, -80.7232075
28.5183701, -80.7230925
28.5190195, -80.7230445
28.5201437, -80.7229698
28.5217425, -80.7228685
28.5236661, -80.7227575
28.5259144, -80.7226368
28.5281627, -80.7225311
28.5304110, -80.7224405
28.5326593, -80.7223699
28.5349076, -80.7223193
28.5371559, -80.7222957
28.5394042, -80.7222990
28.5416525, -80.7223384
28.5439008, -80.7224137
28.5461492, -80.7225365
28.5483975, -80.7227068
28.5499492, -80.7228490
28.5508044, -80.7229633
28.5519286, -80.7231131
28.5533217, -80.7232985
28.5551424, -80.7236158
28.5573907, -80.7240650
28.5596390, -80.7246007
28.5618873, -80.7252229
28.5641356, -80.7259541
28.5663839, -80.7267943
28.5679712, -80.7274454
28.5688977, -80.7279075
28.5700218, -80.7284644
28.5713437, -80.7291160
28.5731288, -80.7301539
28.5753771, -80.7315783
28.5768040, -80.7325320
28.5774095, -80.7330151
28.5785337, -80.7339334
28.5801765, -80.7352867
28.5815894, -80.7365662
28.5827726, -80.7377719
28.5838968, -80.7389591
28.5849619, -80.7401276
28.5860296, -80.7414071
28.5870999, -80.7427977
28.5882240, -80.7443511
28.5894021, -80.7460674
28.5902483, -80.7473469
28.5907628, -80.7481897
28.5917036, -80.7498906
28.5930708, -80.7524496
28.5939377, -80.7541164
28.5943043, -80.7548907
28.5948839, -80.7561703
28.5956762, -80.7579550
28.5965622, -80.7601268
28.5975419, -80.7626859
28.5982699, -80.7646499
28.5987462, -80.7660190
28.5991906, -80.7672985
28.5996033, -80.7684885
28.6002050, -80.7703631
28.6009957, -80.7729221
28.6017492, -80.7754812
28.6024654, -80.7780403
28.6029879, -80.7799425
28.6033166, -80.7811880
28.6036603, -80.7824675
28.6040191, -80.7837811
28.6045261, -80.7857174
28.6051814, -80.7882765
28.6058141, -80.7908356
28.6064242, -80.7933946
28.6070225, -80.7959537
28.6076090, -80.7985128
28.6079211, -80.7998759
28.6079587, -80.8000431
28.6082592, -80.8013226
28.6088224, -80.8037145
28.6093924, -80.8061899
28.6099689, -80.8087490
28.6105255, -80.8113081
28.6110620, -80.8138671
28.6115929, -80.8164262
28.6121181, -80.8189852
28.6124040, -80.8203779
28.6124508, -80.8206042
28.6127335, -80.8218838
28.6132521, -80.8242165
28.6137902, -80.8266624
28.6143475, -80.8292215
28.6148851, -80.8317806
28.6154030, -80.8343396
28.6159145, -80.8368987
28.6164199, -80.8394577
28.6167471, -80.8411348
28.6168962, -80.8419297
28.6171495, -80.8432092
28.6175071, -80.8449733
28.6179605, -80.8471349
28.6185096, -80.8496940
28.6190357, -80.8522530
28.6195388, -80.8548121
28.6200345, -80.8573712
28.6205229, -80.8599302
28.6207670, -80.8612098
End:
Color: 75 225 235
Line: 1, 0, "KSC 54-ft Barnes Wind Analysis\nDivergence: 3.0 x 10^-4 s^-1\nCool colors = divergence\nDerived from KSC 54-ft tower winds"
28.5917159, -80.8612098
28.5914906, -80.8599302
28.5910402, -80.8573712
28.5906090, -80.8550519
28.5901971, -80.8529724
28.5899498, -80.8516929
28.5898673, -80.8512133
28.5896275, -80.8496940
28.5892305, -80.8471349
28.5888473, -80.8445759
28.5884779, -80.8420168
28.5881127, -80.8394577
28.5877518, -80.8368987
28.5873222, -80.8343396
28.5868238, -80.8317806
28.5863290, -80.8292215
28.5858378, -80.8266624
28.5855677, -80.8252627
28.5855189, -80.8250223
28.5853024, -80.8237428
28.5849183, -80.8214241
28.5845054, -80.8189852
28.5840637, -80.8164262
28.5836067, -80.8138671
28.5831343, -80.8113081
28.5826325, -80.8087490
28.5821015, -80.8061899
28.5816265, -80.8040672
28.5812074, -80.8023809
28.5809034, -80.8011014
28.5807146, -80.8002286
28.5803228, -80.7985128
28.5797280, -80.7959537
28.5790851, -80.7933946
28.5783943, -80.7908356
28.5776620, -80.7884096
28.5768882, -80.7861167
28.5764597, -80.7848371
28.5763765, -80.7845710
28.5759123, -80.7831584
28.5750672, -80.7805993
28.5741186, -80.7780403
28.5730665, -80.7754812
28.5724065, -80.7739003
28.5721386, -80.7732975
28.5715664, -80.7720180
28.5706898, -80.7700617
28.5696120, -80.7678040
28.5683331, -80.7652450
28.5676472, -80.7638570
28.5675544, -80.7636401
28.5669483, -80.7623605
28.5658287, -80.7600184
28.5647953, -80.7575678
28.5638480, -80.7550087
28.5637332, -80.7524496
28.5644508, -80.7498906
28.5654842, -80.7483849
28.5668334, -80.7479327
28.5686322, -80.7478699
28.5708805, -80.7481966
28.5721148, -80.7484227
28.5723350, -80.7485483
28.5734591, -80.7492476
28.5754872, -80.7505208
28.5771773, -80.7518004
28.5785293, -80.7530862
28.5796535, -80.7541799
28.5805497, -80.7550815
28.5815542, -80.7563610
28.5826670, -80.7580185
28.5837911, -80.7597106
28.5849267, -80.7614371
28.5856938, -80.7627166
28.5860925, -80.7635491
28.5868459, -80.7652450
28.5879542, -80.7678040
28.5888791, -80.7699099
28.5896204, -80.7715626
28.5901422, -80.7728422
28.5904443, -80.7737485
28.5909888, -80.7754812
28.5917754, -80.7780403
28.5925796, -80.7805993
28.5934013, -80.7831584
28.5939810, -80.7849405
28.5943188, -80.7859456
28.5946760, -80.7872251
28.5950526, -80.7887791
28.5955454, -80.7908356
28.5961546, -80.7933946
28.5967822, -80.7959537
28.5974283, -80.7985128
28.5980595, -80.8008932
28.5986760, -80.8030951
28.5990223, -80.8043747
28.5990985, -80.8047318
28.5993993, -80.8061899
28.5999249, -80.8087490
28.6004599, -80.8113081
28.6010044, -80.8138671
28.6015679, -80.8164262
28.6021506, -80.8189852
28.6027017, -80.8213122
28.6032212, -80.8234071
28.6035251, -80.8246866
28.6036135, -80.8251508
28.6039049, -80.8266624
28.6043995, -80.8292215
28.6049055, -80.8317806
28.6054229, -80.8343396
28.6059496, -80.8368987
28.6064856, -80.8394577
28.6070494, -80.8420168
28.6076409, -80.8445759
28.6079469, -80.8458978
28.6079673, -80.8459825
28.6082048, -80.8472621
28.6086594, -80.8497364
28.6091240, -80.8522530
28.6095985, -80.8548121
28.6098357, -80.8560916
End:

; Barnes frame 2026-10-07 02:15Z; stations=22
TimeRange: 2026-10-07T02:15:00 2026-10-07T02:20:00
Color: 255 190 20
Line: 2, 0, "KSC 54-ft Barnes Wind Analysis\nConvergence: 2.0 x 10^-4 s^-1\nWarm colors = convergence\nDerived from KSC 54-ft tower winds"
28.6124741, -80.5022450
28.6122213, -80.5028029
28.6117155, -80.5039186
28.6108653, -80.5057560
28.6096704, -80.5083151
28.6087991, -80.5101417
28.6082514, -80.5112358
28.6076587, -80.5125153
28.6070211, -80.5139803
28.6061146, -80.5159923
28.6049393, -80.5185513
28.6041340, -80.5202857
28.6036986, -80.5211954
28.6031459, -80.5224749
28.6024760, -80.5241243
28.6015973, -80.5262285
28.6005099, -80.5287876
28.5997208, -80.5306324
28.5992298, -80.5317631
28.5987292, -80.5330426
28.5982189, -80.5344710
28.5975559, -80.5364648
28.5967401, -80.5390238
28.5959131, -80.5415829
28.5950749, -80.5441420
28.5946138, -80.5464934
28.5945297, -80.5486371
28.5944825, -80.5499166
28.5944721, -80.5503320
28.5944721, -80.5505526
28.5944825, -80.5505786
28.5956118, -80.5505909
28.5978601, -80.5505896
28.5989967, -80.5505766
28.5990215, -80.5505519
28.6001457, -80.5495524
28.6023692, -80.5475781
28.6037277, -80.5462985
28.6042214, -80.5457138
28.6053456, -80.5444793
28.6071002, -80.5425948
28.6082338, -80.5413153
28.6087464, -80.5406407
28.6098706, -80.5392523
28.6116063, -80.5371503
28.6126366, -80.5358707
28.6129615, -80.5354137
28.6140856, -80.5339218
28.6160090, -80.5313949
28.6169817, -80.5301154
28.6170036, -80.5300832
28.6178885, -80.5287876
28.6196364, -80.5262285
28.6207496, -80.5246306
28.6212281, -80.5239939
28.6220879, -80.5227144
28.6233292, -80.5207920
28.6244533, -80.5191093
28.6254604, -80.5176663
28.6263296, -80.5163867
28.6270608, -80.5152707
28.6281849, -80.5136210
28.6297020, -80.5114375
28.6305786, -80.5101579
28.6308148, -80.5097824
28.6309329, -80.5095946
End:
Color: 255 220 75
Line: 1, 0, "KSC 54-ft Barnes Wind Analysis\nConvergence: 1.0 x 10^-4 s^-1\nWarm colors = convergence\nDerived from KSC 54-ft tower winds"
28.2982872, -80.6273116
28.2992674, -80.6283931
28.3012279, -80.6305561
28.3023840, -80.6318357
28.3027356, -80.6322317
28.3038598, -80.6334675
28.3057564, -80.6355432
28.3069239, -80.6368227
28.3073622, -80.6373061
28.3084864, -80.6385486
28.3102964, -80.6405502
28.3114567, -80.6418297
28.3119673, -80.6423872
28.3130914, -80.6435808
28.3148291, -80.6454104
28.3160367, -80.6466899
28.3167140, -80.6474194
28.3178382, -80.6486205
28.3194091, -80.6502934
28.3206166, -80.6515729
28.3214607, -80.6524591
28.3225849, -80.6536414
28.3239891, -80.6551198
28.3252200, -80.6563993
28.3262776, -80.6574800
28.3274017, -80.6586385
28.3285925, -80.6598747
28.3298591, -80.6611543
28.3312018, -80.6624771
28.3323259, -80.6636001
28.3332316, -80.6645234
28.3345593, -80.6658029
28.3363089, -80.6674387
28.3374331, -80.6685042
28.3379317, -80.6689995
28.3393052, -80.6701614
28.3415535, -80.6719901
28.3430538, -80.6730220
28.3438062, -80.6732572
28.3449304, -80.6736492
28.3464263, -80.6741982
28.3473601, -80.6741982
28.3477320, -80.6736492
28.3478146, -80.6720952
28.3476080, -80.6695361
28.3474221, -80.6680721
28.3472569, -80.6677030
28.3466044, -80.6664234
28.3454648, -80.6642335
28.3443407, -80.6621090
28.3432320, -80.6600501
28.3425281, -80.6587705
28.3422289, -80.6582704
28.3412032, -80.6567408
28.3394509, -80.6541818
28.3384763, -80.6527740
28.3382795, -80.6525175
28.3372736, -80.6512379
28.3354588, -80.6489354
28.3343346, -80.6475216
28.3339012, -80.6469965
28.3328355, -80.6457170
28.3311376, -80.6436830
28.3300134, -80.6423510
28.3294630, -80.6417210
28.3283462, -80.6404414
28.3266629, -80.6385124
28.3255387, -80.6372384
28.3249737, -80.6366195
28.3238149, -80.6353400
28.3220624, -80.6333998
28.3209383, -80.6321674
28.3204425, -80.6316429
28.3192471, -80.6303633
28.3173521, -80.6283288
28.3162280, -80.6271304
28.3158747, -80.6267679
28.3146544, -80.6254884
28.3125672, -80.6232918
28.3114430, -80.6221125
28.3112819, -80.6219506
28.3100772, -80.6207232
28.3078289, -80.6184303
28.3067048, -80.6172838
End:
Color: 255 220 75
Line: 1, 0, "KSC 54-ft Barnes Wind Analysis\nConvergence: 1.0 x 10^-4 s^-1\nWarm colors = convergence\nDerived from KSC 54-ft tower winds"
28.3086412, -80.8422730
28.3090790, -80.8409935
28.3099548, -80.8384344
28.3105948, -80.8365802
28.3109992, -80.8354310
28.3114337, -80.8341514
28.3118983, -80.8327416
28.3126984, -80.8307572
28.3138340, -80.8281982
28.3147258, -80.8259404
28.3153739, -80.8239840
28.3157856, -80.8227044
28.3159608, -80.8221018
28.3164162, -80.8205210
28.3171519, -80.8179619
28.3180872, -80.8154028
28.3192220, -80.8128438
28.3198907, -80.8113174
28.3200933, -80.8108238
28.3205491, -80.8095443
28.3212582, -80.8074788
28.3220548, -80.8051666
28.3229388, -80.8026075
28.3237084, -80.8004957
28.3243636, -80.7988312
28.3248600, -80.7975517
28.3251975, -80.7966571
28.3258623, -80.7949303
28.3268543, -80.7923712
28.3278097, -80.7899743
28.3287284, -80.7877394
28.3292541, -80.7864598
28.3293866, -80.7861357
28.3299826, -80.7846941
28.3310420, -80.7821350
28.3320999, -80.7796948
28.3331563, -80.7773734
28.3337387, -80.7760938
28.3338472, -80.7758562
28.3344464, -80.7744578
28.3355363, -80.7718987
28.3366062, -80.7695038
28.3376561, -80.7672729
28.3382536, -80.7659933
28.3383986, -80.7656652
28.3390416, -80.7642215
28.3401825, -80.7616625
28.3412341, -80.7594099
28.3421965, -80.7574638
28.3428243, -80.7561842
28.3431176, -80.7555713
28.3438680, -80.7539853
28.3450754, -80.7514262
28.3460529, -80.7493937
28.3468005, -80.7478879
28.3474513, -80.7466083
28.3480055, -80.7455551
28.3489485, -80.7437490
28.3502803, -80.7411900
28.3511273, -80.7395519
28.3514897, -80.7388348
28.3522112, -80.7375553
28.3532919, -80.7357133
28.3544161, -80.7337610
28.3555837, -80.7316985
28.3563670, -80.7304189
28.3567660, -80.7299224
28.3578901, -80.7285124
28.3597394, -80.7261889
28.3609295, -80.7249094
28.3614603, -80.7246738
28.3625844, -80.7241760
28.3643019, -80.7234159
28.3658062, -80.7234159
28.3670972, -80.7241760
28.3682214, -80.7247788
28.3691787, -80.7252244
28.3705205, -80.7265039
28.3722470, -80.7286174
28.3733712, -80.7299750
28.3738930, -80.7305768
28.3746766, -80.7318563
28.3757219, -80.7338136
28.3768461, -80.7359879
28.3780490, -80.7383792
28.3786816, -80.7396587
28.3787439, -80.7398265
28.3791822, -80.7411900
28.3799966, -80.7437490
28.3807231, -80.7463081
28.3813617, -80.7488671
28.3819100, -80.7514262
28.3823681, -80.7539853
28.3827346, -80.7564723
28.3830096, -80.7588874
28.3831542, -80.7601669
28.3831684, -80.7603109
28.3832333, -80.7616625
28.3833489, -80.7642215
28.3834070, -80.7667806
28.3834076, -80.7693397
28.3833588, -80.7718987
28.3832604, -80.7744578
28.3831952, -80.7759548
28.3831631, -80.7763899
28.3830660, -80.7776694
28.3829038, -80.7797934
28.3827082, -80.7821350
28.3824791, -80.7846941
28.3822387, -80.7872531
28.3819870, -80.7898122
28.3816719, -80.7923712
28.3812934, -80.7949303
28.3808907, -80.7974894
28.3804638, -80.8000484
28.3800889, -80.8026075
28.3797659, -80.8051666
28.3794489, -80.8077256
28.3791379, -80.8102847
28.3788994, -80.8120491
28.3787335, -80.8130188
28.3785100, -80.8142983
28.3782291, -80.8158877
28.3778536, -80.8179619
28.3773836, -80.8205210
28.3769026, -80.8230800
28.3764104, -80.8256391
28.3759056, -80.8281982
28.3753882, -80.8307572
28.3748856, -80.8329363
28.3743978, -80.8347355
28.3740524, -80.8360150
28.3738495, -80.8367749
28.3735078, -80.8384344
28.3730276, -80.8409935
28.3725210, -80.8435525
28.3719882, -80.8461116
28.3713739, -80.8486707
28.3706784, -80.8512297
28.3701622, -80.8533324
28.3698256, -80.8549786
28.3695703, -80.8562581
28.3693962, -80.8571710
28.3690964, -80.8589069
28.3686709, -80.8614660
28.3681380, -80.8640251
28.3674978, -80.8665841
28.3671777, -80.8678637
End:
Color: 255 220 75
Line: 1, 0, "KSC 54-ft Barnes Wind Analysis\nConvergence: 1.0 x 10^-4 s^-1\nWarm colors = convergence\nDerived from KSC 54-ft tower winds"
28.5989843, -80.4883520
28.5988872, -80.4885445
28.5986931, -80.4889296
28.5979560, -80.4904016
28.5966759, -80.4929607
28.5956488, -80.4950331
28.5948747, -80.4966188
28.5942433, -80.4978983
28.5937546, -80.4988717
28.5928797, -80.5006379
28.5916187, -80.5031969
28.5907390, -80.5049882
28.5902404, -80.5060118
28.5896080, -80.5072913
28.5888418, -80.5088268
28.5878378, -80.5108741
28.5865960, -80.5134332
28.5858549, -80.5149608
28.5856146, -80.5154570
28.5849851, -80.5167365
28.5839662, -80.5187994
28.5828464, -80.5211104
28.5816255, -80.5236695
28.5810108, -80.5249580
28.5810022, -80.5249760
28.5803811, -80.5262555
28.5791475, -80.5287966
28.5780233, -80.5311495
28.5770086, -80.5333143
28.5764070, -80.5345939
28.5762186, -80.5349881
28.5755309, -80.5364648
28.5743439, -80.5390238
28.5733140, -80.5412771
28.5724411, -80.5432247
28.5718629, -80.5445042
28.5715794, -80.5451157
28.5708592, -80.5467010
28.5697024, -80.5492601
28.5687200, -80.5514841
28.5679120, -80.5533729
28.5673626, -80.5546524
28.5670719, -80.5553227
28.5664011, -80.5569373
28.5653503, -80.5594964
28.5643715, -80.5619515
28.5634648, -80.5643028
28.5629707, -80.5655823
28.5628893, -80.5657901
28.5623955, -80.5671736
28.5614894, -80.5697326
28.5606367, -80.5722917
28.5598376, -80.5748507
28.5592072, -80.5770212
28.5587456, -80.5788030
28.5584119, -80.5800825
28.5582062, -80.5808598
28.5578746, -80.5825279
28.5574173, -80.5850870
28.5571029, -80.5876461
28.5569315, -80.5902051
28.5569804, -80.5927642
28.5572496, -80.5953233
28.5576668, -80.5973894
28.5582322, -80.5989627
28.5587940, -80.6002422
28.5593523, -80.6012280
28.5604764, -80.6025060
28.5621664, -80.6040762
28.5641356, -80.6053141
28.5663839, -80.6062197
28.5681677, -80.6067141
28.5694870, -80.6067974
28.5706112, -80.6068647
28.5715402, -80.6069161
28.5721667, -80.6069161
28.5724909, -80.6068647
28.5736150, -80.6066858
28.5755392, -80.6063794
28.5776254, -80.6058500
28.5798737, -80.6050977
28.5821220, -80.6041632
28.5843703, -80.6030467
28.5858010, -80.6022966
28.5864142, -80.6019128
28.5875383, -80.6011965
28.5891735, -80.6001478
28.5909697, -80.5988682
28.5929270, -80.5973579
28.5940511, -80.5964870
28.5943422, -80.5962556
28.5956118, -80.5951469
28.5978601, -80.5931611
28.5991645, -80.5919973
28.5995248, -80.5916556
28.6006489, -80.5905518
28.6025369, -80.5886860
28.6038114, -80.5874065
28.6044724, -80.5867132
28.6055966, -80.5854972
28.6071839, -80.5837585
28.6083539, -80.5824789
28.6091068, -80.5816586
28.6102309, -80.5803922
28.6117264, -80.5786797
28.6128384, -80.5774001
28.6135671, -80.5765536
28.6146912, -80.5752012
28.6162109, -80.5733430
28.6172622, -80.5720635
28.6178451, -80.5713626
28.6189692, -80.5699551
28.6206346, -80.5678411
28.6216481, -80.5665616
28.6220096, -80.5661165
28.6231337, -80.5646639
28.6250205, -80.5622037
28.6260035, -80.5609242
28.6260826, -80.5608253
28.6271003, -80.5594964
28.6290566, -80.5569373
28.6301412, -80.5555110
28.6303541, -80.5552176
28.6313234, -80.5539381
28.6330492, -80.5516724
28.6341734, -80.5501675
28.6346959, -80.5494234
28.6356383, -80.5481438
28.6370007, -80.5463289
28.6381249, -80.5448013
28.6390108, -80.5435610
28.6399653, -80.5422815
28.6409884, -80.5409627
28.6421126, -80.5394619
28.6433378, -80.5377788
28.6442876, -80.5364993
28.6449620, -80.5356233
28.6460861, -80.5340839
28.6476600, -80.5318812
28.6485867, -80.5306017
28.6488661, -80.5302453
28.6499394, -80.5287876
28.6518066, -80.5262285
28.6527911, -80.5248755
28.6528928, -80.5247284
28.6538593, -80.5234489
28.6556908, -80.5210369
28.6566065, -80.5198309
End:
Color: 255 220 75
Line: 1, 0, "KSC 54-ft Barnes Wind Analysis\nConvergence: 1.0 x 10^-4 s^-1\nWarm colors = convergence\nDerived from KSC 54-ft tower winds"
28.6855937, -80.5505396
28.6853002, -80.5516567
28.6847133, -80.5538910
28.6843832, -80.5551705
28.6843099, -80.5554953
28.6839745, -80.5569373
28.6833770, -80.5594964
28.6827698, -80.5620554
28.6821530, -80.5646145
28.6815193, -80.5671736
28.6808687, -80.5697326
28.6803884, -80.5715873
28.6800783, -80.5727377
28.6797583, -80.5740172
28.6794285, -80.5754259
28.6789608, -80.5774098
28.6783554, -80.5799689
28.6777449, -80.5825279
28.6771294, -80.5850870
28.6765052, -80.5876461
28.6758724, -80.5902051
28.6755237, -80.5916127
28.6754590, -80.5918689
28.6751722, -80.5931484
28.6746632, -80.5954513
28.6741312, -80.5978823
28.6735761, -80.6004414
28.6730255, -80.6030005
28.6724793, -80.6055595
28.6719377, -80.6081186
28.6714005, -80.6106777
28.6710814, -80.6122036
28.6709805, -80.6126964
28.6707388, -80.6139759
28.6703564, -80.6160422
28.6699426, -80.6183548
28.6694973, -80.6209139
28.6690676, -80.6234730
28.6686535, -80.6260320
28.6682568, -80.6285911
28.6678773, -80.6311502
28.6675173, -80.6337092
28.6671769, -80.6362683
28.6668633, -80.6387879
28.6665767, -80.6412680
28.6664291, -80.6425476
28.6664205, -80.6426265
28.6663018, -80.6439455
28.6660729, -80.6465046
28.6658720, -80.6490636
28.6656990, -80.6516227
28.6655566, -80.6541818
28.6654447, -80.6567408
28.6653664, -80.6592999
28.6653216, -80.6618589
28.6653140, -80.6644180
28.6653434, -80.6669771
28.6654131, -80.6695361
28.6655230, -80.6720952
28.6656812, -80.6746543
28.6658875, -80.6772133
28.6661013, -80.6794745
28.6663227, -80.6814378
28.6664706, -80.6827173
28.6665450, -80.6833131
28.6668049, -80.6848905
28.6672505, -80.6874496
28.6677751, -80.6900087
28.6683785, -80.6925677
28.6690621, -80.6951268
28.6698258, -80.6976859
28.6703883, -80.6994862
28.6707494, -80.7005280
28.6712407, -80.7018075
28.6718620, -80.7033248
28.6727856, -80.7053630
28.6740115, -80.7079221
28.6748250, -80.7095759
28.6752261, -80.7103246
28.6760370, -80.7116041
28.6772576, -80.7134145
28.6783818, -80.7150313
28.6794094, -80.7164544
28.6804659, -80.7177339
28.6815511, -80.7188699
28.6826753, -80.7199936
28.6838383, -80.7211050
28.6855440, -80.7223694
28.6877923, -80.7237870
28.6889523, -80.7245109
28.6890240, -80.7245410
28.6901482, -80.7250100
28.6923248, -80.7259180
28.6945372, -80.7266020
28.6967855, -80.7270621
28.6990338, -80.7273373
28.7012821, -80.7274277
28.7035304, -80.7273765
28.7057787, -80.7271838
28.7080270, -80.7268996
28.7102753, -80.7265239
28.7125236, -80.7261212
28.7147720, -80.7256915
28.7167684, -80.7252465
28.7185128, -80.7247862
28.7196370, -80.7244892
28.7201408, -80.7243556
28.7215169, -80.7239545
28.7237652, -80.7232858
28.7260135, -80.7226269
28.7282618, -80.7219778
28.7305101, -80.7213446
28.7327584, -80.7207272
28.7348091, -80.7201734
28.7366621, -80.7196831
28.7377863, -80.7193822
28.7381815, -80.7192707
28.7395033, -80.7189130
28.7417516, -80.7183092
28.7439999, -80.7177205
28.7462482, -80.7171471
28.7484965, -80.7166715
28.7507448, -80.7162936
28.7529931, -80.7158301
28.7552414, -80.7152810
28.7569319, -80.7148347
28.7580646, -80.7144914
28.7591887, -80.7141382
28.7603044, -80.7137751
28.7619863, -80.7133506
28.7642346, -80.7128646
28.7664829, -80.7123775
28.7687312, -80.7118890
28.7709796, -80.7114057
28.7732279, -80.7109274
28.7754762, -80.7104641
28.7777245, -80.7100156
28.7796182, -80.7096439
28.7811572, -80.7093491
28.7822814, -80.7091187
28.7829906, -80.7089527
28.7844694, -80.7086170
28.7867177, -80.7081114
28.7889660, -80.7076158
28.7912143, -80.7071303
28.7934626, -80.7066542
28.7957109, -80.7061875
28.7979592, -80.7057297
28.8002075, -80.7052808
28.8024558, -80.7048402
28.8047041, -80.7044081
28.8058283, -80.7041920
End:
Color: 255 220 75
Line: 1, 0, "KSC 54-ft Barnes Wind Analysis\nConvergence: 1.0 x 10^-4 s^-1\nWarm colors = convergence\nDerived from KSC 54-ft tower winds"
28.7113995, -80.5515005
28.7112187, -80.5525398
28.7108570, -80.5546184
28.7104762, -80.5569373
28.7100763, -80.5594964
28.7097312, -80.5620554
28.7094407, -80.5646145
28.7091814, -80.5671736
28.7089532, -80.5697326
28.7087564, -80.5722917
28.7085909, -80.5748507
28.7084530, -80.5774098
28.7083428, -80.5799689
28.7082603, -80.5825279
28.7082054, -80.5850870
28.7082114, -80.5876461
28.7082783, -80.5902051
28.7083875, -80.5927642
28.7085388, -80.5953233
28.7087297, -80.5978823
28.7089603, -80.6004414
28.7092356, -80.6030005
28.7095557, -80.6055595
28.7099555, -80.6081186
28.7104350, -80.6106777
28.7108559, -80.6127059
28.7112183, -80.6142032
28.7115335, -80.6154828
28.7118014, -80.6165445
28.7123253, -80.6183548
28.7131051, -80.6209139
28.7139701, -80.6234730
28.7149202, -80.6260320
28.7155205, -80.6276006
28.7157709, -80.6281787
28.7163977, -80.6294582
28.7174009, -80.6314392
28.7185250, -80.6335014
28.7197702, -80.6356449
28.7205308, -80.6369244
28.7208071, -80.6373400
28.7218858, -80.6388274
28.7237670, -80.6413864
28.7247530, -80.6427232
28.7248439, -80.6428378
28.7260135, -80.6441138
28.7282618, -80.6465513
28.7293897, -80.6477736
28.7293973, -80.6477806
28.7305214, -80.6487758
28.7327622, -80.6507593
28.7342660, -80.6520388
28.7350328, -80.6526144
28.7361570, -80.6534491
28.7376384, -80.6545428
28.7395033, -80.6557899
28.7417516, -80.6571905
28.7429447, -80.6579232
28.7430827, -80.6579880
28.7442068, -80.6585336
28.7463172, -80.6595602
28.7484965, -80.6605940
28.7507448, -80.6616351
28.7524055, -80.6624014
28.7534784, -80.6628928
28.7546026, -80.6634225
28.7557779, -80.6639906
28.7574897, -80.6646724
28.7597380, -80.6654677
28.7619863, -80.6662182
28.7642346, -80.6669238
28.7664829, -80.6674343
28.7687312, -80.6677496
28.7703021, -80.6679946
28.7711955, -80.6681693
28.7723197, -80.6684297
28.7736746, -80.6687760
28.7754762, -80.6694147
28.7777245, -80.6703458
28.7799728, -80.6710354
28.7822211, -80.6714834
28.7844694, -80.6719089
28.7867177, -80.6723118
28.7889660, -80.6726960
28.7912143, -80.6730615
28.7925580, -80.6732769
28.7929971, -80.6733421
28.7941213, -80.6735437
28.7959305, -80.6738815
28.7979592, -80.6742450
28.8002075, -80.6746342
28.8024558, -80.6750109
28.8047041, -80.6753749
28.8058283, -80.6755569
End:
Color: 245 245 245
Line: 2, 0, "KSC 54-ft Barnes Wind Analysis\nZero divergence contour\nDerived from KSC 54-ft tower winds"
28.3156980, -80.5918054
28.3168221, -80.5928748
28.3190704, -80.5950138
28.3203268, -80.5962131
28.3205913, -80.5964729
28.3217154, -80.5975522
28.3236993, -80.5994509
28.3250252, -80.6007304
28.3256931, -80.6013908
28.3268172, -80.6024934
28.3283976, -80.6040385
28.3296925, -80.6053180
28.3307020, -80.6063320
28.3318262, -80.6074578
28.3330650, -80.6086953
28.3343298, -80.6099749
28.3356205, -80.6112964
28.3367446, -80.6124473
28.3377022, -80.6134276
28.3389345, -80.6147071
28.3404414, -80.6162859
28.3415656, -80.6174657
28.3423069, -80.6182466
28.3435018, -80.6195261
28.3451502, -80.6213043
28.3462743, -80.6225208
28.3468743, -80.6231756
28.3480268, -80.6244552
28.3497318, -80.6263594
28.3508560, -80.6276208
28.3513992, -80.6282393
28.3525035, -80.6295189
28.3541688, -80.6314594
28.3552929, -80.6327777
28.3558759, -80.6334737
28.3569256, -80.6347533
28.3584418, -80.6366163
28.3595660, -80.6380181
28.3602980, -80.6389587
28.3612771, -80.6402382
28.3625032, -80.6418567
28.3636274, -80.6433840
28.3646496, -80.6448202
28.3655466, -80.6460997
28.3663184, -80.6472226
28.3674426, -80.6489567
28.3689191, -80.6513019
28.3697222, -80.6525815
28.3698521, -80.6527953
28.3706440, -80.6541818
28.3720980, -80.6567408
28.3731572, -80.6586861
28.3738217, -80.6600176
28.3744473, -80.6612971
28.3750342, -80.6625247
28.3758581, -80.6644180
28.3769191, -80.6669771
28.3777498, -80.6691077
28.3783503, -80.6708099
28.3787938, -80.6720894
28.3790804, -80.6729463
28.3795952, -80.6746543
28.3803383, -80.6772133
28.3810195, -80.6797724
28.3816389, -80.6823315
28.3822275, -80.6848905
28.3827851, -80.6874496
28.3830848, -80.6888220
28.3831263, -80.6890078
28.3833949, -80.6902873
28.3838906, -80.6926606
28.3844238, -80.6951268
28.3849944, -80.6976859
28.3856128, -80.7002449
28.3862789, -80.7028040
28.3868699, -80.7049009
28.3873858, -80.7065357
28.3877830, -80.7078153
28.3880617, -80.7087395
28.3886546, -80.7104812
28.3895619, -80.7130402
28.3905401, -80.7155993
28.3915893, -80.7181584
28.3921205, -80.7194530
28.3921337, -80.7194831
28.3926976, -80.7207626
28.3938123, -80.7232916
28.3949364, -80.7257831
28.3960701, -80.7282371
28.3966626, -80.7295167
28.3967139, -80.7296217
28.3973362, -80.7309537
28.3985294, -80.7335128
28.3996280, -80.7359168
28.4006317, -80.7381658
28.4012094, -80.7394454
28.4013610, -80.7397554
28.4019892, -80.7411900
28.4030941, -80.7437490
28.4041424, -80.7462939
28.4051342, -80.7488246
28.4056364, -80.7501042
28.4056489, -80.7501325
28.4061225, -80.7514262
28.4070572, -80.7539853
28.4079308, -80.7565443
28.4087434, -80.7591034
28.4093939, -80.7612952
28.4098825, -80.7631198
28.4102406, -80.7643994
28.4104683, -80.7651338
28.4109039, -80.7667806
28.4115476, -80.7693397
28.4121510, -80.7718987
28.4127142, -80.7744578
28.4132491, -80.7770169
28.4137558, -80.7795759
28.4141628, -80.7817682
28.4144698, -80.7835936
28.4146934, -80.7848731
28.4148335, -80.7856068
28.4151271, -80.7872531
28.4155744, -80.7898122
28.4160064, -80.7923712
28.4164230, -80.7949303
28.4168259, -80.7974894
28.4172151, -80.8000484
28.4175793, -80.8026075
28.4179185, -80.8051666
28.4182463, -80.8077256
28.4185626, -80.8102847
28.4188206, -80.8123776
28.4190202, -80.8140042
28.4191843, -80.8152837
28.4193129, -80.8162162
28.4196494, -80.8179619
28.4201937, -80.8205210
28.4205492, -80.8230800
28.4207159, -80.8256391
28.4210951, -80.8281982
28.4216868, -80.8307572
28.4223912, -80.8331763
28.4232081, -80.8354555
28.4236737, -80.8367350
28.4237879, -80.8370149
28.4239641, -80.8384344
28.4242024, -80.8409935
28.4244026, -80.8435525
28.4245647, -80.8461116
28.4249301, -80.8486707
28.4254987, -80.8512297
28.4260713, -80.8537888
28.4266477, -80.8563479
28.4272302, -80.8584914
28.4278189, -80.8602193
28.4282606, -80.8614988
28.4285555, -80.8623300
28.4291406, -80.8640251
28.4300159, -80.8665841
28.4305070, -80.8691432
28.4306139, -80.8717023
28.4306673, -80.8729818
End:
Color: 245 245 245
Line: 2, 0, "KSC 54-ft Barnes Wind Analysis\nZero divergence contour\nDerived from KSC 54-ft tower winds"
28.5789993, -80.4686496
28.5784445, -80.4699291
28.5773348, -80.4724882
28.5767103, -80.4739248
28.5765709, -80.4742391
28.5759996, -80.4755187
28.5749963, -80.4777634
28.5739462, -80.4801654
28.5728492, -80.4827244
28.5722267, -80.4841846
28.5720787, -80.4845460
28.5715390, -80.4858255
28.5706078, -80.4880232
28.5696225, -80.4904016
28.5685832, -80.4929607
28.5679246, -80.4945799
28.5676469, -80.4952593
28.5671120, -80.4965388
28.5663200, -80.4984185
28.5654061, -80.5006379
28.5643706, -80.5031969
28.5636425, -80.5050063
28.5632218, -80.5060660
28.5627058, -80.5073456
28.5620947, -80.5088449
28.5612816, -80.5108741
28.5602665, -80.5134332
28.5594479, -80.5155238
28.5588259, -80.5171460
28.5583311, -80.5184256
28.5579636, -80.5193624
28.5572947, -80.5211104
28.5563244, -80.5236695
28.5553840, -80.5262171
28.5544735, -80.5287532
28.5540139, -80.5300327
28.5540052, -80.5300557
28.5534931, -80.5313466
28.5524776, -80.5339057
28.5515069, -80.5364648
28.5505809, -80.5390238
28.5499688, -80.5407172
28.5496707, -80.5415449
28.5492024, -80.5428244
28.5485640, -80.5445558
28.5477843, -80.5467010
28.5468633, -80.5492601
28.5460583, -80.5515286
28.5453694, -80.5535064
28.5449206, -80.5547860
28.5447119, -80.5553672
28.5441441, -80.5569373
28.5432173, -80.5594964
28.5423080, -80.5620554
28.5414161, -80.5646145
28.5408597, -80.5662095
28.5406388, -80.5668404
28.5401708, -80.5681199
28.5394557, -80.5700481
28.5386311, -80.5722917
28.5376971, -80.5748507
28.5369306, -80.5769606
28.5363314, -80.5786212
28.5358531, -80.5799007
28.5354956, -80.5807992
28.5348034, -80.5825279
28.5337764, -80.5850870
28.5328309, -80.5874335
28.5319671, -80.5895674
28.5314333, -80.5908470
28.5312294, -80.5912721
28.5305008, -80.5927642
28.5292474, -80.5953233
28.5282251, -80.5973745
28.5274341, -80.5989180
28.5266862, -80.6001975
28.5259814, -80.6012131
28.5248572, -80.6027420
28.5233137, -80.6047842
28.5222323, -80.6060637
28.5216128, -80.6065806
28.5204887, -80.6074662
28.5188598, -80.6087204
28.5169212, -80.6097767
28.5146729, -80.6106351
28.5124246, -80.6112625
28.5101763, -80.6116588
28.5087806, -80.6118820
28.5082374, -80.6119321
28.5071133, -80.6120338
28.5054081, -80.6121869
28.5034314, -80.6123324
28.5011831, -80.6124703
28.4989348, -80.6126235
28.4966865, -80.6127919
28.4944382, -80.6130082
28.4921899, -80.6132724
28.4899416, -80.6136083
28.4876932, -80.6140160
28.4854449, -80.6145160
28.4831966, -80.6151083
28.4809483, -80.6158148
28.4787000, -80.6166353
28.4775597, -80.6170530
28.4775273, -80.6170679
28.4764031, -80.6176253
28.4741872, -80.6187252
28.4719551, -80.6199999
28.4697068, -80.6214495
28.4685763, -80.6221790
28.4685637, -80.6221886
28.4674395, -80.6232000
28.4652039, -80.6252131
28.4638294, -80.6264927
28.4633162, -80.6270386
28.4621920, -80.6285495
28.4604570, -80.6310252
28.4595636, -80.6323048
28.4595119, -80.6323881
28.4589653, -80.6337092
28.4579238, -80.6362683
28.4571865, -80.6388274
28.4567533, -80.6413864
28.4565838, -80.6439455
28.4566783, -80.6465046
28.4570070, -80.6490636
28.4575702, -80.6516227
28.4582862, -80.6540452
28.4591550, -80.6563313
28.4596455, -80.6576108
28.4597576, -80.6578838
28.4605295, -80.6592999
28.4619612, -80.6618589
28.4630293, -80.6636608
28.4637338, -80.6647055
28.4646833, -80.6659850
28.4658777, -80.6674994
28.4670018, -80.6688603
28.4680557, -80.6700676
28.4693161, -80.6713472
28.4707829, -80.6726989
28.4719070, -80.6737209
28.4726885, -80.6744133
28.4742034, -80.6755119
28.4764517, -80.6770167
28.4779774, -80.6779501
28.4787806, -80.6783119
28.4799047, -80.6788285
28.4813499, -80.6794998
28.4831966, -80.6801248
28.4854449, -80.6807034
28.4876932, -80.6810521
28.4899416, -80.6811708
28.4921899, -80.6810461
28.4944382, -80.6806780
28.4966865, -80.6800367
28.4989348, -80.6791221
28.5001273, -80.6786218
28.5002640, -80.6785359
28.5013881, -80.6777817
28.5034997, -80.6763595
28.5051562, -80.6750800
28.5063575, -80.6739431
28.5074817, -80.6728367
28.5085286, -80.6717606
28.5096404, -80.6704811
28.5108168, -80.6689981
28.5119410, -80.6675223
28.5130128, -80.6660538
28.5139065, -80.6647743
28.5146220, -80.6636837
28.5157461, -80.6618983
28.5172789, -80.6594181
28.5180693, -80.6581385
28.5181171, -80.6580597
28.5189122, -80.6567408
28.5204546, -80.6541818
28.5215549, -80.6523551
28.5222129, -80.6512609
28.5230472, -80.6499814
28.5240576, -80.6485165
28.5251818, -80.6469528
28.5264196, -80.6452902
28.5274930, -80.6440107
28.5284017, -80.6431142
28.5295259, -80.6420921
28.5308654, -80.6409445
28.5326593, -80.6398515
28.5349076, -80.6388131
28.5371300, -80.6381074
28.5393264, -80.6377343
28.5404505, -80.6375442
28.5405024, -80.6375368
28.5407014, -80.6375368
28.5410473, -80.6375442
28.5421715, -80.6375670
28.5440738, -80.6376054
28.5461492, -80.6377945
28.5483975, -80.6381342
28.5506458, -80.6385818
28.5528941, -80.6391374
28.5551424, -80.6397783
28.5573907, -80.6405044
28.5596390, -80.6413029
28.5618873, -80.6421737
28.5630450, -80.6426233
28.5631123, -80.6426517
28.5642364, -80.6432407
28.5664175, -80.6443901
28.5686322, -80.6456295
28.5708805, -80.6469589
28.5720714, -80.6476637
28.5722048, -80.6477440
28.5733289, -80.6486094
28.5754438, -80.6502601
28.5770797, -80.6515397
28.5782366, -80.6524480
28.5793607, -80.6534552
28.5804522, -80.6545611
28.5817250, -80.6558406
28.5831792, -80.6572938
28.5843034, -80.6585233
28.5850974, -80.6595292
28.5861590, -80.6608087
28.5874880, -80.6623619
28.5886122, -80.6638010
28.5895314, -80.6651262
28.5904496, -80.6664057
28.5913668, -80.6676396
28.5924909, -80.6693336
28.5938221, -80.6714876
28.5946223, -80.6727672
28.5948914, -80.6731722
28.5957641, -80.6746543
28.5972404, -80.6772133
28.5982300, -80.6789914
28.5987329, -80.6799884
28.5993974, -80.6812680
28.6002237, -80.6828300
28.6012305, -80.6848905
28.6024177, -80.6874496
28.6031287, -80.6890096
28.6033635, -80.6895707
28.6038996, -80.6908502
28.6047371, -80.6928482
28.6056221, -80.6951268
28.6065546, -80.6976859
28.6072600, -80.6997255
28.6077383, -80.7012457
28.6081336, -80.7025252
28.6084459, -80.7035641
28.6089291, -80.7053630
28.6095832, -80.7079221
28.6101687, -80.7104812
28.6106855, -80.7130402
28.6111352, -80.7155993
28.6115178, -80.7181584
28.6118365, -80.7207174
28.6120915, -80.7232765
28.6122827, -80.7257415
28.6124103, -80.7281124
28.6124791, -80.7293920
28.6124892, -80.7295801
28.6125113, -80.7309537
28.6125455, -80.7335128
28.6125405, -80.7357444
28.6124962, -80.7376485
28.6124668, -80.7389280
28.6124522, -80.7395830
28.6123780, -80.7411900
28.6122442, -80.7437490
28.6120747, -80.7463081
28.6118695, -80.7488671
28.6116202, -80.7514262
28.6113268, -80.7539853
28.6110564, -80.7565443
28.6108091, -80.7591034
28.6105393, -80.7616625
28.6102469, -80.7642215
28.6099262, -80.7667806
28.6095774, -80.7693397
28.6092049, -80.7718987
28.6088090, -80.7744578
28.6084526, -80.7769034
28.6081359, -80.7792356
28.6079631, -80.7805152
28.6079344, -80.7807420
28.6077949, -80.7821350
28.6075446, -80.7846941
28.6072793, -80.7872531
28.6069988, -80.7898122
28.6067236, -80.7923712
28.6064539, -80.7949303
28.6061964, -80.7974894
28.6059513, -80.8000484
28.6057198, -80.8026075
28.6055020, -80.8051666
28.6053045, -80.8077256
28.6051274, -80.8102847
28.6049859, -80.8128438
28.6048800, -80.8154028
28.6046839, -80.8179619
28.6043977, -80.8205210
28.6040611, -80.8226347
28.6036743, -80.8243032
28.6033724, -80.8255827
28.6031553, -80.8264733
28.6031553, -80.8272202
28.6033724, -80.8278234
28.6038205, -80.8291029
28.6044997, -80.8310588
28.6046797, -80.8333163
28.6043607, -80.8358753
28.6041778, -80.8384344
28.6041310, -80.8409935
28.6039510, -80.8431426
28.6036376, -80.8448819
28.6034122, -80.8461614
28.6032747, -80.8469812
28.6032747, -80.8483508
28.6034122, -80.8502700
28.6035067, -80.8515495
28.6035584, -80.8521893
28.6035842, -80.8525093
End:
Color: 155 240 235
Line: 1, 0, "KSC 54-ft Barnes Wind Analysis\nDivergence: 1.0 x 10^-4 s^-1\nCool colors = divergence\nDerived from KSC 54-ft tower winds"
28.4843834, -80.8371549
28.4839206, -80.8358753
28.4829948, -80.8333163
28.4824171, -80.8317268
28.4821873, -80.8311069
28.4816854, -80.8298274
28.4809112, -80.8278882
28.4800226, -80.8256391
28.4790198, -80.8230800
28.4782827, -80.8212163
28.4778115, -80.8200480
28.4772748, -80.8187685
28.4766728, -80.8173777
28.4758289, -80.8154028
28.4747432, -80.8128438
28.4739201, -80.8108984
28.4733595, -80.8095668
28.4728039, -80.8082873
28.4722531, -80.8070598
28.4713885, -80.8051666
28.4702103, -80.8026075
28.4693615, -80.8007765
28.4688423, -80.7996737
28.4682185, -80.7983942
28.4674903, -80.7969380
28.4664794, -80.7949303
28.4651859, -80.7923712
28.4644259, -80.7908767
28.4641993, -80.7904467
28.4634948, -80.7891671
28.4623123, -80.7870381
28.4611881, -80.7850335
28.4601223, -80.7831534
28.4593899, -80.7818739
28.4589908, -80.7811949
28.4579994, -80.7795759
28.4564158, -80.7770169
28.4554912, -80.7755346
28.4552256, -80.7751292
28.4543663, -80.7738496
28.4529131, -80.7716960
28.4517890, -80.7700617
28.4509938, -80.7689468
28.4500691, -80.7676673
28.4490148, -80.7662231
28.4478906, -80.7647341
28.4466966, -80.7632000
28.4456977, -80.7619205
28.4448939, -80.7608955
28.4437697, -80.7595254
28.4423253, -80.7578104
28.4412508, -80.7565308
28.4405465, -80.7556868
28.4394223, -80.7544072
28.4378784, -80.7526920
28.4367371, -80.7514125
28.4359985, -80.7505686
28.4348743, -80.7493467
28.4333646, -80.7477468
28.4321787, -80.7464673
28.4313164, -80.7455081
28.4301922, -80.7443083
28.4288062, -80.7428678
28.4276111, -80.7415883
28.4266068, -80.7404697
28.4254826, -80.7392525
28.4242386, -80.7379366
28.4230788, -80.7366571
28.4220033, -80.7354139
28.4208791, -80.7341307
28.4197064, -80.7328076
28.4186264, -80.7315281
28.4176392, -80.7302921
28.4165151, -80.7288722
28.4152539, -80.7272681
28.4142870, -80.7259886
28.4136143, -80.7250336
28.4124902, -80.7233586
28.4109146, -80.7209636
28.4100784, -80.7196841
28.4099818, -80.7195200
28.4092877, -80.7181584
28.4079964, -80.7155993
28.4069205, -80.7132516
28.4060603, -80.7111154
28.4055524, -80.7098358
28.4053968, -80.7094130
28.4050166, -80.7079221
28.4044118, -80.7053630
28.4039744, -80.7028040
28.4037043, -80.7002449
28.4036130, -80.6976859
28.4037003, -80.6951268
28.4039693, -80.6925677
28.4044197, -80.6900087
28.4048913, -80.6879031
28.4053839, -80.6862510
28.4058359, -80.6849715
28.4062473, -80.6840645
28.4072135, -80.6823315
28.4087344, -80.6797724
28.4096528, -80.6782586
28.4099688, -80.6777902
28.4112509, -80.6766439
28.4134992, -80.6748197
28.4150895, -80.6737744
28.4160218, -80.6735079
28.4171459, -80.6731832
28.4184620, -80.6728001
28.4202441, -80.6727501
28.4224924, -80.6730333
28.4237171, -80.6732248
28.4239182, -80.6733248
28.4250424, -80.6738145
28.4270896, -80.6746940
28.4292373, -80.6759406
28.4314856, -80.6775545
28.4326432, -80.6783943
28.4327099, -80.6784600
28.4338341, -80.6794762
28.4360156, -80.6814429
28.4373733, -80.6827225
28.4379070, -80.6833148
28.4390311, -80.6845045
28.4407457, -80.6862914
28.4419267, -80.6875709
28.4425739, -80.6883431
28.4436981, -80.6896422
28.4452991, -80.6914682
28.4463951, -80.6927477
28.4469859, -80.6934808
28.4481101, -80.6948449
28.4497675, -80.6968402
28.4508230, -80.6981197
28.4512765, -80.6986835
28.4524007, -80.7000607
28.4541955, -80.7022512
28.4552440, -80.7035307
28.4555463, -80.7038992
28.4566705, -80.7052659
28.4586165, -80.7076307
28.4596703, -80.7089103
28.4598320, -80.7091045
28.4609561, -80.7104695
28.4630427, -80.7130053
28.4640959, -80.7142849
28.4641155, -80.7143081
28.4651803, -80.7155993
28.4672902, -80.7181584
28.4684045, -80.7195118
28.4685233, -80.7196597
28.4695670, -80.7209392
28.4715357, -80.7233504
28.4726599, -80.7247340
28.4729395, -80.7250899
28.4739585, -80.7263694
28.4757171, -80.7285726
28.4768412, -80.7299966
28.4773310, -80.7306414
28.4783149, -80.7319209
28.4797929, -80.7338352
28.4809171, -80.7353216
28.4816873, -80.7363803
28.4826296, -80.7376598
28.4837439, -80.7391602
28.4848681, -80.7407277
28.4860021, -80.7423623
28.4868993, -80.7436418
28.4875598, -80.7445663
28.4886839, -80.7462275
28.4902718, -80.7486255
28.4911214, -80.7499050
28.4912327, -80.7500661
28.4921262, -80.7514262
28.4938018, -80.7539853
28.4948703, -80.7556394
28.4953316, -80.7563887
28.4961456, -80.7576682
28.4973122, -80.7594780
28.4984363, -80.7612883
28.4995181, -80.7630989
28.5002977, -80.7643784
28.5007752, -80.7651269
28.5017785, -80.7667806
28.5033076, -80.7693397
28.5041930, -80.7708292
28.5044347, -80.7712492
28.5052184, -80.7725287
28.5065441, -80.7746678
28.5076682, -80.7765401
28.5085908, -80.7781455
28.5093559, -80.7794251
28.5099633, -80.7803787
28.5110287, -80.7821350
28.5125519, -80.7846941
28.5133723, -80.7860745
28.5134899, -80.7862763
28.5143320, -80.7875558
28.5158987, -80.7899131
28.5170228, -80.7916344
28.5177045, -80.7927197
28.5186117, -80.7939993
28.5197443, -80.7954730
28.5208685, -80.7969605
28.5219841, -80.7984617
28.5230920, -80.7997412
28.5241920, -80.8007990
28.5253161, -80.8018727
28.5264644, -80.8029622
28.5281627, -80.8040580
28.5304110, -80.8051601
28.5326593, -80.8056763
28.5349076, -80.8056064
28.5371559, -80.8050621
28.5394042, -80.8040434
28.5414461, -80.8029826
28.5432815, -80.8018795
28.5444057, -80.8011883
28.5448186, -80.8009088
28.5461492, -80.8003035
28.5483975, -80.7993722
28.5504205, -80.7995119
28.5522182, -80.8007226
28.5533424, -80.8017206
28.5537929, -80.8025058
28.5541516, -80.8037853
28.5544183, -80.8055592
28.5546214, -80.8077256
28.5547610, -80.8102847
28.5548308, -80.8115642
End:
